revent 80 cfm	B000MOO21W	0	0
revent 80 cfm	B07X3Y6B1V	3	0
revent 80 cfm	B07WDM7MQQ	3	0
revent 80 cfm	B07RH6Z8KW	3	0
revent 80 cfm	B07QJ7WYFQ	3	0
revent 80 cfm	B076Q7V5WX	3	0
revent 80 cfm	B075ZBF9HG	3	0
revent 80 cfm	B06W2LB17J	3	0
revent 80 cfm	B07JY1PQNT	3	0
revent 80 cfm	B01MZIK0PI	3	0
revent 80 cfm	B011RX6PNO	0	0
revent 80 cfm	B00XBZFWWM	3	0
revent 80 cfm	B00MARNO5Y	3	0
revent 80 cfm	B003O0MNGC	3	0
revent 80 cfm	B001E6DMKY	3	0
revent 80 cfm	B01N5Y6002	3	0
!awnmower tires without rims	B075SCHMPY	0	1
!awnmower tires without rims	B08L3B9B9P	3	1
!awnmower tires without rims	B082K7V2GZ	0	1
!awnmower tires without rims	B07P4CF3DP	2	1
!awnmower tires without rims	B07C1WZG12	3	1
!awnmower tires without rims	B077QMNXTS	3	1
!awnmower tires without rims	B01M3SJ699	1	1
!awnmower tires without rims	B06XX6BM2R	3	1
!awnmower tires without rims	B01DBGLLUC	2	1
!awnmower tires without rims	B00N16T5D8	0	1
!awnmower tires without rims	B0089RNSNM	3	1
!awnmower tires without rims	B0089RA0HY	2	1
!awnmower tires without rims	B005O5Y3QI	3	1
!awnmower tires without rims	B0018TWDOI	3	1
!awnmower tires without rims	B00004RA3F	0	1
!awnmower tires without rims	B01H3KC5U2	0	1
!qscreen fence without holes	B07D7TBSGH	0	2
!qscreen fence without holes	B07DHT2WZK	0	2
!qscreen fence without holes	B07DHX8YH2	3	2
!qscreen fence without holes	B07DS1YCRZ	2	2
!qscreen fence without holes	B07DS3J3MB	2	2
!qscreen fence without holes	B07L41H13T	0	2
!qscreen fence without holes	B07L6W8HBL	0	2
!qscreen fence without holes	B07MFP4PPQ	3	2
!qscreen fence without holes	B07S7LGN9S	0	2
!qscreen fence without holes	B07R3TNQDM	3	2
!qscreen fence without holes	B07R6P8TK8	3	2
!qscreen fence without holes	B07TVHBMZS	0	2
!qscreen fence without holes	B07XG17SPY	0	2
!qscreen fence without holes	B08NG85RHL	3	2
!qscreen fence without holes	B08TBSXMTF	0	2
!qscreen fence without holes	B0948KVQW3	0	2
!qscreen fence without holes	B078TL7LJ2	0	2
!qscreen fence without holes	B07QC4X29H	0	2
!qscreen fence without holes	B078RHZTVK	0	2
!qscreen fence without holes	B01EYHHO2G	3	2
!qscreen fence without holes	B072M34RQC	0	2
!qscreen fence without holes	B077Z8Z8D8	3	2
!qscreen fence without holes	B000HMCA7W	0	2
!qscreen fence without holes	B0019Y6TTC	3	2
!qscreen fence without holes	B001OJXVKW	3	2
!qscreen fence without holes	B0030E1WLE	0	2
!qscreen fence without holes	B003VNKLIY	0	2
!qscreen fence without holes	B0079GH86C	0	2
!qscreen fence without holes	B00JNTYX3Y	0	2
!qscreen fence without holes	B0079GH6J6	1	2
!qscreen fence without holes	B018JYCD80	3	2
!qscreen fence without holes	B018JYCD9Y	2	2
!qscreen fence without holes	B01ESSA9VO	0	2
!qscreen fence without holes	B01JLK7L56	0	2
!qscreen fence without holes	B01N4AMZ8Y	2	2
!qscreen fence without holes	B06XTWZ857	0	2
!qscreen fence without holes	B071HW515B	0	2
!qscreen fence without holes	B018JYCBWI	0	2
10 self-seal envelopes without window	B07RP3F2LW	3	3
10 self-seal envelopes without window	B07FK9PCZB	3	3
10 self-seal envelopes without window	B07FMDV5LR	2	3
10 self-seal envelopes without window	B07GJCSF8Z	3	3
10 self-seal envelopes without window	B07GJKFC5X	3	3
10 self-seal envelopes without window	B07M7V7TBW	2	3
10 self-seal envelopes without window	B07NZ4T2SL	0	3
10 self-seal envelopes without window	B07RP467JB	3	3
10 self-seal envelopes without window	B078S5ZL5D	3	3
10 self-seal envelopes without window	B085VV4TV5	2	3
10 self-seal envelopes without window	B085WJMWC9	3	3
10 self-seal envelopes without window	B08G14MTVW	3	3
10 self-seal envelopes without window	B08V344BCQ	3	3
10 self-seal envelopes without window	B08WN3K65B	2	3
10 self-seal envelopes without window	B08Y8TWR38	2	3
10 self-seal envelopes without window	B08Y8VX63W	0	3
10 self-seal envelopes without window	B08Y97TG79	0	3
10 self-seal envelopes without window	B07VYKJSZS	3	3
10 self-seal envelopes without window	B07566JS34	0	3
10 self-seal envelopes without window	B07CXXVXLC	3	3
10 self-seal envelopes without window	B074M9FN2P	3	3
10 self-seal envelopes without window	B002R5ARDG	3	3
10 self-seal envelopes without window	B007YX2KB8	3	3
10 self-seal envelopes without window	B008005REQ	3	3
10 self-seal envelopes without window	B00OS9Q292	2	3
10 self-seal envelopes without window	B00V5DGIL6	3	3
10 self-seal envelopes without window	B00WKZ559Y	0	3
10 self-seal envelopes without window	B016V06OYS	3	3
10 self-seal envelopes without window	B01C67JZ50	3	3
10 self-seal envelopes without window	B01D0OANU4	3	3
10 self-seal envelopes without window	B000T9MP5U	3	3
10 self-seal envelopes without window	B01M5HR1N3	2	3
10 self-seal envelopes without window	B01N175R8R	3	3
10 self-seal envelopes without window	B01NBY48DG	0	3
10 self-seal envelopes without window	B06VVLD2GL	3	3
10 self-seal envelopes without window	B06WLLH755	2	3
10 self-seal envelopes without window	B06Y3SQG57	2	3
10 self-seal envelopes without window	B074M9XL6R	3	3
10 self-seal envelopes without window	B071R9SBXJ	3	3
10 self-seal envelopes without window	B01FWMM738	3	3
2 pencils not sharpened	B082CLHSPD	3	4
2 pencils not sharpened	B07ZGDX5MT	2	4
2 pencils not sharpened	B07ZGD1SL3	0	4
2 pencils not sharpened	B07NH2D2CP	3	4
2 pencils not sharpened	B07WV7BP14	2	4
2 pencils not sharpened	B07NW9N6W5	2	4
2 pencils not sharpened	B084Q4R7SG	3	4
2 pencils not sharpened	B07Z78H162	3	4
2 pencils not sharpened	B0865YBHD2	3	4
2 pencils not sharpened	B08KXRY4DG	2	4
2 pencils not sharpened	B0891R2YFN	2	4
2 pencils not sharpened	B0891SSBJT	2	4
2 pencils not sharpened	B08PV8HSB8	3	4
2 pencils not sharpened	B08R8LW1W2	2	4
2 pencils not sharpened	B08ZCDH33N	2	4
2 pencils not sharpened	B0915D87B4	2	4
2 pencils not sharpened	B094QX351C	3	4
2 pencils not sharpened	B07MGKC3DD	2	4
2 pencils not sharpened	B087J9MBXJ	2	4
2 pencils not sharpened	B07JZJLHCF	0	4
2 pencils not sharpened	B07GJQJFG6	3	4
2 pencils not sharpened	B07G7F6JZ6	0	4
2 pencils not sharpened	B0002LCZV4	3	4
2 pencils not sharpened	B00125Q75Y	3	4
2 pencils not sharpened	B001AZ1D3C	3	4
2 pencils not sharpened	B001B097KC	3	4
2 pencils not sharpened	B003JFL1WY	3	4
2 pencils not sharpened	B004X4KRPM	2	4
2 pencils not sharpened	B004X4KRW0	3	4
2 pencils not sharpened	B00DZB6SIE	0	4
2 pencils not sharpened	B0000AQO0O	3	4
2 pencils not sharpened	B00UHHVX8Y	2	4
2 pencils not sharpened	B0188A3QRM	3	4
2 pencils not sharpened	B075DTDGSS	1	4
2 pencils not sharpened	B075VXJ9VG	3	4
2 pencils not sharpened	B078K6FRD6	2	4
2 pencils not sharpened	B07G2Q28PG	3	4
2 pencils not sharpened	B07G2RYY6H	2	4
2 pencils not sharpened	B07G4DL3B5	3	4
2 pencils not sharpened	B00OFNI9VK	3	4
cellist thats not a hashtag	B096LZW7J1	3	5
cellist thats not a hashtag	B07MCMMS92	3	5
cellist thats not a hashtag	B07D3L3FCW	0	5
cellist thats not a hashtag	B07KKP1VVP	0	5
cellist thats not a hashtag	B07DJ846QY	0	5
cellist thats not a hashtag	B07S2ZZB9G	0	5
cellist thats not a hashtag	B07L32B9C2	0	5
cellist thats not a hashtag	B07X9VKZZC	0	5
cellist thats not a hashtag	B096LMZMYT	3	5
cellist thats not a hashtag	B08FRP4H2Z	0	5
cellist thats not a hashtag	B08J5KBGPP	3	5
cellist thats not a hashtag	B08TCH6CVB	0	5
cellist thats not a hashtag	B096LXN8QP	3	5
cellist thats not a hashtag	B096LXNCN3	3	5
cellist thats not a hashtag	B096LXW2LJ	3	5
cellist thats not a hashtag	B096LYWHC1	3	5
cellist thats not a hashtag	B07B3XQZ42	0	5
cellist thats not a hashtag	B0851M1499	3	5
cellist thats not a hashtag	B076FTC6FQ	0	5
cellist thats not a hashtag	B07PFY6GNJ	3	5
cellist thats not a hashtag	B06XWN1R4M	0	5
cellist thats not a hashtag	B074Q3P1TD	0	5
cellist thats not a hashtag	1091347697	3	5
cellist thats not a hashtag	1092553924	3	5
cellist thats not a hashtag	1677867973	3	5
cellist thats not a hashtag	B007ETFY9M	0	5
cellist thats not a hashtag	B00P1NBO9C	0	5
cellist thats not a hashtag	B00QSN2A9W	0	5
cellist thats not a hashtag	B00WDS9MTW	0	5
cellist thats not a hashtag	B00NMFDCOG	0	5
cellist thats not a hashtag	B012XYJAZ6	0	5
cellist thats not a hashtag	B0155K16A2	0	5
cellist thats not a hashtag	B0157V6USM	0	5
cellist thats not a hashtag	B015G0EWLG	2	5
cellist thats not a hashtag	B015G0F03U	0	5
cellist thats not a hashtag	B017OA5BMU	0	5
cellist thats not a hashtag	B01HFFXLNA	0	5
cellist thats not a hashtag	B00XD06PMG	0	5
cellist thats not a hashtag	B01JHD9FIS	0	5
do not disturb	B08LYWY4X6	3	6
do not disturb	B08KXZ22LQ	3	6
do not disturb	B08FTHY89G	3	6
do not disturb	B08HVFJVXT	3	6
do not disturb	B08FYKWQZK	3	6
do not disturb	B08PVSXL7J	3	6
do not disturb	B08JL1FYMN	3	6
do not disturb	B08QMSJ4NH	3	6
do not disturb	B09918FNFP	3	6
do not disturb	B08RNJ2YDG	3	6
do not disturb	B08SJP8RGN	3	6
do not disturb	B08TB4QVGN	3	6
do not disturb	B08Z84ZQBP	3	6
do not disturb	B08ZD5V737	2	6
do not disturb	B092CZVGC2	3	6
do not disturb	B094Z7GCNY	3	6
do not disturb	B08FSVV2WV	3	6
do not disturb	B08R2FBHNK	3	6
do not disturb	B08B13XXCY	3	6
do not disturb	B08LT6CV6P	3	6
do not disturb	B084VP3SG9	3	6
do not disturb	1610398424	3	6
do not disturb	B0023LX6FK	3	6
do not disturb	B00DSZPCB6	3	6
do not disturb	B00EPKRHTI	3	6
do not disturb	B00O5IUQ7U	3	6
do not disturb	B010KMH26W	3	6
do not disturb	B01GY7VFSS	3	6
do not disturb	B06WGRKM3L	3	6
do not disturb	B00R1NS5VK	3	6
do not disturb	B07GVSVS5N	3	6
do not disturb	B07FD5KHKN	3	6
do not disturb	B07XB3CT6V	3	6
do not disturb	B07WFSPG81	3	6
do not disturb	B07QS6P48P	3	6
do not disturb	B083JY9GY2	3	6
do not disturb	B07K8XRWK2	3	6
do not disturb	B07J2NJ964	3	6
do not disturb	B07MQS79Q3	3	6
do not disturb	B084Z7C64H	3	6
mom life	B07L4383XR	3	7
mom life	B088CWQXVW	3	7
mom life	B086YSJHW7	3	7
mom life	B084QCG5RM	3	7
mom life	B083VSQXWR	0	7
mom life	B081CJ34RL	2	7
mom life	B07ZGB4474	0	7
mom life	B07P653H3H	2	7
mom life	B07D1B9126	3	7
mom life	B078HHTTN2	3	7
mom life	B077RWDGM9	2	7
mom life	B075MBB1N5	0	7
mom life	B074JWBCYQ	3	7
mom life	B0039LF25A	2	7
mom life	1081439793	2	7
mom life	B07BLJT8C9	3	7
sharp not hashtag shirt	B07Q9SN2PP	3	8
sharp not hashtag shirt	B07S9PFC38	3	8
sharp not hashtag shirt	B07TM8CZ23	3	8
sharp not hashtag shirt	B07XZSBWX7	3	8
sharp not hashtag shirt	B082VY8HHP	3	8
sharp not hashtag shirt	B084D7NYYK	3	8
sharp not hashtag shirt	B085VV9VYM	3	8
sharp not hashtag shirt	B08D93BNHG	3	8
sharp not hashtag shirt	B08LC79XZS	3	8
sharp not hashtag shirt	B08J67P51M	3	8
sharp not hashtag shirt	B08KK8NBVD	3	8
sharp not hashtag shirt	B08X6WBDHX	3	8
sharp not hashtag shirt	B093SSZFGC	3	8
sharp not hashtag shirt	B095JRXQ9C	3	8
sharp not hashtag shirt	B097GCTPT9	3	8
sharp not hashtag shirt	B097SWXHP9	3	8
sharp not hashtag shirt	B07PX44LNW	3	8
sharp not hashtag shirt	B08J5GGVZF	3	8
sharp not hashtag shirt	B07PSNDBHJ	3	8
sharp not hashtag shirt	B07H24VMGQ	3	8
sharp not hashtag shirt	B07NV8DB9Q	3	8
sharp not hashtag shirt	B00S8SEJKI	3	8
sharp not hashtag shirt	B01LIW1XOA	2	8
sharp not hashtag shirt	B072XRGBPX	3	8
sharp not hashtag shirt	B073X2GY3N	3	8
sharp not hashtag shirt	B074T22KRC	3	8
sharp not hashtag shirt	B07BZ7PHYL	3	8
sharp not hashtag shirt	B07CQNB4JP	3	8
sharp not hashtag shirt	B07PCQGJW5	3	8
sharp not hashtag shirt	B07BKFBMNY	3	8
sharp not hashtag shirt	B07KFSSV7K	3	8
sharp not hashtag shirt	B07L65K5KM	3	8
sharp not hashtag shirt	B07M7G13WD	3	8
sharp not hashtag shirt	B07MKLHJT4	3	8
sharp not hashtag shirt	B07MPNC5D2	3	8
sharp not hashtag shirt	B07N4NBRC1	3	8
sharp not hashtag shirt	B07NP3C83C	3	8
sharp not hashtag shirt	B07HZ2LG1H	3	8
1 best and not expensive bath back brush cream color	B07MH1KHJ2	0	9
1 best and not expensive bath back brush cream color	B07CJV52F2	3	9
1 best and not expensive bath back brush cream color	B07F6897JY	2	9
1 best and not expensive bath back brush cream color	B07HGH25S3	1	9
1 best and not expensive bath back brush cream color	B07J1LVJVV	3	9
1 best and not expensive bath back brush cream color	B07KRWKNGC	2	9
1 best and not expensive bath back brush cream color	B07KXVGHTV	2	9
1 best and not expensive bath back brush cream color	B07NRZNYF9	0	9
1 best and not expensive bath back brush cream color	B08V1BTDGD	2	9
1 best and not expensive bath back brush cream color	B07PRN6DCY	3	9
1 best and not expensive bath back brush cream color	B07V9KJ2NH	2	9
1 best and not expensive bath back brush cream color	B07W591Z5G	3	9
1 best and not expensive bath back brush cream color	B07WYY4C1X	3	9
1 best and not expensive bath back brush cream color	B0836DNCNL	3	9
1 best and not expensive bath back brush cream color	B088XPFP5T	0	9
1 best and not expensive bath back brush cream color	B08GHWS7PC	3	9
1 best and not expensive bath back brush cream color	B0787PFFKS	0	9
1 best and not expensive bath back brush cream color	B07P7NFV1F	0	9
1 best and not expensive bath back brush cream color	B074DX5B8V	2	9
1 best and not expensive bath back brush cream color	B073T2T5B1	2	9
1 best and not expensive bath back brush cream color	B0007IOVZK	0	9
1 best and not expensive bath back brush cream color	B0725GYNG6	3	9
1 best and not expensive bath back brush cream color	B001BSH2E2	3	9
1 best and not expensive bath back brush cream color	B001P97U6C	0	9
1 best and not expensive bath back brush cream color	B0038TXGL0	0	9
1 best and not expensive bath back brush cream color	B004AI97MA	0	9
1 best and not expensive bath back brush cream color	B00DU5SRIY	0	9
1 best and not expensive bath back brush cream color	B00JPO0KJ8	0	9
1 best and not expensive bath back brush cream color	B00LIBEBTG	3	9
1 best and not expensive bath back brush cream color	B0158S5BIY	3	9
1 best and not expensive bath back brush cream color	B00HNWNXAW	0	9
1 best and not expensive bath back brush cream color	B01JQA04XW	3	9
1 best and not expensive bath back brush cream color	B01ER18MXE	2	9
1 best and not expensive bath back brush cream color	B01N1MYYDX	0	9
1 best and not expensive bath back brush cream color	B01N0LHWDD	2	9
1 best and not expensive bath back brush cream color	B01M0H7YC2	0	9
1 best and not expensive bath back brush cream color	B01N6BP63M	0	9
1 best and not expensive bath back brush cream color	B01K8PEZMU	1	9
1 best and not expensive bath back brush cream color	B01K2SMS0O	0	9
1 best and not expensive bath back brush cream color	B01LBM0K28	3	9
1 black natural hair dye without ammonia or peroxide	B07D9P7S14	3	10
1 black natural hair dye without ammonia or peroxide	B078WSD1NW	3	10
1 black natural hair dye without ammonia or peroxide	B0798QYSCW	3	10
1 black natural hair dye without ammonia or peroxide	B07B9Y13C6	3	10
1 black natural hair dye without ammonia or peroxide	B07BVV4MMW	0	10
1 black natural hair dye without ammonia or peroxide	B07C4QR12V	3	10
1 black natural hair dye without ammonia or peroxide	B07CCDV8TJ	3	10
1 black natural hair dye without ammonia or peroxide	B07DG84Z8R	3	10
1 black natural hair dye without ammonia or peroxide	B078WS99YM	3	10
1 black natural hair dye without ammonia or peroxide	B07L1PCSXT	3	10
1 black natural hair dye without ammonia or peroxide	B07L1PL7TV	2	10
1 black natural hair dye without ammonia or peroxide	B07SBTDXV4	3	10
1 black natural hair dye without ammonia or peroxide	B07SBTFZ44	2	10
1 black natural hair dye without ammonia or peroxide	B07X67YPY1	0	10
1 black natural hair dye without ammonia or peroxide	B07YDZQDK1	2	10
1 black natural hair dye without ammonia or peroxide	B07ZDKLDKT	2	10
1 black natural hair dye without ammonia or peroxide	B0856TD2Z2	3	10
1 black natural hair dye without ammonia or peroxide	B07FSPYPFL	2	10
1 black natural hair dye without ammonia or peroxide	B078WS2PP3	2	10
1 black natural hair dye without ammonia or peroxide	B0734DSJ1N	0	10
1 black natural hair dye without ammonia or peroxide	B00014HDT6	2	10
1 black natural hair dye without ammonia or peroxide	B0001TQCSO	2	10
1 black natural hair dye without ammonia or peroxide	B000A3ZN7W	0	10
1 black natural hair dye without ammonia or peroxide	B000GWJ43G	3	10
1 black natural hair dye without ammonia or peroxide	B000H5HY7A	3	10
1 black natural hair dye without ammonia or peroxide	B00118YOYI	0	10
1 black natural hair dye without ammonia or peroxide	B001E0VWRA	3	10
1 black natural hair dye without ammonia or peroxide	B001E5EC4A	0	10
1 black natural hair dye without ammonia or peroxide	B001E5ED30	3	10
1 black natural hair dye without ammonia or peroxide	B001E95GKU	2	10
1 black natural hair dye without ammonia or peroxide	B01LTHLDAS	3	10
1 black natural hair dye without ammonia or peroxide	B0046NEYB8	3	10
1 black natural hair dye without ammonia or peroxide	B004INIW1Y	0	10
1 black natural hair dye without ammonia or peroxide	B0086XL9DK	3	10
1 black natural hair dye without ammonia or peroxide	B00BP8OQ4W	2	10
1 black natural hair dye without ammonia or peroxide	B00F2LGCRC	3	10
1 black natural hair dye without ammonia or peroxide	B016R952BO	3	10
1 black natural hair dye without ammonia or peroxide	B0185LCA0I	2	10
1 black natural hair dye without ammonia or peroxide	B01I000RA4	3	10
1 black natural hair dye without ammonia or peroxide	B003CJJD22	3	10
1 rated resveratrol supplement without tea leaves	B083F5WC2P	3	11
1 rated resveratrol supplement without tea leaves	B0812F3JGG	3	11
1 rated resveratrol supplement without tea leaves	B07Y8XPLK1	3	11
1 rated resveratrol supplement without tea leaves	B07N95VS9T	3	11
1 rated resveratrol supplement without tea leaves	B07R634S5D	3	11
1 rated resveratrol supplement without tea leaves	B07NLMLB84	3	11
1 rated resveratrol supplement without tea leaves	B083H3NJDK	3	11
1 rated resveratrol supplement without tea leaves	B07S391Y5Q	2	11
1 rated resveratrol supplement without tea leaves	B083JM99Q8	0	11
1 rated resveratrol supplement without tea leaves	B08J1ZDJTY	3	11
1 rated resveratrol supplement without tea leaves	B08GYJD3D3	3	11
1 rated resveratrol supplement without tea leaves	B08HVQ71X1	3	11
1 rated resveratrol supplement without tea leaves	B08N2XFKX9	3	11
1 rated resveratrol supplement without tea leaves	B08P3SZLXF	3	11
1 rated resveratrol supplement without tea leaves	B08V1FLW6B	3	11
1 rated resveratrol supplement without tea leaves	B08WJMN5PP	3	11
1 rated resveratrol supplement without tea leaves	B08WYPXKLD	3	11
1 rated resveratrol supplement without tea leaves	B07DQZSZGK	3	11
1 rated resveratrol supplement without tea leaves	B088JTCWCQ	3	11
1 rated resveratrol supplement without tea leaves	B07B1247Q6	3	11
1 rated resveratrol supplement without tea leaves	B01E1VJTU0	3	11
1 rated resveratrol supplement without tea leaves	B078WZGZ51	2	11
1 rated resveratrol supplement without tea leaves	B000MYW2ZA	0	11
1 rated resveratrol supplement without tea leaves	B0015ZUSBA	3	11
1 rated resveratrol supplement without tea leaves	B002G75WZI	3	11
1 rated resveratrol supplement without tea leaves	B002WC8178	3	11
1 rated resveratrol supplement without tea leaves	B003G94KN0	3	11
1 rated resveratrol supplement without tea leaves	B07CVPPL64	3	11
1 rated resveratrol supplement without tea leaves	B00820C5CQ	3	11
1 rated resveratrol supplement without tea leaves	B00AQ4JYLG	3	11
1 rated resveratrol supplement without tea leaves	B00LPW9X32	0	11
1 rated resveratrol supplement without tea leaves	B005JAT50C	3	11
1 rated resveratrol supplement without tea leaves	B015QGG0GK	3	11
1 rated resveratrol supplement without tea leaves	B01CD3UVAK	3	11
1 rated resveratrol supplement without tea leaves	B01CG9GCCW	3	11
1 rated resveratrol supplement without tea leaves	B01GS6Q300	0	11
1 rated resveratrol supplement without tea leaves	B01N3746GJ	1	11
1 rated resveratrol supplement without tea leaves	B01N3LZY3O	3	11
1 rated resveratrol supplement without tea leaves	B074HDY5SG	3	11
1 rated resveratrol supplement without tea leaves	B013GVCD6I	3	11
1 selling shoes for men without shoeleases	B07FBGMW49	3	12
1 selling shoes for men without shoeleases	B08FY583NX	3	12
1 selling shoes for men without shoeleases	B075686DKD	2	12
1 selling shoes for men without shoeleases	B07932FK2J	2	12
1 selling shoes for men without shoeleases	B079Y2MP8C	2	12
1 selling shoes for men without shoeleases	B07B3VQ8DY	0	12
1 selling shoes for men without shoeleases	B07C2Y4JBG	2	12
1 selling shoes for men without shoeleases	B07FKVC82C	3	12
1 selling shoes for men without shoeleases	B074F8699Z	3	12
1 selling shoes for men without shoeleases	B07G7TDPRL	2	12
1 selling shoes for men without shoeleases	B07GBQT3DL	0	12
1 selling shoes for men without shoeleases	B07GPM974F	0	12
1 selling shoes for men without shoeleases	B07JH5LBRZ	2	12
1 selling shoes for men without shoeleases	B07MVVK5ZL	0	12
1 selling shoes for men without shoeleases	B07Q24FTTY	2	12
1 selling shoes for men without shoeleases	B07TG98HGT	3	12
1 selling shoes for men without shoeleases	B0815R6PH2	2	12
1 selling shoes for men without shoeleases	B07FPX2H6F	0	12
1 selling shoes for men without shoeleases	B072NFSH99	3	12
1 selling shoes for men without shoeleases	B07567J1BS	2	12
1 selling shoes for men without shoeleases	B0714BNR2W	3	12
1 selling shoes for men without shoeleases	B0716XGSB2	0	12
1 selling shoes for men without shoeleases	B0014C0LSY	2	12
1 selling shoes for men without shoeleases	B002JK6QTS	0	12
1 selling shoes for men without shoeleases	B003UHUO1K	3	12
1 selling shoes for men without shoeleases	B004K4JR8I	2	12
1 selling shoes for men without shoeleases	B00B8ITHTS	3	12
1 selling shoes for men without shoeleases	B00HSX730C	0	12
1 selling shoes for men without shoeleases	B00LBYXQSC	0	12
1 selling shoes for men without shoeleases	B00OPEIURC	3	12
1 selling shoes for men without shoeleases	B00D881D2A	3	12
1 selling shoes for men without shoeleases	B0106J2TXK	2	12
1 selling shoes for men without shoeleases	B00RENL0TQ	3	12
1 selling shoes for men without shoeleases	B01N7HI01W	3	12
1 selling shoes for men without shoeleases	B01N28UH8M	0	12
1 selling shoes for men without shoeleases	B01N02WUM3	0	12
1 selling shoes for men without shoeleases	B06WRR4M6P	2	12
1 selling shoes for men without shoeleases	B01AYA576W	3	12
1 selling shoes for men without shoeleases	B012A4KGJ8	3	12
1 selling shoes for men without shoeleases	B01MXNYPUC	3	12
1 small corded treadmill without remote control	B08DRQKTZD	3	13
1 small corded treadmill without remote control	B08YYR4N9G	0	13
1 small corded treadmill without remote control	B08RSPQS7P	3	13
1 small corded treadmill without remote control	B08PKXF3MY	2	13
1 small corded treadmill without remote control	B08KSRTRPG	2	13
1 small corded treadmill without remote control	B08KDPYML6	0	13
1 small corded treadmill without remote control	B08FFHBG22	2	13
1 small corded treadmill without remote control	B089CH6P5C	2	13
1 small corded treadmill without remote control	B0193V3DJ6	2	13
1 small corded treadmill without remote control	B08515G965	3	13
1 small corded treadmill without remote control	B07W7XQ9TN	2	13
1 small corded treadmill without remote control	B07SJCZLPQ	3	13
1 small corded treadmill without remote control	B07MW21KMZ	3	13
1 small corded treadmill without remote control	B07KTSR8MP	2	13
1 small corded treadmill without remote control	B00QIM5CMK	3	13
1 small corded treadmill without remote control	B0895DRWVY	3	13
10 cans applesauce	B07GLCFV1P	0	14
10 cans applesauce	B08B3VD1DB	0	14
10 cans applesauce	B086WMRCTF	0	14
10 cans applesauce	B082H5YYHD	0	14
10 cans applesauce	B07QZSRTY3	0	14
10 cans applesauce	B07Q8JKGN3	0	14
10 cans applesauce	B07MDXCK2H	2	14
10 cans applesauce	B07C2SVB83	2	14
10 cans applesauce	B079K3YLBR	3	14
10 cans applesauce	B01LYTPKS6	2	14
10 cans applesauce	B01A0XA5I8	0	14
10 cans applesauce	B00N4QEUQW	2	14
10 cans applesauce	B00LV31U3Q	0	14
10 cans applesauce	B00LFUKKKO	2	14
10 cans applesauce	B00CF5AARQ	3	14
10 cans applesauce	B00886QD9U	2	14
10 envelopes self seal	B07R4TGNCF	3	15
10 envelopes self seal	B07CXXVXLC	3	15
10 envelopes self seal	B07C28VWVN	3	15
10 envelopes self seal	B078S5ZL5D	3	15
10 envelopes self seal	B075HBY7DY	3	15
10 envelopes self seal	B06XDRJ316	3	15
10 envelopes self seal	B06VVLD2GL	3	15
10 envelopes self seal	B07FK9PCZB	3	15
10 envelopes self seal	B0186D2JGK	3	15
10 envelopes self seal	B016V06OYS	3	15
10 envelopes self seal	B00V5DGIL6	3	15
10 envelopes self seal	B005JZT1ZG	3	15
10 envelopes self seal	B001MBK5UG	3	15
10 envelopes self seal	B000T9MP5U	3	15
10 envelopes self seal	B000N4C1LO	3	15
10 envelopes self seal	B01D0OANU4	3	15
10 envelopes without security tint	B07PX9X51C	3	16
10 envelopes without security tint	B07NZ4T2SL	2	16
10 envelopes without security tint	B08Y8VX63W	0	16
10 envelopes without security tint	B07FMDV5LR	2	16
10 envelopes without security tint	B07GJCSF8Z	2	16
10 envelopes without security tint	B07R4TGNCF	3	16
10 envelopes without security tint	B07FK9PCZB	0	16
10 envelopes without security tint	B07GJKFC5X	2	16
10 envelopes without security tint	B07RP3F2LW	3	16
10 envelopes without security tint	B08NW4LRQC	3	16
10 envelopes without security tint	B085WJMWC9	3	16
10 envelopes without security tint	B08G14MTVW	2	16
10 envelopes without security tint	B08P2FWYKG	0	16
10 envelopes without security tint	B08TRNHQWP	0	16
10 envelopes without security tint	B08TRPZK1B	2	16
10 envelopes without security tint	B08V344BCQ	2	16
10 envelopes without security tint	B08V352RY5	0	16
10 envelopes without security tint	B07CXXVXLC	2	16
10 envelopes without security tint	B085VV4TV5	2	16
10 envelopes without security tint	B078S5ZL5D	0	16
10 envelopes without security tint	B01LZ4HHZE	2	16
10 envelopes without security tint	B071R9SBXJ	2	16
10 envelopes without security tint	B000DT87J4	3	16
10 envelopes without security tint	B000T9MP5U	2	16
10 envelopes without security tint	B0012ND8EY	0	16
10 envelopes without security tint	B001MBK5UG	2	16
10 envelopes without security tint	B007YX2KB8	3	16
10 envelopes without security tint	B008005REQ	2	16
10 envelopes without security tint	B00V5DGIL6	2	16
10 envelopes without security tint	B00YNZZ6GG	2	16
10 envelopes without security tint	B074M9XL6R	3	16
10 envelopes without security tint	B016V06OYS	0	16
10 envelopes without security tint	B0186D2JGK	0	16
10 envelopes without security tint	B01D0OANU4	2	16
10 envelopes without security tint	B01FWMM738	3	16
10 envelopes without security tint	B01M5HR1N3	0	16
10 envelopes without security tint	B01N175R8R	2	16
10 envelopes without security tint	B06VVLD2GL	2	16
10 envelopes without security tint	B06Y3SQG57	3	16
10 envelopes without security tint	B015773LQK	3	16
10 standard no tint no window not self seal	B0797PN46S	2	17
10 standard no tint no window not self seal	B078HHGY2L	3	17
10 standard no tint no window not self seal	B06VVLD2GL	3	17
10 standard no tint no window not self seal	B06WRQ2V7R	0	17
10 standard no tint no window not self seal	B06WGNBGXB	0	17
10 standard no tint no window not self seal	B0797ZMZ9Q	0	17
10 standard no tint no window not self seal	B06XH5J3ZV	2	17
10 standard no tint no window not self seal	B0797ZRR13	2	17
10 standard no tint no window not self seal	B07PDNRRMC	3	17
10 standard no tint no window not self seal	B07C28VWVN	2	17
10 standard no tint no window not self seal	B07DCG81BY	0	17
10 standard no tint no window not self seal	B082XL6HN7	0	17
10 standard no tint no window not self seal	B085VV4TV5	0	17
10 standard no tint no window not self seal	B08CK95JS3	3	17
10 standard no tint no window not self seal	B08G14MTVW	2	17
10 standard no tint no window not self seal	B06VTTV4KC	2	17
10 standard no tint no window not self seal	B079H6L3CK	2	17
10 standard no tint no window not self seal	B08V352RY5	0	17
10 standard no tint no window not self seal	B01N31J4TF	0	17
10 standard no tint no window not self seal	B01MRMF71L	0	17
10 standard no tint no window not self seal	B01N175R8R	3	17
10 standard no tint no window not self seal	B0006HVWB8	0	17
10 standard no tint no window not self seal	B000AN39T6	0	17
10 standard no tint no window not self seal	B000MK9VJE	0	17
10 standard no tint no window not self seal	B003BLQHYI	2	17
10 standard no tint no window not self seal	B00P9YMKYG	0	17
10 standard no tint no window not self seal	B00UYY2GUO	0	17
10 standard no tint no window not self seal	B00V5DGIL6	0	17
10 standard no tint no window not self seal	B00O3SHPXA	0	17
10 standard no tint no window not self seal	B016V06OYS	0	17
10 standard no tint no window not self seal	B017WK7Z3U	2	17
10 standard no tint no window not self seal	B0186D2JGK	0	17
10 standard no tint no window not self seal	B01D0OANU4	3	17
10 standard no tint no window not self seal	B01HDN21E4	0	17
10 standard no tint no window not self seal	B01IULS0RU	0	17
10 standard no tint no window not self seal	B01M5HR1N3	0	17
10 standard no tint no window not self seal	B00W3OBU3C	0	17
10 window envelopes not self seal	B079H6L3CK	3	18
10 window envelopes not self seal	B06XH5J3ZV	3	18
10 window envelopes not self seal	B07566JS34	0	18
10 window envelopes not self seal	B078HHGY2L	2	18
10 window envelopes not self seal	B0797PN46S	3	18
10 window envelopes not self seal	B0797ZMZ9Q	3	18
10 window envelopes not self seal	B0797ZRR13	2	18
10 window envelopes not self seal	B07C28VWVN	3	18
10 window envelopes not self seal	B08ZNLGLPF	2	18
10 window envelopes not self seal	B07NZ4T2SL	2	18
10 window envelopes not self seal	B07PDNRRMC	0	18
10 window envelopes not self seal	B07Q78QM67	0	18
10 window envelopes not self seal	B082XL6HN7	2	18
10 window envelopes not self seal	B085VV4TV5	3	18
10 window envelopes not self seal	B08CK95JS3	3	18
10 window envelopes not self seal	B08G14MTVW	2	18
10 window envelopes not self seal	B06WRQ2V7R	2	18
10 window envelopes not self seal	B07CYPQJRM	3	18
10 window envelopes not self seal	B06WGNBGXB	3	18
10 window envelopes not self seal	B0006HVWB8	2	18
10 window envelopes not self seal	B01NAQROBP	3	18
10 window envelopes not self seal	B000MK9VJE	0	18
10 window envelopes not self seal	B003BLQHYI	0	18
10 window envelopes not self seal	B004FRW0ZW	3	18
10 window envelopes not self seal	B004FRZD4C	0	18
10 window envelopes not self seal	B00O3SHPXA	0	18
10 window envelopes not self seal	B00P9YMKYG	3	18
10 window envelopes not self seal	B00U6Q1DJA	2	18
10 window envelopes not self seal	B00WGVEE0S	0	18
10 window envelopes not self seal	B06VTTV4KC	3	18
10 window envelopes not self seal	B01D0OANU4	3	18
10 window envelopes not self seal	B01HDN21E4	0	18
10 window envelopes not self seal	B01HH8E2QA	3	18
10 window envelopes not self seal	B01IULS0RU	0	18
10 window envelopes not self seal	B01M5HR1N3	2	18
10 window envelopes not self seal	B01MRMF71L	3	18
10 window envelopes not self seal	B01N175R8R	0	18
10 window envelopes not self seal	B01N31J4TF	3	18
10 window envelopes not self seal	B017WK7Z3U	3	18
10 window envelopes without plastic	B07C28VWVN	3	19
10 window envelopes without plastic	B076ZXJZCL	3	19
10 window envelopes without plastic	B071R9SBXJ	2	19
10 window envelopes without plastic	B073XX49NK	3	19
10 window envelopes without plastic	B071VC47NS	3	19
10 window envelopes without plastic	B07FK9PCZB	0	19
10 window envelopes without plastic	B076ZTYVFR	3	19
10 window envelopes without plastic	B07GSPSWY5	2	19
10 window envelopes without plastic	B07Q8749T1	3	19
10 window envelopes without plastic	B07K4SGXRP	3	19
10 window envelopes without plastic	B07KNVRLWQ	0	19
10 window envelopes without plastic	B07NZ4T2SL	3	19
10 window envelopes without plastic	B07SH7KJG6	0	19
10 window envelopes without plastic	B0849M36K2	0	19
10 window envelopes without plastic	B08CK95JS3	3	19
10 window envelopes without plastic	B08V352RY5	3	19
10 window envelopes without plastic	B06XH5J3ZV	3	19
10 window envelopes without plastic	B07HDQ6XB4	0	19
10 window envelopes without plastic	B06WRQ2V7R	3	19
10 window envelopes without plastic	B07CYPQJRM	2	19
10 window envelopes without plastic	B06VTTV4KC	3	19
10 window envelopes without plastic	B0006HVWB8	3	19
10 window envelopes without plastic	B000MK9VJE	3	19
10 window envelopes without plastic	B00O3SHPXA	3	19
10 window envelopes without plastic	B00V5DGDUM	2	19
10 window envelopes without plastic	B00V5DGIL6	2	19
10 window envelopes without plastic	B00WXT35Y4	0	19
10 window envelopes without plastic	B015773LQK	3	19
10 window envelopes without plastic	B016V06OYS	2	19
10 window envelopes without plastic	B017WK7Z3U	3	19
10 window envelopes without plastic	B0153SIHL2	3	19
10 window envelopes without plastic	B01N31J4TF	3	19
10 window envelopes without plastic	B01D0OANU4	3	19
10 window envelopes without plastic	B01N175R8R	3	19
10 window envelopes without plastic	B01MTPJH6L	3	19
10 window envelopes without plastic	B01MRMF71L	3	19
10 window envelopes without plastic	B06W5294BW	3	19
10 window envelopes without plastic	B01IULS0RU	3	19
10 window envelopes without plastic	B01DTK5FRK	3	19
10 window envelopes without plastic	B01M5HR1N3	3	19
11 mrs. kormel is not normal	B01IT9NLHW	0	20
11 mrs. kormel is not normal	B07QHP2ZNQ	0	20
11 mrs. kormel is not normal	B07HCNM7KQ	0	20
11 mrs. kormel is not normal	B07D4QW6DZ	0	20
11 mrs. kormel is not normal	B079H53D2B	0	20
11 mrs. kormel is not normal	B07515P7PT	0	20
11 mrs. kormel is not normal	B01N39V5SU	0	20
11 mrs. kormel is not normal	B07WTS1V29	0	20
11 mrs. kormel is not normal	B00M13NHFY	3	20
11 mrs. kormel is not normal	B0084LZU1Q	0	20
11 mrs. kormel is not normal	B007RC6ZSA	0	20
11 mrs. kormel is not normal	B005DEK9CC	0	20
11 mrs. kormel is not normal	B005DEK990	0	20
11 mrs. kormel is not normal	B00006ICJV	0	20
11 mrs. kormel is not normal	0060822295	3	20
11 mrs. kormel is not normal	B00K8E0JGS	2	20
12 black boys chain necklace without baseball stitches	B07Y1YQ9YS	3	21
12 black boys chain necklace without baseball stitches	B07Y9Q7VW3	3	21
12 black boys chain necklace without baseball stitches	B07Z7S9W2J	0	21
12 black boys chain necklace without baseball stitches	B0814PH3ZS	2	21
12 black boys chain necklace without baseball stitches	B081DYNPJR	3	21
12 black boys chain necklace without baseball stitches	B0825XH913	0	21
12 black boys chain necklace without baseball stitches	B085Q62GTM	0	21
12 black boys chain necklace without baseball stitches	B087JB9P67	2	21
12 black boys chain necklace without baseball stitches	B08BC4QFNN	2	21
12 black boys chain necklace without baseball stitches	B08HZ2NLK7	0	21
12 black boys chain necklace without baseball stitches	B08D9JKNLP	2	21
12 black boys chain necklace without baseball stitches	B08LMVKCJ6	2	21
12 black boys chain necklace without baseball stitches	B08NFZWJ16	0	21
12 black boys chain necklace without baseball stitches	B08QJ3DPQC	2	21
12 black boys chain necklace without baseball stitches	B08W9G71TM	2	21
12 black boys chain necklace without baseball stitches	B08ZSYMVCH	0	21
12 black boys chain necklace without baseball stitches	B0911FD781	3	21
12 black boys chain necklace without baseball stitches	B07XQ9FBJ2	3	21
12 black boys chain necklace without baseball stitches	B08D87W3XX	2	21
12 black boys chain necklace without baseball stitches	B07WSYXQLF	2	21
12 black boys chain necklace without baseball stitches	B07FK7HNPM	2	21
12 black boys chain necklace without baseball stitches	B07TZHFWZF	2	21
12 black boys chain necklace without baseball stitches	B00IK08LAI	3	21
12 black boys chain necklace without baseball stitches	B074WDYN1R	0	21
12 black boys chain necklace without baseball stitches	B077JDFX73	2	21
12 black boys chain necklace without baseball stitches	B079P4NKTC	0	21
12 black boys chain necklace without baseball stitches	B07DGTD1QS	0	21
12 black boys chain necklace without baseball stitches	B07DR9D9RH	0	21
12 black boys chain necklace without baseball stitches	B07DV947QN	2	21
12 black boys chain necklace without baseball stitches	B07VMPY1JH	2	21
12 black boys chain necklace without baseball stitches	B07DPMP2XF	2	21
12 black boys chain necklace without baseball stitches	B07FTDKDKR	0	21
12 black boys chain necklace without baseball stitches	B07FP9WY6H	0	21
12 black boys chain necklace without baseball stitches	B07TDG666N	3	21
12 black boys chain necklace without baseball stitches	B07RQDG56N	2	21
12 black boys chain necklace without baseball stitches	B07R4PHDWW	3	21
12 black boys chain necklace without baseball stitches	B07TLHQ59F	2	21
12 black boys chain necklace without baseball stitches	B07K7MM24F	3	21
12 black boys chain necklace without baseball stitches	B07G5XJBS9	3	21
12 black boys chain necklace without baseball stitches	B07PDMN7PJ	2	21
14 x 1-1 2 stainless self tapping	B07B8TMV2Y	3	22
14 x 1-1 2 stainless self tapping	B082XPZD23	3	22
14 x 1-1 2 stainless self tapping	B07Y7XGLJL	3	22
14 x 1-1 2 stainless self tapping	B07WJ3HD3W	3	22
14 x 1-1 2 stainless self tapping	B07R6Y2MMH	3	22
14 x 1-1 2 stainless self tapping	B07F21D1JT	3	22
14 x 1-1 2 stainless self tapping	B07BP3DVJH	3	22
14 x 1-1 2 stainless self tapping	B078HVZLRW	3	22
14 x 1-1 2 stainless self tapping	B01J3M1KX6	3	22
14 x 1-1 2 stainless self tapping	B076BYSDXT	3	22
14 x 1-1 2 stainless self tapping	B076BTTB9M	3	22
14 x 1-1 2 stainless self tapping	B074ZXJK2P	3	22
14 x 1-1 2 stainless self tapping	B074ZMZRXL	3	22
14 x 1-1 2 stainless self tapping	B014Q6YVJE	3	22
14 x 1-1 2 stainless self tapping	B0128T2KX0	3	22
14 x 1-1 2 stainless self tapping	B077WQRVX6	3	22
15 charm	B07DFHQ6KY	2	23
15 charm	B07Z1TH66P	2	23
15 charm	B07WLNVJC7	2	23
15 charm	B07VFDGXBY	2	23
15 charm	B07TXCVJGQ	2	23
15 charm	B07MFS7X7L	3	23
15 charm	B07GZBXTJ4	3	23
15 charm	B07D1NVBG6	2	23
15 charm	B010W5KQHY	3	23
15 charm	B079K178VJ	2	23
15 charm	B07485GXBF	3	23
15 charm	B06XKLYQNY	2	23
15 charm	B06XCPRW6L	2	23
15 charm	B01N9FJ9O1	2	23
15 charm	B01HC49M9G	2	23
15 charm	B07C59XY1X	2	23
2 dixon oriole pencils not sharpened	B06VSJ9LZ6	2	24
2 dixon oriole pencils not sharpened	B071JM699B	3	24
2 dixon oriole pencils not sharpened	B0727M1B1X	2	24
2 dixon oriole pencils not sharpened	B072DSDNH9	2	24
2 dixon oriole pencils not sharpened	B075DTDGSS	3	24
2 dixon oriole pencils not sharpened	B078K6FRD6	2	24
2 dixon oriole pencils not sharpened	B07G2Q28PG	3	24
2 dixon oriole pencils not sharpened	B07G4672FN	2	24
2 dixon oriole pencils not sharpened	B07GBBRMV1	2	24
2 dixon oriole pencils not sharpened	B07Q391X7B	2	24
2 dixon oriole pencils not sharpened	B07NW9N6W5	2	24
2 dixon oriole pencils not sharpened	B07T8K1HJG	2	24
2 dixon oriole pencils not sharpened	B07VQT47X6	2	24
2 dixon oriole pencils not sharpened	B07ZGD1SL3	2	24
2 dixon oriole pencils not sharpened	B082C9Q892	2	24
2 dixon oriole pencils not sharpened	B091DW3C4F	2	24
2 dixon oriole pencils not sharpened	B094JZDC6L	2	24
2 dixon oriole pencils not sharpened	B01G7R0D5Q	2	24
2 dixon oriole pencils not sharpened	B07ML4GVLM	3	24
2 dixon oriole pencils not sharpened	B01BKKEBE4	2	24
2 dixon oriole pencils not sharpened	B001AZ1D3C	2	24
2 dixon oriole pencils not sharpened	B011VB1OYC	2	24
2 dixon oriole pencils not sharpened	B0000AQO0O	2	24
2 dixon oriole pencils not sharpened	B000X0TW6K	3	24
2 dixon oriole pencils not sharpened	B00125Q75Y	2	24
2 dixon oriole pencils not sharpened	B019FWWJCU	2	24
2 dixon oriole pencils not sharpened	B001CXWQ6U	2	24
2 dixon oriole pencils not sharpened	B001MKF26Y	2	24
2 dixon oriole pencils not sharpened	B002ON02CC	2	24
2 dixon oriole pencils not sharpened	B003JFL1WY	2	24
2 dixon oriole pencils not sharpened	B001G9G6XY	2	24
2 dixon oriole pencils not sharpened	B004X4KRPM	2	24
2 dixon oriole pencils not sharpened	B004X4KRDE	2	24
2 dixon oriole pencils not sharpened	B00T1P3SUY	2	24
2 dixon oriole pencils not sharpened	B00OFNI9VK	2	24
2 dixon oriole pencils not sharpened	B00M3GFG76	2	24
2 dixon oriole pencils not sharpened	B00TQ3272G	2	24
2 dixon oriole pencils not sharpened	B006CSPZK4	2	24
2 dixon oriole pencils not sharpened	B004X4KRW0	2	24
2 dixon oriole pencils not sharpened	B00DZB6SIE	2	24
2 pencils	B07FV9P5D1	3	25
2 pencils	B082CLHSPD	3	25
2 pencils	B07ZGDX5MT	3	25
2 pencils	B07ZGD1SL3	3	25
2 pencils	B07T8K1HJG	3	25
2 pencils	B07P9TJGRX	0	25
2 pencils	B07NW9N6W5	3	25
2 pencils	B07D34ZQ7J	3	25
2 pencils	B071JM699P	3	25
2 pencils	B00SAI7NRM	3	25
2 pencils	B006CSPZK4	3	25
2 pencils	B004X4KRW0	3	25
2 pencils	B004X4KRPM	3	25
2 pencils	B001G9G6XY	3	25
2 pencils	B00125Q75Y	3	25
2 pencils	B000JEAAP2	3	25
2 pencils with erasers sharpened not soft	B078K6FRD6	3	26
2 pencils with erasers sharpened not soft	B07G2Q28PG	3	26
2 pencils with erasers sharpened not soft	B07G2RYY6H	3	26
2 pencils with erasers sharpened not soft	B07G4DL3B5	3	26
2 pencils with erasers sharpened not soft	B07GJQJFG6	2	26
2 pencils with erasers sharpened not soft	B07H7MFBH7	2	26
2 pencils with erasers sharpened not soft	B07NW9N6W5	3	26
2 pencils with erasers sharpened not soft	B07T8K1HJG	3	26
2 pencils with erasers sharpened not soft	B07ZGDX5MT	3	26
2 pencils with erasers sharpened not soft	B094QX351C	3	26
2 pencils with erasers sharpened not soft	B07ZGD1SL3	3	26
2 pencils with erasers sharpened not soft	B075DTDGSS	3	26
2 pencils with erasers sharpened not soft	B0865YBHD2	3	26
2 pencils with erasers sharpened not soft	B0891SSBJT	3	26
2 pencils with erasers sharpened not soft	B08PV8HSB8	3	26
2 pencils with erasers sharpened not soft	B08ZCLWNM7	3	26
2 pencils with erasers sharpened not soft	B0915D87B4	3	26
2 pencils with erasers sharpened not soft	B07VQT47X6	0	26
2 pencils with erasers sharpened not soft	B071JM699P	3	26
2 pencils with erasers sharpened not soft	B07WV7BP14	3	26
2 pencils with erasers sharpened not soft	B01FWSJQU4	1	26
2 pencils with erasers sharpened not soft	B00006IFAV	1	26
2 pencils with erasers sharpened not soft	B0000AQO0O	2	26
2 pencils with erasers sharpened not soft	B0002LCZV4	3	26
2 pencils with erasers sharpened not soft	B000QE2H6A	3	26
2 pencils with erasers sharpened not soft	B00125Q75Y	3	26
2 pencils with erasers sharpened not soft	B001AZ1D3C	3	26
2 pencils with erasers sharpened not soft	B001B097KC	2	26
2 pencils with erasers sharpened not soft	B001CDEUBO	2	26
2 pencils with erasers sharpened not soft	B001DHXL5K	3	26
2 pencils with erasers sharpened not soft	B01FWSJS16	2	26
2 pencils with erasers sharpened not soft	B003JFL1WY	2	26
2 pencils with erasers sharpened not soft	B0044A86MG	3	26
2 pencils with erasers sharpened not soft	B004X4KRPM	3	26
2 pencils with erasers sharpened not soft	B004XONR18	3	26
2 pencils with erasers sharpened not soft	B006CSPZK4	3	26
2 pencils with erasers sharpened not soft	B00OFNI9VK	3	26
2 pencils with erasers sharpened not soft	B00UHHVX8Y	3	26
2 pencils with erasers sharpened not soft	B01FWSJQHC	2	26
2 pencils with erasers sharpened not soft	B001E67Z16	1	26
2 pencils without erasers	B07R3F2MH4	3	27
2 pencils without erasers	B07R1681S2	2	27
2 pencils without erasers	B07G4DL3B5	2	27
2 pencils without erasers	B074PH2FY2	0	27
2 pencils without erasers	B07BRB6BJV	0	27
2 pencils without erasers	B078XLST86	3	27
2 pencils without erasers	B07SD27GDJ	2	27
2 pencils without erasers	B07G2Q28PG	3	27
2 pencils without erasers	B07VCT9F7M	2	27
2 pencils without erasers	B08L4KKLBY	0	27
2 pencils without erasers	B086WMSGH6	1	27
2 pencils without erasers	B088VTV94Y	2	27
2 pencils without erasers	B08V8J63S8	2	27
2 pencils without erasers	B08X4KK3MQ	2	27
2 pencils without erasers	B08YP2Z5BG	3	27
2 pencils without erasers	B091CW9K5W	0	27
2 pencils without erasers	B0925WP9L7	2	27
2 pencils without erasers	B01GPJXPQ0	3	27
2 pencils without erasers	B07XMPZM3R	3	27
2 pencils without erasers	B099272MD2	3	27
2 pencils without erasers	B01FWSJSJ8	3	27
2 pencils without erasers	B01FWSJRE4	3	27
2 pencils without erasers	B01FWSJS16	3	27
2 pencils without erasers	B00006IEFT	3	27
2 pencils without erasers	B0000AQO0N	3	27
2 pencils without erasers	B000JEAAP2	3	27
2 pencils without erasers	B00125Q75Y	2	27
2 pencils without erasers	B001UXK3QM	3	27
2 pencils without erasers	B002TZGVOS	2	27
2 pencils without erasers	B0030BYI3G	3	27
2 pencils without erasers	B001T6QCJC	2	27
2 pencils without erasers	B006CSPZK4	2	27
2 pencils without erasers	B003U6QDES	3	27
2 pencils without erasers	B01FWSJQHC	3	27
2 pencils without erasers	B01BKKEAMW	3	27
2 pencils without erasers	B0141MKU2A	2	27
2 pencils without erasers	B01FWSJQZO	3	27
2 pencils without erasers	B00NGQRVSE	3	27
2 pencils without erasers	B00MI50TYM	2	27
2 pencils without erasers	B00UHHVX8Y	2	27
20 paper bags without handle	B083LKWCNR	3	28
20 paper bags without handle	B07XR1HNT5	2	28
20 paper bags without handle	B07XR7CPRB	2	28
20 paper bags without handle	B07XR7JWXC	2	28
20 paper bags without handle	B07XRDD6WM	2	28
20 paper bags without handle	B081YQ4XVQ	2	28
20 paper bags without handle	B0829ZQ6CD	0	28
20 paper bags without handle	B087RLL1J5	0	28
20 paper bags without handle	B07XL9LCBR	0	28
20 paper bags without handle	B08GCNH9WT	0	28
20 paper bags without handle	B08J9Y6VS4	2	28
20 paper bags without handle	B08JQCN4QQ	2	28
20 paper bags without handle	B08LZV3QH4	3	28
20 paper bags without handle	B08PL5Y4NJ	3	28
20 paper bags without handle	B09228G6FW	2	28
20 paper bags without handle	B093CJ2TCM	2	28
20 paper bags without handle	B095796KVG	0	28
20 paper bags without handle	B095XWN82Z	2	28
20 paper bags without handle	B07XL96PF2	0	28
20 paper bags without handle	B08C4SYFFX	3	28
20 paper bags without handle	B07V5LJ4Y5	2	28
20 paper bags without handle	B00AQIULD2	3	28
20 paper bags without handle	B00ASBOP9S	0	28
20 paper bags without handle	B01BZ0LXL8	0	28
20 paper bags without handle	B01BZ0MR54	3	28
20 paper bags without handle	B06Y19N17Y	3	28
20 paper bags without handle	B07BGGYYV1	3	28
20 paper bags without handle	B07CYNG5VP	0	28
20 paper bags without handle	B07F3GHFY7	0	28
20 paper bags without handle	B07H3PSRVX	2	28
20 paper bags without handle	B07XK36PWB	2	28
20 paper bags without handle	B07P1FVBGH	2	28
20 paper bags without handle	B07Q65BKMT	2	28
20 paper bags without handle	B07SZGQFZS	2	28
20 paper bags without handle	B07T2JYWNY	2	28
20 paper bags without handle	B07T65ZF76	2	28
20 paper bags without handle	B07TH88TDJ	2	28
20 paper bags without handle	B07V3HLBVF	3	28
20 paper bags without handle	B07V3J3Y5V	0	28
20 paper bags without handle	B07NYCCZH4	0	28
3 metal zipper slider not made in america	B084M5MB6C	2	29
3 metal zipper slider not made in america	B07Q1YHWL3	2	29
3 metal zipper slider not made in america	B07QFN6B8F	3	29
3 metal zipper slider not made in america	B07QT8L76R	3	29
3 metal zipper slider not made in america	B07R4FSR3Z	3	29
3 metal zipper slider not made in america	B07RQKZ568	2	29
3 metal zipper slider not made in america	B07THSNBBW	3	29
3 metal zipper slider not made in america	B07TXMCQCC	3	29
3 metal zipper slider not made in america	B085S3188K	1	29
3 metal zipper slider not made in america	B08YD78DCH	2	29
3 metal zipper slider not made in america	B089GL28PY	0	29
3 metal zipper slider not made in america	B08F27SLP9	3	29
3 metal zipper slider not made in america	B08NGL8268	3	29
3 metal zipper slider not made in america	B08S3HH74K	2	29
3 metal zipper slider not made in america	B08XXNRJP5	3	29
3 metal zipper slider not made in america	B08XXQYXW6	3	29
3 metal zipper slider not made in america	B08Y7R9TL5	3	29
3 metal zipper slider not made in america	B07PM1XH37	3	29
3 metal zipper slider not made in america	B089GK9MBZ	3	29
3 metal zipper slider not made in america	B07KXGN5GD	0	29
3 metal zipper slider not made in america	B07DFZ12RK	3	29
3 metal zipper slider not made in america	B07KRBQ92X	2	29
3 metal zipper slider not made in america	B000FAJEZM	0	29
3 metal zipper slider not made in america	B0054JQCBI	0	29
3 metal zipper slider not made in america	B005HI540G	3	29
3 metal zipper slider not made in america	B005I5JA2G	0	29
3 metal zipper slider not made in america	B009MRFQAG	3	29
3 metal zipper slider not made in america	B00WZZB4Z8	2	29
3 metal zipper slider not made in america	B013XBVZL0	3	29
3 metal zipper slider not made in america	B013XF8T2Y	0	29
3 metal zipper slider not made in america	B00DP4RF4C	2	29
3 metal zipper slider not made in america	B01CIJYXHQ	0	29
3 metal zipper slider not made in america	B0170MLK9K	0	29
3 metal zipper slider not made in america	B07BMZ52G8	2	29
3 metal zipper slider not made in america	B075V6DMV4	3	29
3 metal zipper slider not made in america	B071G3NMG8	3	29
3 metal zipper slider not made in america	B07D8WWYDV	2	29
3 metal zipper slider not made in america	B01H2HOXUG	0	29
3 metal zipper slider not made in america	B01FGYVSK0	2	29
3 metal zipper slider not made in america	B01M4IFK18	2	29
4 braiding hair not stretched	B08R3T19MS	2	30
4 braiding hair not stretched	B08GQZWDCK	3	30
4 braiding hair not stretched	B08HMQM55G	0	30
4 braiding hair not stretched	B08HTZM685	2	30
4 braiding hair not stretched	B08J7L9SRF	0	30
4 braiding hair not stretched	B08NP4KYFT	3	30
4 braiding hair not stretched	B08QMNK4ZD	3	30
4 braiding hair not stretched	B08QRJB3CV	3	30
4 braiding hair not stretched	B08TGFQV6C	3	30
4 braiding hair not stretched	B08C29P69N	3	30
4 braiding hair not stretched	B08TMGDM4S	3	30
4 braiding hair not stretched	B08ZQ8GRQG	3	30
4 braiding hair not stretched	B091C4H2SR	0	30
4 braiding hair not stretched	B09287PHGP	3	30
4 braiding hair not stretched	B092992FSS	3	30
4 braiding hair not stretched	B093TZCYQF	3	30
4 braiding hair not stretched	B094228SQ1	2	30
4 braiding hair not stretched	B08DTCX3WS	3	30
4 braiding hair not stretched	B08THW5XMC	0	30
4 braiding hair not stretched	B095K5XK9S	3	30
4 braiding hair not stretched	B087CG1CMT	0	30
4 braiding hair not stretched	B089SV45K8	2	30
4 braiding hair not stretched	B0714JT5YB	3	30
4 braiding hair not stretched	B071HPF92C	0	30
4 braiding hair not stretched	B071P1D112	2	30
4 braiding hair not stretched	B07F5Z6CWZ	3	30
4 braiding hair not stretched	B07G6HQJMX	3	30
4 braiding hair not stretched	B08BLGV23X	3	30
4 braiding hair not stretched	B07K6MX269	0	30
4 braiding hair not stretched	B07P8PPJ8C	3	30
4 braiding hair not stretched	B07J4PP6SD	3	30
4 braiding hair not stretched	B07YXX1XGZ	2	30
4 braiding hair not stretched	B0813RF6PN	3	30
4 braiding hair not stretched	B08722LXRL	2	30
4 braiding hair not stretched	B087BX4F7R	2	30
4 braiding hair not stretched	B089215HQ5	3	30
4 braiding hair not stretched	B089D16BYC	3	30
4 braiding hair not stretched	B089MG474D	0	30
4 braiding hair not stretched	B07XDHRN6B	3	30
4 pads without wings	B01IAIA95O	3	31
4 pads without wings	B00OJPBESO	3	31
4 pads without wings	B08CMJNSR8	3	31
4 pads without wings	B00XQEOTMC	3	31
4 pads without wings	B01IAI6SD6	3	31
4 pads without wings	B01IAI9UZ4	3	31
4 pads without wings	B01IAI9WNO	3	31
4 pads without wings	B01IULAZ5K	3	31
4 pads without wings	B00NJNJ2JK	0	31
4 pads without wings	B01KL1DOTG	3	31
4 pads without wings	B01N7HMX75	2	31
4 pads without wings	B0771VNWJN	0	31
4 pads without wings	B0771Y7YQ1	2	31
4 pads without wings	B079RJP3JJ	0	31
4 pads without wings	B079RJPH42	0	31
4 pads without wings	B07BNTBPQX	2	31
4 pads without wings	B08518TBQH	3	31
4 pads without wings	B01IZ5EYJO	3	31
4 pads without wings	B00NJNIYFI	0	31
4 pads without wings	B00U10BON6	2	31
4 pads without wings	B00MTT1UI6	0	31
4 pads without wings	B0001KOCHG	2	31
4 pads without wings	B000FFBMRK	3	31
4 pads without wings	B000FFFGX6	3	31
4 pads without wings	B000GCNB6C	3	31
4 pads without wings	B000T9TI5A	0	31
4 pads without wings	B0014GXBTG	0	31
4 pads without wings	B001E6KHAW	3	31
4 pads without wings	B001G7QSGQ	0	31
4 pads without wings	B001G7QUZU	3	31
4 pads without wings	B00N26564O	3	31
4 pads without wings	B0039NMC6K	3	31
4 pads without wings	B0052RF17S	3	31
4 pads without wings	B005OICT84	3	31
4 pads without wings	B006R6U9SY	3	31
4 pads without wings	B007X4SZZI	3	31
4 pads without wings	B00BYFV9OG	3	31
4 pads without wings	B00IVNCCRM	3	31
4 pads without wings	B00LTK2S7S	3	31
4 pads without wings	B0029NYQME	3	31
5 coil zipper without lock	B089T58KHN	0	32
5 coil zipper without lock	B089GLDZ9S	2	32
5 coil zipper without lock	B07X8XFMFH	0	32
5 coil zipper without lock	B082SQY8RQ	3	32
5 coil zipper without lock	B07YWTM9HL	3	32
5 coil zipper without lock	B08BTGZJCV	3	32
5 coil zipper without lock	B089GKCKLR	3	32
5 coil zipper without lock	B08CXGFHTV	0	32
5 coil zipper without lock	B08ML7VMZH	0	32
5 coil zipper without lock	B08G8W3SJ2	2	32
5 coil zipper without lock	B08HS2X9YM	3	32
5 coil zipper without lock	B07QFN6B8F	2	32
5 coil zipper without lock	B08NGL8268	2	32
5 coil zipper without lock	B08P89B8GX	3	32
5 coil zipper without lock	B08XB87J44	3	32
5 coil zipper without lock	B08Y7R9TL5	0	32
5 coil zipper without lock	B0999PFCDV	2	32
5 coil zipper without lock	B08F3KSHX4	3	32
5 coil zipper without lock	B07Q1YHWL3	1	32
5 coil zipper without lock	B089GL28PY	3	32
5 coil zipper without lock	B07H8VXZ5Q	3	32
5 coil zipper without lock	B07MLVW6K1	3	32
5 coil zipper without lock	B0001DUQFU	1	32
5 coil zipper without lock	B003JO3T20	2	32
5 coil zipper without lock	B003W19WJ4	1	32
5 coil zipper without lock	B00506SQPA	3	32
5 coil zipper without lock	B0054JQCBI	2	32
5 coil zipper without lock	B005JS6S0Y	3	32
5 coil zipper without lock	B0170MLK86	2	32
5 coil zipper without lock	B0170MLK9K	2	32
5 coil zipper without lock	B07QQXBPKQ	0	32
5 coil zipper without lock	B01N67GAGC	0	32
5 coil zipper without lock	B073X3D195	3	32
5 coil zipper without lock	B075V6DMV4	3	32
5 coil zipper without lock	B077XC6ZSN	3	32
5 coil zipper without lock	B07BMZ52G8	0	32
5 coil zipper without lock	B07CG4Z7Q8	3	32
5 coil zipper without lock	B07D8WWYDV	3	32
5 coil zipper without lock	B07DFZ12RK	1	32
5 coil zipper without lock	B01EIORCS6	3	32
5 machine screws	B07D1L792M	0	33
5 machine screws	B07D5S2ZKF	0	33
5 machine screws	B07HLJ97J6	0	33
5 machine screws	B082XPZV1V	0	33
5 machine screws	B07XGSNGQS	0	33
5 machine screws	B07XVN7RMB	0	33
5 machine screws	B07QYMQHZ6	0	33
5 machine screws	B07D1KSHGX	0	33
5 machine screws	B00OHX2XYM	0	33
5 machine screws	B00F33UCT8	0	33
5 machine screws	B00F33SNNU	0	33
5 machine screws	B00F2Y09Q4	0	33
5 machine screws	B00137MU5C	0	33
5 machine screws	B000FN5TD0	3	33
5 machine screws	B07C69MV9S	0	33
5 machine screws	B000NHTPTC	0	33
5 orb to not fitting	B07HY5ZJZ5	0	34
5 orb to not fitting	B08LPC9JTB	3	34
5 orb to not fitting	B089F8HBFQ	0	34
5 orb to not fitting	B07X7VT7W8	0	34
5 orb to not fitting	B07V27X9SB	3	34
5 orb to not fitting	B07TPT23S7	3	34
5 orb to not fitting	B07MGT5K99	1	34
5 orb to not fitting	B07HXKQWBJ	3	34
5 orb to not fitting	B07F3WH1KZ	3	34
5 orb to not fitting	B078Z4CV2J	3	34
5 orb to not fitting	B0752QMYMZ	0	34
5 orb to not fitting	B01MXOIVFC	0	34
5 orb to not fitting	B000CPIK5U	2	34
5 orb to not fitting	B07FKB255M	3	34
5 pull cord	B081L2QGBW	2	35
5 pull cord	B07MV9DWLS	0	35
5 pull cord	B07MCSXP1L	0	35
5 pull cord	B07L4SN1CG	3	35
5 pull cord	B07CF7D36C	3	35
5 pull cord	B0771LCG89	0	35
5 pull cord	B01MSCURU9	0	35
5 pull cord	B07SJYHY6M	2	35
5 pull cord	B0148BC9BE	1	35
5 pull cord	B00XJTV8AK	3	35
5 pull cord	B00UFGDEQQ	3	35
5 pull cord	B004HSDAA8	3	35
5 pull cord	B004HSBKJQ	2	35
5 pull cord	B001OKFCU8	3	35
5 pull cord	B00004RB1K	2	35
5 pull cord	B01LL18PSK	0	35
5 zipper tape without pulls	B082SQY8RQ	2	36
5 zipper tape without pulls	B07ZPFH3CT	2	36
5 zipper tape without pulls	B07XT2LV64	0	36
5 zipper tape without pulls	B07RG8RS36	2	36
5 zipper tape without pulls	B07TXMCQCC	2	36
5 zipper tape without pulls	B085YDNVJS	2	36
5 zipper tape without pulls	B07Q1YHWL3	2	36
5 zipper tape without pulls	B07WVSHB2X	2	36
5 zipper tape without pulls	B0895CW8P4	3	36
5 zipper tape without pulls	B08P89B8GX	2	36
5 zipper tape without pulls	B08BTGZJCV	3	36
5 zipper tape without pulls	B08F3KSHX4	2	36
5 zipper tape without pulls	B08PD7BTNT	3	36
5 zipper tape without pulls	B08PS3YWBS	2	36
5 zipper tape without pulls	B08T8VPLQC	3	36
5 zipper tape without pulls	B08TTYVGHH	0	36
5 zipper tape without pulls	B08Y7R9TL5	0	36
5 zipper tape without pulls	B08Z8B1XVL	2	36
5 zipper tape without pulls	B089GL7WQX	3	36
5 zipper tape without pulls	B07PWCY7ZK	0	36
5 zipper tape without pulls	B07H8VXZ5Q	3	36
5 zipper tape without pulls	B07FD13PSF	2	36
5 zipper tape without pulls	B07MLVW6K1	3	36
5 zipper tape without pulls	B00006RSP1	0	36
5 zipper tape without pulls	B003JO3T20	2	36
5 zipper tape without pulls	B00KIUX30G	0	36
5 zipper tape without pulls	B00VXE7MSA	0	36
5 zipper tape without pulls	B01F30YI9K	2	36
5 zipper tape without pulls	B01HJ4SAHY	3	36
5 zipper tape without pulls	B074CMMFXH	2	36
5 zipper tape without pulls	B01DNUIHGM	0	36
5 zipper tape without pulls	B075V6DMV4	2	36
5 zipper tape without pulls	B077XC6ZSN	3	36
5 zipper tape without pulls	B078SVKJJV	2	36
5 zipper tape without pulls	B07B8XQ4T7	3	36
5 zipper tape without pulls	B07C5PDZY2	0	36
5 zipper tape without pulls	B07CG4Z7Q8	2	36
5 zipper tape without pulls	B07CTG6JW8	0	36
5 zipper tape without pulls	B075M27852	3	36
5 zipper tape without pulls	B07D7PN99F	3	36
6 fishing hook without barb	B07ZQQKF7D	3	37
6 fishing hook without barb	B07YJR4TB2	3	37
6 fishing hook without barb	B07XY1VC5T	2	37
6 fishing hook without barb	B07RXM77DH	0	37
6 fishing hook without barb	B07T7PB8CN	2	37
6 fishing hook without barb	B07SNSQGGL	2	37
6 fishing hook without barb	B081N13H7V	0	37
6 fishing hook without barb	B07TWF225Y	0	37
6 fishing hook without barb	B084VK82PP	3	37
6 fishing hook without barb	B08ZKBWTD6	0	37
6 fishing hook without barb	B0891X23M3	0	37
6 fishing hook without barb	B08DDGSHP3	3	37
6 fishing hook without barb	B08FMN6PTT	3	37
6 fishing hook without barb	B08FX74WC2	3	37
6 fishing hook without barb	B08GNB7272	2	37
6 fishing hook without barb	B08PNRWW11	3	37
6 fishing hook without barb	B08QF4K6JN	2	37
6 fishing hook without barb	B07R7QKM8M	0	37
6 fishing hook without barb	B0881KRD8T	3	37
6 fishing hook without barb	B07Q74PSJK	3	37
6 fishing hook without barb	B07D8MD5TP	0	37
6 fishing hook without barb	B07MFKM5VJ	3	37
6 fishing hook without barb	B0000AUY4M	3	37
6 fishing hook without barb	B0000AUYFG	0	37
6 fishing hook without barb	B001AMGGBO	0	37
6 fishing hook without barb	B00SKUS5OU	3	37
6 fishing hook without barb	B018TVQX0C	2	37
6 fishing hook without barb	B071CQ5FPH	1	37
6 fishing hook without barb	B074CXD78R	2	37
6 fishing hook without barb	B077SG4ZFL	3	37
6 fishing hook without barb	B071X95W9X	3	37
6 fishing hook without barb	B07D4B5PY3	3	37
6 fishing hook without barb	B07N63KDNN	2	37
6 fishing hook without barb	B07D9HS1FN	3	37
6 fishing hook without barb	B07DKBWLJ4	2	37
6 fishing hook without barb	B07F1LDRQ3	2	37
6 fishing hook without barb	B07FP14CMH	2	37
6 fishing hook without barb	B07GQY4ZBG	3	37
6 fishing hook without barb	B07H2CB8P3	2	37
6 fishing hook without barb	B07CP5BVGV	2	37
68 do not fuplicate key	B074FJVKSW	0	38
68 do not fuplicate key	B087BZNSXC	0	38
68 do not fuplicate key	B07WS1H7SJ	2	38
68 do not fuplicate key	B07V9PT569	0	38
68 do not fuplicate key	B07MBB29JT	0	38
68 do not fuplicate key	B07FMQYSTB	2	38
68 do not fuplicate key	B018RH0TYE	1	38
68 do not fuplicate key	B00ISBPK08	3	38
68 do not fuplicate key	B00HJAGSB4	3	38
68 do not fuplicate key	B00CIVO9R4	0	38
68 do not fuplicate key	B008IVNJK6	3	38
68 do not fuplicate key	B00772MR0K	0	38
68 do not fuplicate key	B003FIK1O4	3	38
68 do not fuplicate key	B0036S64TE	0	38
68 do not fuplicate key	B0028SCBV8	0	38
8 merchandising tags without string	B078H2722X	0	39
8 merchandising tags without string	B07CJVSV6F	2	39
8 merchandising tags without string	B07DN7DGLB	3	39
8 merchandising tags without string	B07F9196J8	1	39
8 merchandising tags without string	B07F9QS5C4	2	39
8 merchandising tags without string	B07N13544L	2	39
8 merchandising tags without string	B07RBJJM8F	2	39
8 merchandising tags without string	B07RHJ2T8C	3	39
8 merchandising tags without string	B07YTQV1S8	2	39
8 merchandising tags without string	B07VDRNXL5	3	39
8 merchandising tags without string	B07Y1PZQ93	3	39
8 merchandising tags without string	B078498GPV	2	39
8 merchandising tags without string	B07ZD3CGS1	2	39
8 merchandising tags without string	B081GZHD9C	3	39
8 merchandising tags without string	B083P2TLNZ	3	39
8 merchandising tags without string	B083P32KH3	2	39
8 merchandising tags without string	B08LGFWPW2	0	39
8 merchandising tags without string	B07SJ8ZCGT	0	39
8 merchandising tags without string	B077Y144JP	2	39
8 merchandising tags without string	B08RDMP8FH	0	39
8 merchandising tags without string	B077PNRNGK	0	39
8 merchandising tags without string	B077XBR4RZ	3	39
8 merchandising tags without string	B001E6C3AE	2	39
8 merchandising tags without string	B003H8WOPQ	3	39
8 merchandising tags without string	B00485MJG6	3	39
8 merchandising tags without string	B0089P07G0	2	39
8 merchandising tags without string	B0089P2BR8	3	39
8 merchandising tags without string	B0089P7B6Y	0	39
8 merchandising tags without string	B0089P7DVW	3	39
8 merchandising tags without string	B00A7FB0XO	3	39
8 merchandising tags without string	B0089P54UE	3	39
8 merchandising tags without string	B00SSCGE6Q	3	39
8 merchandising tags without string	B00I0EU22Y	3	39
8 merchandising tags without string	B0776MTTSC	3	39
8 merchandising tags without string	B07541MJRV	0	39
8 merchandising tags without string	B074W5CL35	2	39
8 merchandising tags without string	B0776SL6WV	3	39
8 merchandising tags without string	B01LXOIPY7	2	39
8 merchandising tags without string	B016QRMEWM	1	39
8 merchandising tags without string	B01MSJPRSX	3	39
8 phillips head wood screws	B07D1L98GC	2	40
8 phillips head wood screws	B07PQS4G74	3	40
8 phillips head wood screws	B07PNHNL89	3	40
8 phillips head wood screws	B07L4BSVDV	3	40
8 phillips head wood screws	B07GDQ9LRN	3	40
8 phillips head wood screws	B07DDK12GD	3	40
8 phillips head wood screws	B07D1L9MZL	3	40
8 phillips head wood screws	B07D1KL6SR	3	40
8 phillips head wood screws	B079SZHGWC	3	40
8 phillips head wood screws	B076CRM885	3	40
8 phillips head wood screws	B075DJ7FX4	3	40
8 phillips head wood screws	B075DJ2R9Z	3	40
8 phillips head wood screws	B074ZZFQBY	3	40
8 phillips head wood screws	B01MFAIS08	3	40
8 phillips head wood screws	B01M9E5WS8	3	40
8 phillips head wood screws	B00OHUPJPU	2	40
8 tags without string	B0751KS4ZW	0	41
8 tags without string	B07541MJRV	2	41
8 tags without string	B075WX3LFF	2	41
8 tags without string	B076BBJYRN	2	41
8 tags without string	B0772W8DPP	0	41
8 tags without string	B077PNRNGK	2	41
8 tags without string	B078498GPV	2	41
8 tags without string	B08TBV8TKQ	3	41
8 tags without string	B07CJVSV6F	0	41
8 tags without string	B07FNCSY6B	2	41
8 tags without string	B07F1GQ6PZ	2	41
8 tags without string	B074W5CL35	2	41
8 tags without string	B07PCVN39G	2	41
8 tags without string	B07RBJJM8F	2	41
8 tags without string	B07XTF1RBL	2	41
8 tags without string	B07ZD3CGS1	3	41
8 tags without string	B081GZHD9C	2	41
8 tags without string	B0895341NQ	2	41
8 tags without string	B07DLQ1HD9	2	41
8 tags without string	B06XTJQGY8	0	41
8 tags without string	B013ORWC9W	3	41
8 tags without string	B01LXOIPY7	0	41
8 tags without string	B01N454RCB	3	41
8 tags without string	B001E682C2	2	41
8 tags without string	B001E6C3AE	3	41
8 tags without string	B001GXCSWS	3	41
8 tags without string	B003H8WRC6	2	41
8 tags without string	B00OLNG12I	0	41
8 tags without string	B00SSCGE6Q	0	41
8 tags without string	B00WHXQHVE	2	41
8 tags without string	B00I0EU22Y	3	41
8 tags without string	B013ORWBC0	3	41
8 tags without string	B013ORWB7K	3	41
8 tags without string	B013ORXI4A	3	41
8 tags without string	B013ORXI2W	2	41
8 tags without string	B013ORWSYQ	3	41
8 tags without string	B013ORXICC	0	41
8 tags without string	B013ORWKLW	3	41
8 tags without string	B013ORWKEO	3	41
8 tags without string	B013ORWP62	2	41
82 jewelry box without cotton	B07XSZFX8Q	3	42
82 jewelry box without cotton	B07TX881NW	2	42
82 jewelry box without cotton	B07V8MQ9W8	0	42
82 jewelry box without cotton	B07VT7BTQF	3	42
82 jewelry box without cotton	B07W83QKH7	3	42
82 jewelry box without cotton	B07W8F4HCT	3	42
82 jewelry box without cotton	B07WNHCL2G	3	42
82 jewelry box without cotton	B07Y7MCRXK	3	42
82 jewelry box without cotton	B07TPSNCJL	2	42
82 jewelry box without cotton	B07YLKQB8Z	3	42
82 jewelry box without cotton	B07YZ995LD	0	42
82 jewelry box without cotton	B081GFM1MC	0	42
82 jewelry box without cotton	B0842BM5MG	0	42
82 jewelry box without cotton	B0842X9T9Q	2	42
82 jewelry box without cotton	B0843KMZLR	0	42
82 jewelry box without cotton	B084KWVQBL	3	42
82 jewelry box without cotton	B07YHRR1BY	3	42
82 jewelry box without cotton	B07TN4XQLY	3	42
82 jewelry box without cotton	B07V71QKML	3	42
82 jewelry box without cotton	B07QCG85CY	2	42
82 jewelry box without cotton	B000YZ3RQA	0	42
82 jewelry box without cotton	B007PKHGSC	0	42
82 jewelry box without cotton	B01EP74XQA	0	42
82 jewelry box without cotton	B01IFW1UQW	0	42
82 jewelry box without cotton	B01N1PWUA9	2	42
82 jewelry box without cotton	B01N6QTL9D	0	42
82 jewelry box without cotton	B073XLLRK3	2	42
82 jewelry box without cotton	B075WYYJT9	2	42
82 jewelry box without cotton	B072DZF4SR	2	42
82 jewelry box without cotton	B076651LM6	2	42
82 jewelry box without cotton	B07665XFZ4	0	42
82 jewelry box without cotton	B077ZLDRH5	3	42
82 jewelry box without cotton	B07D8R9YXP	2	42
82 jewelry box without cotton	B07H93L6MC	0	42
82 jewelry box without cotton	B07R4TQBBS	3	42
82 jewelry box without cotton	B07NJ6JV5B	3	42
82 jewelry box without cotton	B07PCHLX8G	3	42
82 jewelry box without cotton	B075WZG834	2	42
9x5 wood screws	B01IHHLB3W	0	43
9x5 wood screws	B07XJHND3T	0	43
9x5 wood screws	B07MZTT1BF	0	43
9x5 wood screws	B07HRN9J19	0	43
9x5 wood screws	B073WR319C	0	43
9x5 wood screws	B01MUBU0YC	0	43
9x5 wood screws	B00VUTAFR8	0	43
9x5 wood screws	B00SFSU53G	0	43
9x5 wood screws	B00NKYYMAW	0	43
9x5 wood screws	B00LS9UD2M	0	43
9x5 wood screws	B00EYN1NEG	0	43
9x5 wood screws	B00ET5VMTU	3	43
9x5 wood screws	B009S750LA	0	43
9x5 wood screws	B006V6YAPI	3	43
9x5 wood screws	B001OC5UMQ	0	43
9x5 wood screws	B00NPVCPRM	0	43
do not disturb, jeidah bila	B07PW4TZJF	0	44
do not disturb, jeidah bila	B07Z4FFDN1	0	44
do not disturb, jeidah bila	B07XWT2XJG	0	44
do not disturb, jeidah bila	B07S9N7BD2	3	44
do not disturb, jeidah bila	B07XBV42WJ	0	44
do not disturb, jeidah bila	B07X16QR57	0	44
do not disturb, jeidah bila	B081J146N4	0	44
do not disturb, jeidah bila	B07XGNT7RD	0	44
do not disturb, jeidah bila	B083LF83DT	0	44
do not disturb, jeidah bila	B08B2THKK1	0	44
do not disturb, jeidah bila	B085LJD3XT	0	44
do not disturb, jeidah bila	B085Z4NTDD	0	44
do not disturb, jeidah bila	B089SL22WP	0	44
do not disturb, jeidah bila	B08BCDPR3P	0	44
do not disturb, jeidah bila	B08CT786Q2	0	44
do not disturb, jeidah bila	B08F3RRPLQ	0	44
do not disturb, jeidah bila	B091FZ4T19	0	44
do not disturb, jeidah bila	B091YLX646	0	44
do not disturb, jeidah bila	B084P11L9J	0	44
do not disturb, jeidah bila	B07KSSHPX6	3	44
do not disturb, jeidah bila	B07BRY2V7X	0	44
do not disturb, jeidah bila	B07K1KBYHS	0	44
do not disturb, jeidah bila	B07KM3KCNG	0	44
do not disturb, jeidah bila	B000RYFQ44	0	44
do not disturb, jeidah bila	B00A0KNJDU	0	44
do not disturb, jeidah bila	B00TO8QRC4	0	44
do not disturb, jeidah bila	B00V155S46	0	44
do not disturb, jeidah bila	B01A99XFE4	0	44
do not disturb, jeidah bila	B06XDC5TDJ	0	44
do not disturb, jeidah bila	B073DLVF89	0	44
do not disturb, jeidah bila	B073ZXRCXS	0	44
do not disturb, jeidah bila	B01L7ROZNC	0	44
do not disturb, jeidah bila	B076C5YVCK	0	44
do not disturb, jeidah bila	B075X58TYJ	0	44
do not disturb, jeidah bila	B07FDVL47G	2	44
do not disturb, jeidah bila	B07F1GMRM9	0	44
do not disturb, jeidah bila	B07DQGJ8V1	0	44
do not disturb, jeidah bila	B07JKHNF7N	0	44
do not disturb, jeidah bila	B078ZB8CHV	0	44
do not disturb, jeidah bila	B07CT5JK8H	0	44
followme ultra soft velour robe without hood for men	B077GCN995	3	45
followme ultra soft velour robe without hood for men	B07ND6SM5G	0	45
followme ultra soft velour robe without hood for men	B07BC8Y4C6	2	45
followme ultra soft velour robe without hood for men	B07CS9N7YZ	2	45
followme ultra soft velour robe without hood for men	B07D6S1RX4	2	45
followme ultra soft velour robe without hood for men	B07D77BSFL	2	45
followme ultra soft velour robe without hood for men	B07F8KRC9D	2	45
followme ultra soft velour robe without hood for men	B07KTB35YN	2	45
followme ultra soft velour robe without hood for men	B07R81WG64	2	45
followme ultra soft velour robe without hood for men	B08HWJY7JF	0	45
followme ultra soft velour robe without hood for men	B07V7GVF82	2	45
followme ultra soft velour robe without hood for men	B0882M5LB2	0	45
followme ultra soft velour robe without hood for men	B088K5BKY4	3	45
followme ultra soft velour robe without hood for men	B08DXM6FFH	3	45
followme ultra soft velour robe without hood for men	B08P2XVHZ2	2	45
followme ultra soft velour robe without hood for men	B08F9RCQS1	2	45
followme ultra soft velour robe without hood for men	B08G9LRR8J	2	45
followme ultra soft velour robe without hood for men	B077DZ1CGX	3	45
followme ultra soft velour robe without hood for men	B07SHXVK3Q	3	45
followme ultra soft velour robe without hood for men	B077BWJ6B4	0	45
followme ultra soft velour robe without hood for men	B00GOZS68S	2	45
followme ultra soft velour robe without hood for men	B075R5PSNN	2	45
followme ultra soft velour robe without hood for men	B0028K3430	2	45
followme ultra soft velour robe without hood for men	B0046BMMJG	3	45
followme ultra soft velour robe without hood for men	B00B17P5Z6	2	45
followme ultra soft velour robe without hood for men	B011KP9X06	2	45
followme ultra soft velour robe without hood for men	B016R4AJWQ	2	45
followme ultra soft velour robe without hood for men	B01JVO1WX4	2	45
followme ultra soft velour robe without hood for men	B01LP67X8O	2	45
followme ultra soft velour robe without hood for men	B06XTXM8JQ	2	45
followme ultra soft velour robe without hood for men	B00VH4831G	3	45
followme ultra soft velour robe without hood for men	B071FKFSQ1	2	45
followme ultra soft velour robe without hood for men	B06ZYWRNN5	3	45
followme ultra soft velour robe without hood for men	B073Q89JRJ	2	45
followme ultra soft velour robe without hood for men	B072LYJB84	2	45
followme ultra soft velour robe without hood for men	B072L78FT4	3	45
followme ultra soft velour robe without hood for men	B0765Q2HQQ	3	45
followme ultra soft velour robe without hood for men	B072HMWKFC	2	45
followme ultra soft velour robe without hood for men	B071Y5SFYP	3	45
followme ultra soft velour robe without hood for men	B071R6C5JC	3	45
hydrate not dydrate	B08W9GF9HD	3	46
hydrate not dydrate	B07TQ8TJ1P	0	46
hydrate not dydrate	B07SPZ2HGT	0	46
hydrate not dydrate	B07NR8FBMT	0	46
hydrate not dydrate	B07K3261ZD	3	46
hydrate not dydrate	B07JP5375R	0	46
hydrate not dydrate	B07HCNM7KQ	3	46
hydrate not dydrate	B07GJBBGHG	0	46
hydrate not dydrate	B0784WGDKM	0	46
hydrate not dydrate	B075NPB5S1	3	46
hydrate not dydrate	B083GC98D8	0	46
hydrate not dydrate	B0748ZCLX4	3	46
hydrate not dydrate	B06XB32CVV	0	46
hydrate not dydrate	B06XWFL84R	0	46
hydrate not dydrate	B0013OJUY4	2	46
hydrate not dydrate	B002MSN3QQ	0	46
hydrate not dydrate	B00T0C9XRK	0	46
hydrate not dydrate	B000H0XFCS	0	46
hydrate not dydrate	B01BGQ1MLW	0	46
hydrate not dydrate	B01BI8K6S8	0	46
hydrate not dydrate	B01I7BJD9C	3	46
hydrate not dydrate	B01IT9NLHW	3	46
hydrate not dydrate	B01B3A0S9S	0	46
i am not chinese	B07RV7JV7Z	0	47
i am not chinese	B0778TLRZV	0	47
i am not chinese	B07BYZ47RF	0	47
i am not chinese	B07CSPS3MT	3	47
i am not chinese	B07G5HXWV3	0	47
i am not chinese	B07GL4MHBK	0	47
i am not chinese	B07KXHVGWJ	0	47
i am not chinese	B07RW8S38X	0	47
i am not chinese	B088CSRN9W	0	47
i am not chinese	B07SGBZXQX	0	47
i am not chinese	B07YMKK4Q5	0	47
i am not chinese	B082YKSNC2	0	47
i am not chinese	B086KMYNSS	0	47
i am not chinese	B089344XZF	0	47
i am not chinese	B08DSTHKQB	0	47
i am not chinese	B08KRL1BL7	0	47
i am not chinese	B076DLLMXD	0	47
i am not chinese	B07S92BMMW	0	47
i am not chinese	B0754N33D4	0	47
i am not chinese	B089CQVGYV	3	47
i am not chinese	B01HFKH0EQ	0	47
i am not chinese	0316322407	0	47
i am not chinese	B073TW7T7K	0	47
i am not chinese	0890871175	0	47
i am not chinese	0937539384	0	47
i am not chinese	0998434981	0	47
i am not chinese	136802131X	0	47
i am not chinese	141694737X	0	47
i am not chinese	164152815X	0	47
i am not chinese	1677880597	0	47
i am not chinese	0316388378	0	47
i am not chinese	1732596344	0	47
i am not chinese	753548672X	0	47
i am not chinese	9387779262	0	47
i am not chinese	B0012YG7PK	0	47
i am not chinese	B007R0L47O	0	47
i am not chinese	B00L2RN6Z6	0	47
i am not chinese	B00SDR9U0S	0	47
i am not chinese	B00Y1NQW2M	0	47
i am not chinese	1724181610	0	47
i may not look like diesel decals	B07PLVM4KS	0	48
i may not look like diesel decals	B07RQFXM4G	2	48
i may not look like diesel decals	B07S2Z9433	0	48
i may not look like diesel decals	B07V39BQTL	0	48
i may not look like diesel decals	B07XWTB27B	2	48
i may not look like diesel decals	B081HT52TV	0	48
i may not look like diesel decals	B085N8GSVL	2	48
i may not look like diesel decals	B08JYX75H7	0	48
i may not look like diesel decals	B089K519TS	0	48
i may not look like diesel decals	B08HSLC66R	0	48
i may not look like diesel decals	B08JPQS1QW	3	48
i may not look like diesel decals	B08P9GW4VG	2	48
i may not look like diesel decals	B08PPDK42J	0	48
i may not look like diesel decals	B08SJSXS9X	0	48
i may not look like diesel decals	B07NW54Y9L	0	48
i may not look like diesel decals	B088QFCDJH	0	48
i may not look like diesel decals	B07NW459P8	2	48
i may not look like diesel decals	B07WJ3B8ZZ	0	48
i may not look like diesel decals	B07JNTTX6S	0	48
i may not look like diesel decals	B00AR9G6XO	0	48
i may not look like diesel decals	B00CW1D8U4	3	48
i may not look like diesel decals	B00IY3YLCI	0	48
i may not look like diesel decals	B00MQGO0S4	0	48
i may not look like diesel decals	B00NMFE0BK	0	48
i may not look like diesel decals	B00SG82OOI	0	48
i may not look like diesel decals	B06XDFQX3Q	0	48
i may not look like diesel decals	B074Q3P1TD	0	48
i may not look like diesel decals	B01M0A5KZS	2	48
i may not look like diesel decals	B07BFJSJ1D	2	48
i may not look like diesel decals	B07CRPKTY9	2	48
i may not look like diesel decals	B07D91LFG1	3	48
i may not look like diesel decals	B07HVQS8LZ	0	48
i may not look like diesel decals	B07J24DGBR	0	48
i may not look like diesel decals	B07JNJLKHH	0	48
i may not look like diesel decals	B075X2JJNT	0	48
i may not look like diesel decals	B07KMQCD41	2	48
metoo not you	B07VC1G4L8	0	49
metoo not you	B08KH3T4VV	2	49
metoo not you	B08GJRPXHM	0	49
metoo not you	B0858KYNY2	0	49
metoo not you	B082LW17MC	0	49
metoo not you	B07Y3GLLC4	0	49
metoo not you	B07NDFV6TR	0	49
metoo not you	B07MXPQJ9G	0	49
metoo not you	1982159138	0	49
metoo not you	162006216X	1	49
metoo not you	1540900827	0	49
metoo not you	152615580X	3	49
metoo not you	1524762350	0	49
metoo not you	B07N8JPTR1	0	49
pinkandproud not sorry glitter lipstick	B07PGQDJ73	3	50
pinkandproud not sorry glitter lipstick	B07Q633P8S	2	50
pinkandproud not sorry glitter lipstick	B07QYKYS49	2	50
pinkandproud not sorry glitter lipstick	B07R7V7XLN	3	50
pinkandproud not sorry glitter lipstick	B07R8TJ7WV	2	50
pinkandproud not sorry glitter lipstick	B07SM3G7KV	2	50
pinkandproud not sorry glitter lipstick	B07YHL83HW	1	50
pinkandproud not sorry glitter lipstick	B07Z9WBHWR	2	50
pinkandproud not sorry glitter lipstick	B087PWWL8N	2	50
pinkandproud not sorry glitter lipstick	B08682953Z	2	50
pinkandproud not sorry glitter lipstick	B087JCGWYF	2	50
pinkandproud not sorry glitter lipstick	B08DXLHJHT	2	50
pinkandproud not sorry glitter lipstick	B08F7CWDY2	3	50
pinkandproud not sorry glitter lipstick	B08GYZYNM8	2	50
pinkandproud not sorry glitter lipstick	B08HV9MK1H	2	50
pinkandproud not sorry glitter lipstick	B08LYP272Y	3	50
pinkandproud not sorry glitter lipstick	B07LD6YB1Q	2	50
pinkandproud not sorry glitter lipstick	B085LJQTTF	2	50
pinkandproud not sorry glitter lipstick	B07FD5KXT1	0	50
pinkandproud not sorry glitter lipstick	B07P38F57X	2	50
pinkandproud not sorry glitter lipstick	B07BFVLMVY	2	50
pinkandproud not sorry glitter lipstick	B001LFCNGC	2	50
pinkandproud not sorry glitter lipstick	B002IRKK2G	2	50
pinkandproud not sorry glitter lipstick	B0046753LO	2	50
pinkandproud not sorry glitter lipstick	B00J2AP9OG	2	50
pinkandproud not sorry glitter lipstick	B016XJ5LE6	2	50
pinkandproud not sorry glitter lipstick	B017NVFQZ2	2	50
pinkandproud not sorry glitter lipstick	B01FSJVDJO	2	50
pinkandproud not sorry glitter lipstick	B01N4SRYZK	2	50
pinkandproud not sorry glitter lipstick	B06XF16MWM	2	50
pinkandproud not sorry glitter lipstick	B01DPA7WO8	2	50
pinkandproud not sorry glitter lipstick	B0757K8LJ3	0	50
pinkandproud not sorry glitter lipstick	B073X2MWXH	2	50
pinkandproud not sorry glitter lipstick	B07DZJ8YSM	2	50
pinkandproud not sorry glitter lipstick	B078J88QD9	2	50
pinkandproud not sorry glitter lipstick	B078BTB69Z	2	50
pinkandproud not sorry glitter lipstick	B078VNH5MR	2	50
pinkandproud not sorry glitter lipstick	B076WX811Q	2	50
pinkandproud not sorry glitter lipstick	B0762M2ZWJ	2	50
pinkandproud not sorry glitter lipstick	B0777KRYCH	2	50
stuccoville life without a net	B07FZ8S74R	0	51
stuccoville life without a net	B08LRQQ875	0	51
stuccoville life without a net	B07W81XXLQ	0	51
stuccoville life without a net	B07SZ1H698	0	51
stuccoville life without a net	B07SS9MV21	0	51
stuccoville life without a net	B07P6JTB1G	0	51
stuccoville life without a net	B07MMTLTH1	0	51
stuccoville life without a net	B07DDM6YZR	0	51
stuccoville life without a net	B01FCG3SHI	0	51
stuccoville life without a net	B01DBTFO98	0	51
stuccoville life without a net	B00VFYYAC4	0	51
stuccoville life without a net	B00JH98GR4	0	51
stuccoville life without a net	B005KMDV9A	0	51
stuccoville life without a net	B005JAT3TU	0	51
stuccoville life without a net	B003V5V5J6	0	51
stuccoville life without a net	194796643X	3	51
this is not a truck decals	B07RTNBV6D	2	52
this is not a truck decals	B07TTTLXV2	0	52
this is not a truck decals	B07ZWH5QG5	3	52
this is not a truck decals	B08128BBS3	0	52
this is not a truck decals	B084GZB83V	2	52
this is not a truck decals	B08ZSY5TJM	0	52
this is not a truck decals	B084ZD9HX6	2	52
this is not a truck decals	B08BNPT9XG	2	52
this is not a truck decals	B08PQ6ZQCG	0	52
this is not a truck decals	B08M3H3MCR	2	52
this is not a truck decals	B08N6JL9Q4	2	52
this is not a truck decals	B07QPSMS91	3	52
this is not a truck decals	B08QJRKGQ1	0	52
this is not a truck decals	B08W5FDHMC	3	52
this is not a truck decals	B08XPTZH21	0	52
this is not a truck decals	B08XYKV1S6	0	52
this is not a truck decals	B08ZSY37XW	0	52
this is not a truck decals	B08BNQC5CJ	2	52
this is not a truck decals	B07NZZSTJG	1	52
this is not a truck decals	B01LXCNIYI	2	52
this is not a truck decals	B07HNN9LTG	2	52
this is not a truck decals	B07NDLGSXZ	2	52
this is not a truck decals	B00AR9G6XO	0	52
this is not a truck decals	B00CDVPEAA	3	52
this is not a truck decals	B00J81CZC8	0	52
this is not a truck decals	B00N16RH3S	2	52
this is not a truck decals	B014JQ460U	2	52
this is not a truck decals	B0178JD8B8	2	52
this is not a truck decals	B018H3P6HI	2	52
this is not a truck decals	B00U7QSJ28	0	52
this is not a truck decals	B01A4O4Y58	2	52
this is not a truck decals	B01A4O5ZRE	0	52
this is not a truck decals	B06ZXY5P5H	2	52
this is not a truck decals	B071FRF9CJ	0	52
this is not a truck decals	B07229R4T1	2	52
this is not a truck decals	B076ZYDQJ8	0	52
this is not a truck decals	B076ZZJJ4R	0	52
this is not a truck decals	B018H3TRIW	0	52
this is not a truck decals	B07HNDPWZW	3	52
try not to suck tshirt	B07P8GG6XP	3	53
try not to suck tshirt	B07P3PC4P6	3	53
try not to suck tshirt	B07P1FSJ3T	3	53
try not to suck tshirt	B07MFK4R1T	2	53
try not to suck tshirt	B07N1QP7JH	3	53
try not to suck tshirt	B07MQXHMBP	3	53
try not to suck tshirt	B07PCWR8GP	3	53
try not to suck tshirt	B07NX6JL7H	0	53
try not to suck tshirt	B07PH1XDQP	2	53
try not to suck tshirt	B08FRPL9DV	0	53
try not to suck tshirt	B07PLF6HB9	3	53
try not to suck tshirt	B08NV7PRX8	0	53
try not to suck tshirt	B07RW4PPYR	0	53
try not to suck tshirt	B07S2Z9433	2	53
try not to suck tshirt	B07TB596SL	2	53
try not to suck tshirt	B087QFTHNM	2	53
try not to suck tshirt	B08CRGVC94	2	53
try not to suck tshirt	B07L13CZNL	3	53
try not to suck tshirt	B07PJZRNBJ	3	53
try not to suck tshirt	B07KVR6LVV	3	53
try not to suck tshirt	B015G0DCFS	0	53
try not to suck tshirt	B07H9JC2JV	0	53
try not to suck tshirt	B00NMFE0BK	2	53
try not to suck tshirt	B00NMFQPF4	2	53
try not to suck tshirt	B00TCYZ302	2	53
try not to suck tshirt	B00VJ8O3SM	2	53
try not to suck tshirt	B00XD075HU	2	53
try not to suck tshirt	B0155K16A2	0	53
try not to suck tshirt	B015G0EWLG	2	53
try not to suck tshirt	B015G0F03U	2	53
try not to suck tshirt	B07KDRHCZ8	3	53
try not to suck tshirt	B016Q1CXI8	0	53
try not to suck tshirt	B017OA5AKI	2	53
try not to suck tshirt	B01JHD9FIS	2	53
try not to suck tshirt	B06XWN1R4M	2	53
try not to suck tshirt	B0758YVFG8	0	53
try not to suck tshirt	B076FTC6FQ	2	53
try not to suck tshirt	B07DMR9L6N	3	53
try not to suck tshirt	B07FQKM692	2	53
try not to suck tshirt	B015G0IQ6I	0	53
0.00 not kindleunlimited	B0926VH8DK	2	54
0.00 not kindleunlimited	B084VVGLY4	3	54
0.00 not kindleunlimited	B07K8TR8SQ	0	54
0.00 not kindleunlimited	B07DTJ8YNJ	0	54
0.00 not kindleunlimited	B01LYDS038	3	54
0.00 not kindleunlimited	B019MMUA8S	0	54
0.00 not kindleunlimited	B014V1Q6SI	0	54
0.00 not kindleunlimited	B00YF8TIRY	3	54
0.00 not kindleunlimited	B00KUX0NAE	3	54
0.00 not kindleunlimited	B004OL2OKK	1	54
0.00 not kindleunlimited	B01AQNYZ3I	3	54
1 dollar toys not fidgets	B091GDKH8K	0	55
1 dollar toys not fidgets	B091TF24FM	0	55
1 dollar toys not fidgets	B0921ZKSMB	0	55
1 dollar toys not fidgets	B0924FLSRX	0	55
1 dollar toys not fidgets	B092D95NSW	0	55
1 dollar toys not fidgets	B092Q928X4	0	55
1 dollar toys not fidgets	B093C9BP7S	3	55
1 dollar toys not fidgets	B093W6D8GM	0	55
1 dollar toys not fidgets	B094CY63L2	0	55
1 dollar toys not fidgets	B0949GWZ8T	2	55
1 dollar toys not fidgets	B099S3DZYB	3	55
1 dollar toys not fidgets	B09531YMJK	0	55
1 dollar toys not fidgets	B097GJK7P9	0	55
1 dollar toys not fidgets	B097T8K5SC	0	55
1 dollar toys not fidgets	B097T8S7F9	0	55
1 dollar toys not fidgets	B091CC7JX4	0	55
1 dollar toys not fidgets	B093WLV6S5	0	55
1 dollar toys not fidgets	B08Z7P7G41	0	55
1 dollar toys not fidgets	B094G3JKG5	3	55
1 dollar toys not fidgets	B08Y8W53XK	1	55
1 dollar toys not fidgets	B08YCYBPJY	0	55
1 dollar toys not fidgets	B004HI4YGC	0	55
1 dollar toys not fidgets	B00ZY6JHU4	0	55
1 dollar toys not fidgets	B07F81VDL2	2	55
1 dollar toys not fidgets	B07MBW6JNL	0	55
1 dollar toys not fidgets	B07YJF17C9	0	55
1 dollar toys not fidgets	B08KGV5MZD	0	55
1 dollar toys not fidgets	B08L3K3B41	0	55
1 dollar toys not fidgets	B07PS6JW56	3	55
1 dollar toys not fidgets	B08MT7NRG2	0	55
1 dollar toys not fidgets	B08N1B4STG	0	55
1 dollar toys not fidgets	B08T8W57JK	0	55
1 dollar toys not fidgets	B08V1FHCD4	0	55
1 dollar toys not fidgets	B08XJN8QBV	2	55
1 dollar toys not fidgets	B08XLHV46W	0	55
1 dollar toys not fidgets	B08XPK5JV5	0	55
1 dollar toys not fidgets	B08LNGFYGJ	2	55
1 dollar toys not fidgets	B08XQPD7YV	0	55
1 first addition charizard not fake	B07DP6CZQV	3	56
1 first addition charizard not fake	B079Z9QG31	1	56
1 first addition charizard not fake	B071SB5CFN	2	56
1 first addition charizard not fake	B07349NM1N	3	56
1 first addition charizard not fake	B071VWLKX6	2	56
1 first addition charizard not fake	B07KYLSD63	2	56
1 first addition charizard not fake	B0797PZQDC	1	56
1 first addition charizard not fake	B07NZ7JDL6	2	56
1 first addition charizard not fake	B08NJBM5Q3	0	56
1 first addition charizard not fake	B07SWQW55L	0	56
1 first addition charizard not fake	B07TWLNL78	1	56
1 first addition charizard not fake	B07YCTZ2C7	2	56
1 first addition charizard not fake	B07YQN19Y5	3	56
1 first addition charizard not fake	B07Z45DRKQ	2	56
1 first addition charizard not fake	B07ZQTT3X6	1	56
1 first addition charizard not fake	B0829FT44S	3	56
1 first addition charizard not fake	B06Y2D86JR	2	56
1 first addition charizard not fake	B07R59DJLQ	3	56
1 first addition charizard not fake	B01M6BD7JD	0	56
1 first addition charizard not fake	B07CMMSKN7	0	56
1 first addition charizard not fake	B01M4QLNYM	2	56
1 first addition charizard not fake	B000HSVUGS	0	56
1 first addition charizard not fake	B000WD3XBI	2	56
1 first addition charizard not fake	B001CJVTLC	2	56
1 first addition charizard not fake	B001DIJ48C	2	56
1 first addition charizard not fake	B0062DPBSU	3	56
1 first addition charizard not fake	B0062DPC5W	3	56
1 first addition charizard not fake	B00IJC7VLC	0	56
1 first addition charizard not fake	B01M234I19	2	56
1 first addition charizard not fake	B0062DOVJA	2	56
1 first addition charizard not fake	B01M3XE6XZ	2	56
1 first addition charizard not fake	B01M34NVCA	0	56
1 first addition charizard not fake	B01M4QKS1X	1	56
1 first addition charizard not fake	B01M4QKI8I	0	56
1 first addition charizard not fake	B01M4QJUOL	1	56
1 first addition charizard not fake	B01M5INTU8	2	56
1 first addition charizard not fake	B01M4QHJG8	0	56
1 first addition charizard not fake	B01M4JDD7T	0	56
1 first addition charizard not fake	B01M4QJIJF	3	56
1 items for men	B01ES40PIU	2	57
1 items for men	B078HZNFVQ	3	57
1 items for men	B0787T4R5Q	0	57
1 items for men	B077ZL67P1	2	57
1 items for men	B077YHFWL3	0	57
1 items for men	B071WWY2W7	2	57
1 items for men	B071GCRXCV	2	57
1 items for men	B079J7SCBF	2	57
1 items for men	B014WC02VS	3	57
1 items for men	B00NQE0F3Y	2	57
1 items for men	B00GJAEMZY	2	57
1 items for men	B00F4SEYKU	2	57
1 items for men	B00D1G8XA4	2	57
1 items for men	B006KESP48	2	57
1 items for men	B0007YCC7S	2	57
1 items for men	B0144ZBMPI	2	57
1 million that look real but that is not it	B07D266SGW	0	58
1 million that look real but that is not it	B07D4LLMGL	0	58
1 million that look real but that is not it	B07FZ8S74R	0	58
1 million that look real but that is not it	B07GRBSZMN	0	58
1 million that look real but that is not it	B07P6MZPK3	3	58
1 million that look real but that is not it	B07P8YMVNT	0	58
1 million that look real but that is not it	B07Q3VH41X	0	58
1 million that look real but that is not it	B07WQYC733	3	58
1 million that look real but that is not it	B0881WHZHM	3	58
1 million that look real but that is not it	B09222KHMC	0	58
1 million that look real but that is not it	B08JFZNKR9	3	58
1 million that look real but that is not it	B08KTWX781	2	58
1 million that look real but that is not it	B08V1FHCD4	0	58
1 million that look real but that is not it	B08ZGQPCF1	2	58
1 million that look real but that is not it	B091FXH2FR	0	58
1 million that look real but that is not it	B079TB79BL	0	58
1 million that look real but that is not it	B07YJJ8VRH	0	58
1 million that look real but that is not it	B078BDX285	0	58
1 million that look real but that is not it	B00PU0CQ8O	0	58
1 million that look real but that is not it	B06Y5KWDMR	0	58
1 million that look real but that is not it	B07787FMRM	0	58
1 million that look real but that is not it	B000HL3Y3C	0	58
1 million that look real but that is not it	B000KW5I6E	0	58
1 million that look real but that is not it	B00EWK00FY	0	58
1 million that look real but that is not it	B00FGXSE36	3	58
1 million that look real but that is not it	B00PFCT2R0	0	58
1 million that look real but that is not it	B00V51DXBG	0	58
1 million that look real but that is not it	B00GSO1D9O	0	58
1 million that look real but that is not it	B01FHDZGGM	0	58
1 million that look real but that is not it	B01H6GUCCQ	0	58
1 million that look real but that is not it	B01M4MCUAF	0	58
1 million that look real but that is not it	B01MUK7ZVB	0	58
1 million that look real but that is not it	B06WLMCG8M	0	58
1 million that look real but that is not it	B06XF2TR11	0	58
1 million that look real but that is not it	B06XQ1V9FF	3	58
1 million that look real but that is not it	B019OAWUZ4	0	58
1 stuffed toy	B07PF84JDZ	3	59
1 stuffed toy	B07VQHTGB7	3	59
1 stuffed toy	B07SZRHPRW	3	59
1 stuffed toy	B07SGMXC88	3	59
1 stuffed toy	B07QL67MB3	3	59
1 stuffed toy	B07PFG4S2Q	3	59
1 stuffed toy	B07NZWZV7D	3	59
1 stuffed toy	B07JGB9TPW	3	59
1 stuffed toy	B07FDK799F	3	59
1 stuffed toy	B0771V1JZX	3	59
1 stuffed toy	B01N3UJ6CN	3	59
1 stuffed toy	B01GRXY43C	3	59
1 stuffed toy	B01AC7SF7K	3	59
1 stuffed toy	B00GHAGLWI	3	59
1 stuffed toy	B007N6988E	3	59
1 stuffed toy	B07FKPHMPB	3	59
10 amazon prime not prime wardrobe sweatpaants	B01IE1IW4M	2	60
10 amazon prime not prime wardrobe sweatpaants	B072MRCL74	0	60
10 amazon prime not prime wardrobe sweatpaants	B06XHRPDL7	3	60
10 amazon prime not prime wardrobe sweatpaants	B01IU18WTG	0	60
10 amazon prime not prime wardrobe sweatpaants	B01NBN9IHU	2	60
10 amazon prime not prime wardrobe sweatpaants	B01NAB2CXR	0	60
10 amazon prime not prime wardrobe sweatpaants	B073R29T2P	2	60
10 amazon prime not prime wardrobe sweatpaants	B06XCQSPKL	3	60
10 amazon prime not prime wardrobe sweatpaants	B075KSRWP1	3	60
10 amazon prime not prime wardrobe sweatpaants	B07HRGKPP2	0	60
10 amazon prime not prime wardrobe sweatpaants	B07CNLSG8X	2	60
10 amazon prime not prime wardrobe sweatpaants	B07GZZBHJX	0	60
10 amazon prime not prime wardrobe sweatpaants	B07PCNGJP8	0	60
10 amazon prime not prime wardrobe sweatpaants	B089DC5NNQ	3	60
10 amazon prime not prime wardrobe sweatpaants	B08SC5Q347	3	60
10 amazon prime not prime wardrobe sweatpaants	B08XVV9HQJ	1	60
10 amazon prime not prime wardrobe sweatpaants	B094XSJRS6	2	60
10 amazon prime not prime wardrobe sweatpaants	B0775MHLC7	0	60
10 amazon prime not prime wardrobe sweatpaants	B01I21HMDQ	0	60
10 amazon prime not prime wardrobe sweatpaants	B00FSB630W	3	60
10 amazon prime not prime wardrobe sweatpaants	B01H7HOR20	3	60
10 amazon prime not prime wardrobe sweatpaants	B000H6F1PQ	3	60
10 amazon prime not prime wardrobe sweatpaants	B002ODLH7G	2	60
10 amazon prime not prime wardrobe sweatpaants	B00719XM8A	3	60
10 amazon prime not prime wardrobe sweatpaants	B008I25368	0	60
10 amazon prime not prime wardrobe sweatpaants	B009CTUD0C	0	60
10 amazon prime not prime wardrobe sweatpaants	B01I21EWL6	0	60
10 amazon prime not prime wardrobe sweatpaants	B00IQIZF0S	0	60
10 amazon prime not prime wardrobe sweatpaants	B00ZJ31Z52	2	60
10 amazon prime not prime wardrobe sweatpaants	B00FSB5VSM	2	60
10 amazon prime not prime wardrobe sweatpaants	B010CZE8AU	3	60
10 amazon prime not prime wardrobe sweatpaants	B00ZUNKENK	3	60
10 amazon prime not prime wardrobe sweatpaants	B01AK98ZSO	3	60
10 amazon prime not prime wardrobe sweatpaants	B0170ACXF2	0	60
10 amazon prime not prime wardrobe sweatpaants	B016LJ5XNW	3	60
10 amazon prime not prime wardrobe sweatpaants	B01ES47F4W	3	60
10 amazon prime not prime wardrobe sweatpaants	B0169P98UC	0	60
10 amazon prime not prime wardrobe sweatpaants	B0169P8TVQ	3	60
10 amazon prime not prime wardrobe sweatpaants	B0169P9FIW	3	60
10 blanket	B07V3MBK82	3	61
10 blanket	B08BJG8S76	3	61
10 blanket	B0871Y1FPD	3	61
10 blanket	B0837GR8RT	3	61
10 blanket	B0834D8MJ3	3	61
10 blanket	B07Z2ZC521	3	61
10 blanket	B07VJ4Z3ZB	3	61
10 blanket	B07SPWR9TJ	3	61
10 blanket	B07D391RWM	3	61
10 blanket	B07PT883QQ	3	61
10 blanket	B07K4PTTXH	3	61
10 blanket	B07DN61HVZ	3	61
10 blanket	B07RGYMKSK	3	61
10 blanket	B01B22XWC2	3	61
10 blanket	B00G7MCZ58	3	61
10 blanket	B004R6S3TI	3	61
10 candles	B07Z52TYMZ	2	62
10 candles	B07VKS7FLY	2	62
10 candles	B07TZVMK48	0	62
10 candles	B07TTRPRQZ	2	62
10 candles	B07SW8FS9N	3	62
10 candles	B07PV4T4MR	2	62
10 candles	B07PD7ZSY9	3	62
10 candles	B06XG22LLJ	3	62
10 candles	B01LYP9LQ2	2	62
10 candles	B01GHEZUR0	2	62
10 candles	B01BNV7OZS	0	62
10 candles	B01ABVK2LO	3	62
10 candles	B019K7DJZQ	3	62
10 candles	B0162J08QI	2	62
10 candles	B0043C34AY	3	62
10 candles	B000HJCZK2	2	62
10 credit not given on purchase on prime day	B088GQDVBD	0	63
10 credit not given on purchase on prime day	B08B1155MJ	0	63
10 credit not given on purchase on prime day	B07V4SYFCB	0	63
10 credit not given on purchase on prime day	B07HZQBBKL	0	63
10 credit not given on purchase on prime day	B07HJD9FVV	0	63
10 credit not given on purchase on prime day	B07CXG6C9W	0	63
10 credit not given on purchase on prime day	B07ZJ6P9JG	0	63
10 credit not given on purchase on prime day	B0777K9RGX	0	63
10 credit not given on purchase on prime day	B072F9T6VX	3	63
10 credit not given on purchase on prime day	B01NCOUY05	0	63
10 credit not given on purchase on prime day	B01DUB4GVO	0	63
10 credit not given on purchase on prime day	B012BLU15E	0	63
10 credit not given on purchase on prime day	B0010JEJPC	0	63
10 credit not given on purchase on prime day	B078RDNFSC	0	63
10 gold eagle	B089NL8GR3	3	64
10 gold eagle	B0849VH3B7	3	64
10 gold eagle	B0849RT9NK	3	64
10 gold eagle	B083QSCTFB	2	64
10 gold eagle	B083QRZ326	3	64
10 gold eagle	B083QRG1V5	3	64
10 gold eagle	B082DN3P3G	3	64
10 gold eagle	B083QSMDTD	2	64
10 gold eagle	B07SJ8YXYT	2	64
10 gold eagle	B07Q5HKNWB	2	64
10 gold eagle	B07Q4FJXC8	2	64
10 gold eagle	B07N488MGS	2	64
10 gold eagle	B07BLNLW2F	2	64
10 gold eagle	B07B2KQCPJ	3	64
10 gold eagle	B0000AUY86	0	64
10 gold eagle	B07SLCPTYD	3	64
10 lol literally not gonna change baby pet lol	B07PQVRPR1	0	65
10 lol literally not gonna change baby pet lol	B07PRZYJHT	3	65
10 lol literally not gonna change baby pet lol	B07PRZYJHZ	0	65
10 lol literally not gonna change baby pet lol	B07PT4S9RB	3	65
10 lol literally not gonna change baby pet lol	B07VVDWZ7X	2	65
10 lol literally not gonna change baby pet lol	B07XSPCBVP	3	65
10 lol literally not gonna change baby pet lol	B07XYR6YWH	3	65
10 lol literally not gonna change baby pet lol	B085JPLDDN	3	65
10 lol literally not gonna change baby pet lol	B082594MXK	3	65
10 lol literally not gonna change baby pet lol	B085B24ZGT	2	65
10 lol literally not gonna change baby pet lol	B08FGKHJPB	3	65
10 lol literally not gonna change baby pet lol	B08FGKJ43Q	3	65
10 lol literally not gonna change baby pet lol	B08GL42DTT	3	65
10 lol literally not gonna change baby pet lol	B08K9C69B2	3	65
10 lol literally not gonna change baby pet lol	B07NQD63PP	0	65
10 lol literally not gonna change baby pet lol	B081FY23KG	2	65
10 lol literally not gonna change baby pet lol	B07N22HJLF	3	65
10 lol literally not gonna change baby pet lol	B07HRQC16W	3	65
10 lol literally not gonna change baby pet lol	B07BHPKCKN	3	65
10 lol literally not gonna change baby pet lol	B0773GDFLP	3	65
10 lol literally not gonna change baby pet lol	B0792NKT7Y	2	65
10 lol literally not gonna change baby pet lol	B079JGZPW4	3	65
10 lol literally not gonna change baby pet lol	B07BHPKQJQ	3	65
10 lol literally not gonna change baby pet lol	B07BHPPT1W	3	65
10 lol literally not gonna change baby pet lol	B07HRR6K4G	2	65
10 lol literally not gonna change baby pet lol	B07BHQ135J	2	65
10 lol literally not gonna change baby pet lol	B07BHPZW93	3	65
10 lol literally not gonna change baby pet lol	B07BK7QQGL	0	65
10 lol literally not gonna change baby pet lol	B07BK7SWNJ	2	65
10 lol literally not gonna change baby pet lol	B07BQZFXN3	2	65
10 lol literally not gonna change baby pet lol	B07HRNNCKF	2	65
10 lol literally not gonna change baby pet lol	B07HRPQL6S	3	65
10 lol literally not gonna change baby pet lol	B07HRPZYQ8	3	65
10 lol literally not gonna change baby pet lol	B07BHQ14L9	2	65
10 magnetic eyelashes without eyeliner	B08RXYMX1Y	2	66
10 magnetic eyelashes without eyeliner	B08RJZDLY9	3	66
10 magnetic eyelashes without eyeliner	B08R39GT92	0	66
10 magnetic eyelashes without eyeliner	B08NQ54833	2	66
10 magnetic eyelashes without eyeliner	B08PW7BKTV	2	66
10 magnetic eyelashes without eyeliner	B08NSW9DR6	2	66
10 magnetic eyelashes without eyeliner	B08VDKWSGB	0	66
10 magnetic eyelashes without eyeliner	B08QN44JRF	2	66
10 magnetic eyelashes without eyeliner	B08XC6MCC4	2	66
10 magnetic eyelashes without eyeliner	B099584WRR	2	66
10 magnetic eyelashes without eyeliner	B0921X8NYC	2	66
10 magnetic eyelashes without eyeliner	B092CSHCJ4	0	66
10 magnetic eyelashes without eyeliner	B093PKRZM4	2	66
10 magnetic eyelashes without eyeliner	B093V5YKFB	2	66
10 magnetic eyelashes without eyeliner	B094D5NQ35	3	66
10 magnetic eyelashes without eyeliner	B0972WCZP2	3	66
10 magnetic eyelashes without eyeliner	B0978SQRBG	2	66
10 magnetic eyelashes without eyeliner	B099DY9D11	2	66
10 magnetic eyelashes without eyeliner	B08Z8FYV5B	3	66
10 magnetic eyelashes without eyeliner	B08NK1LCVC	2	66
10 magnetic eyelashes without eyeliner	B08JHR155D	3	66
10 magnetic eyelashes without eyeliner	B08MH65Q2X	3	66
10 magnetic eyelashes without eyeliner	B07FH6Y5PL	3	66
10 magnetic eyelashes without eyeliner	B07MYQVH4P	0	66
10 magnetic eyelashes without eyeliner	B07ZYJGLL9	0	66
10 magnetic eyelashes without eyeliner	B082MQPGV2	2	66
10 magnetic eyelashes without eyeliner	B083NSC7HD	0	66
10 magnetic eyelashes without eyeliner	B08NJQWRRB	2	66
10 magnetic eyelashes without eyeliner	B087C5D4QG	3	66
10 magnetic eyelashes without eyeliner	B089QGHHQ6	0	66
10 magnetic eyelashes without eyeliner	B08B5J8CLW	2	66
10 magnetic eyelashes without eyeliner	B086WV5M9N	2	66
10 magnetic eyelashes without eyeliner	B08G7ZJHC3	2	66
10 magnetic eyelashes without eyeliner	B08GC3VZXP	2	66
10 magnetic eyelashes without eyeliner	B08HSCD584	2	66
10 magnetic eyelashes without eyeliner	B08HZ7T3H2	2	66
10 magnetic eyelashes without eyeliner	B08HZF75NQ	2	66
10 magnetic eyelashes without eyeliner	B08LKQ1953	0	66
10 magnetic eyelashes without eyeliner	B08MD4LTJ2	2	66
10 magnetic eyelashes without eyeliner	B08FY2PKKZ	0	66
10 stuff not books	B086HWVY1M	0	67
10 stuff not books	B073RP3K8P	0	67
10 stuff not books	B07LFCTLSR	0	67
10 stuff not books	B07MJHT2GC	2	67
10 stuff not books	B07TWRZPN8	0	67
10 stuff not books	B07ZWK8HJL	0	67
10 stuff not books	B083V87K67	0	67
10 stuff not books	B0876SKLFZ	0	67
10 stuff not books	B00M9K7L8S	0	67
10 stuff not books	B08FHN2XBY	0	67
10 stuff not books	B08G8MH57K	0	67
10 stuff not books	B08GCFQT7Q	0	67
10 stuff not books	B08HMHWXWG	0	67
10 stuff not books	B08JLBVT4V	0	67
10 stuff not books	B08W461175	0	67
10 stuff not books	B096ZWQ74B	0	67
10 stuff not books	B097TCWH8W	3	67
10 stuff not books	B088CRD5Y5	0	67
10 stuff not books	B06ZZQHG59	0	67
10 stuff not books	1601066902	0	67
10 stuff not books	B00P9U2EM8	2	67
10 stuff not books	B06XWV5X9N	2	67
10 stuff not books	1441325743	0	67
10 stuff not books	1441331158	3	67
10 stuff not books	1454931019	0	67
10 stuff not books	1497200156	0	67
10 stuff not books	1497203228	0	67
10 stuff not books	1497203392	0	67
10 stuff not books	1539660419	3	67
10 stuff not books	1441316698	0	67
10 stuff not books	1593596723	0	67
10 stuff not books	1601065655	3	67
10 stuff not books	1640306781	0	67
10 stuff not books	1948209284	0	67
10 stuff not books	1981816828	0	67
10 stuff not books	1985092611	0	67
10 stuff not books	B002CSRZKQ	0	67
10 stuff not books	1593594380	0	67
100 things that are not electronics	B07F3X9Y98	0	68
100 things that are not electronics	B07NSX2ZBS	3	68
100 things that are not electronics	B07NTHDYRN	0	68
100 things that are not electronics	B07P868ZQP	0	68
100 things that are not electronics	B07PMJW4BN	0	68
100 things that are not electronics	B07QYLTT7X	3	68
100 things that are not electronics	B07VRSQ6YL	0	68
100 things that are not electronics	B082F13J55	0	68
100 things that are not electronics	B081VMTKXL	0	68
100 things that are not electronics	B083S3ZXDF	3	68
100 things that are not electronics	B084JHJBQT	0	68
100 things that are not electronics	B087R1VH53	0	68
100 things that are not electronics	B08J83ZC9X	0	68
100 things that are not electronics	B07CKVBWNY	0	68
100 things that are not electronics	B08L37T43T	0	68
100 things that are not electronics	B07XG6Y847	3	68
100 things that are not electronics	B079J32ZRH	0	68
100 things that are not electronics	B073R68TSH	3	68
100 things that are not electronics	B078XR8C15	0	68
100 things that are not electronics	B007XVYPS2	0	68
100 things that are not electronics	B00CLVEQCO	0	68
100 things that are not electronics	B00TREI0JI	3	68
100 things that are not electronics	B0797RK52Q	0	68
100 things that are not electronics	B01B8R6V2E	0	68
100 things that are not electronics	B01HISTOC6	0	68
100 things that are not electronics	B01HXWNTYQ	0	68
100 things that are not electronics	B01B8R6PF2	0	68
100 things that are not electronics	B01N6ZJH96	0	68
100 things that are not electronics	B01NCOUY05	0	68
100 things that are not electronics	B071HMM81V	0	68
100 things that are not electronics	B074KV9TT4	0	68
100 things that are not electronics	B075WB98FJ	0	68
100 things that are not electronics	B078Q2FH9T	0	68
100 things that are not electronics	B01M5AWZKC	0	68
11 fidget please just please 11 not 25 not	B07YSVBYHW	0	69
11 fidget please just please 11 not 25 not	B07N7QGYP5	3	69
11 fidget please just please 11 not 25 not	B07Q1GRVW7	2	69
11 fidget please just please 11 not 25 not	B07Q6Y1WB1	0	69
11 fidget please just please 11 not 25 not	B07T1JMJ7X	0	69
11 fidget please just please 11 not 25 not	B07WF67X78	0	69
11 fidget please just please 11 not 25 not	B07Y8TV5PP	0	69
11 fidget please just please 11 not 25 not	B07ZTHFC14	0	69
11 fidget please just please 11 not 25 not	B07MXPSFC8	0	69
11 fidget please just please 11 not 25 not	B081Z56BQ1	0	69
11 fidget please just please 11 not 25 not	B092C6TH98	0	69
11 fidget please just please 11 not 25 not	B08DDD1MSH	0	69
11 fidget please just please 11 not 25 not	B08G8WCH2V	3	69
11 fidget please just please 11 not 25 not	B08HND39PX	3	69
11 fidget please just please 11 not 25 not	B08R74GX7R	0	69
11 fidget please just please 11 not 25 not	B08ZS2YRFZ	3	69
11 fidget please just please 11 not 25 not	B091TF24FM	3	69
11 fidget please just please 11 not 25 not	B081VVNWKN	0	69
11 fidget please just please 11 not 25 not	B07MNK7R4Y	0	69
11 fidget please just please 11 not 25 not	B08BYNY8Z8	0	69
11 fidget please just please 11 not 25 not	B07JVHP3QD	2	69
11 fidget please just please 11 not 25 not	B000R9COQW	0	69
11 fidget please just please 11 not 25 not	B001PNJO6C	0	69
11 fidget please just please 11 not 25 not	B002CMLHEC	0	69
11 fidget please just please 11 not 25 not	B019F8ANCC	0	69
11 fidget please just please 11 not 25 not	B01CZUJACQ	0	69
11 fidget please just please 11 not 25 not	B01EQ7WBYA	0	69
11 fidget please just please 11 not 25 not	B01EXKWKKU	0	69
11 fidget please just please 11 not 25 not	B01GXTGKVO	0	69
11 fidget please just please 11 not 25 not	B07177YY1K	0	69
11 fidget please just please 11 not 25 not	B07K7JPQBF	0	69
11 fidget please just please 11 not 25 not	B07937FP47	0	69
11 fidget please just please 11 not 25 not	B079QX7TLH	0	69
11 fidget please just please 11 not 25 not	B079SD49CK	0	69
11 fidget please just please 11 not 25 not	B07BBTPDB3	0	69
11 fidget please just please 11 not 25 not	B07D5MQWT9	0	69
11 fidget please just please 11 not 25 not	B07GH9879C	0	69
11 fidget please just please 11 not 25 not	B07HR8H4F7	0	69
11 fidget please just please 11 not 25 not	B07JN51SFB	0	69
11 fidget please just please 11 not 25 not	B074KJ3LMD	0	69
12 label maker thats not a cheap one	B07M8YV12G	0	70
12 label maker thats not a cheap one	B07KPB38LK	0	70
12 label maker thats not a cheap one	B07GHSGGM7	0	70
12 label maker thats not a cheap one	B074VBV39F	0	70
12 label maker thats not a cheap one	B075WSCG6T	1	70
12 label maker thats not a cheap one	B075L31DS2	0	70
12 label maker thats not a cheap one	B07Q4K1HRJ	0	70
12 label maker thats not a cheap one	B07C4Y3L6H	0	70
12 label maker thats not a cheap one	B07QC4X29H	0	70
12 label maker thats not a cheap one	B08CVRCFX3	0	70
12 label maker thats not a cheap one	B07TK8GQ6J	3	70
12 label maker thats not a cheap one	B07WHT5D1X	3	70
12 label maker thats not a cheap one	B08D7J1S34	3	70
12 label maker thats not a cheap one	B08GM4C5Q9	3	70
12 label maker thats not a cheap one	B08T5J23TB	0	70
12 label maker thats not a cheap one	B08ZCMYT82	3	70
12 label maker thats not a cheap one	B0978MMXKD	2	70
12 label maker thats not a cheap one	B071CP6X88	0	70
12 label maker thats not a cheap one	B07TJ73MG4	0	70
12 label maker thats not a cheap one	B01MA3EYC5	2	70
12 label maker thats not a cheap one	B01GQHHYFE	3	70
12 label maker thats not a cheap one	B01BUH89AO	0	70
12 label maker thats not a cheap one	B0004F7GUI	0	70
12 label maker thats not a cheap one	B000J09CO6	0	70
12 label maker thats not a cheap one	B000MK2PZ6	0	70
12 label maker thats not a cheap one	B0010JEJPC	0	70
12 label maker thats not a cheap one	B0017L4PH0	0	70
12 label maker thats not a cheap one	B0027JBLV4	3	70
12 label maker thats not a cheap one	B0028SCBV8	0	70
12 label maker thats not a cheap one	B005X9VZ70	3	70
12 label maker thats not a cheap one	B00006IFIK	0	70
12 label maker thats not a cheap one	B00FLYWNYQ	0	70
12 label maker thats not a cheap one	B00J074W94	0	70
12 label maker thats not a cheap one	B00JM5GW10	0	70
12 label maker thats not a cheap one	B00VXY3PX6	1	70
12 label maker thats not a cheap one	B013DG2FNW	3	70
12 label maker thats not a cheap one	B01511D1VM	1	70
12 label maker thats not a cheap one	B016HM7QRE	0	70
12 label maker thats not a cheap one	B01BD6DRI6	3	70
12 label maker thats not a cheap one	B00CBAWIIY	0	70
13 bb guns without a yellow tube	B01B79P1SI	2	71
13 bb guns without a yellow tube	B01B3OIA58	0	71
13 bb guns without a yellow tube	B00EWK00FY	3	71
13 bb guns without a yellow tube	B00TEACIGG	3	71
13 bb guns without a yellow tube	B00GJBFQ26	1	71
13 bb guns without a yellow tube	B01BU2ETGW	3	71
13 bb guns without a yellow tube	B00TEACIIO	2	71
13 bb guns without a yellow tube	B01GVS1O7M	3	71
13 bb guns without a yellow tube	B07DPW35ZR	0	71
13 bb guns without a yellow tube	B074G8FNY2	3	71
13 bb guns without a yellow tube	B079TM4SH2	3	71
13 bb guns without a yellow tube	B07DCLX1TJ	0	71
13 bb guns without a yellow tube	B07R5WLY7K	2	71
13 bb guns without a yellow tube	B081V8BT7G	3	71
13 bb guns without a yellow tube	B0839KG389	3	71
13 bb guns without a yellow tube	B08S448T37	1	71
13 bb guns without a yellow tube	B00E8F72JA	2	71
13 bb guns without a yellow tube	B01LX6OTUB	0	71
13 bb guns without a yellow tube	B00C2G58U2	3	71
13 bb guns without a yellow tube	B00C185RRU	2	71
13 bb guns without a yellow tube	B00C1P4UUI	3	71
13 bb guns without a yellow tube	B0002IL6M6	1	71
13 bb guns without a yellow tube	B000HKKY7C	1	71
13 bb guns without a yellow tube	B000W30UAA	3	71
13 bb guns without a yellow tube	B001BS3YQM	3	71
13 bb guns without a yellow tube	B001L21VCW	3	71
13 bb guns without a yellow tube	B003QNELYE	1	71
13 bb guns without a yellow tube	B00419C1IA	1	71
13 bb guns without a yellow tube	B0047ACL0G	2	71
13 bb guns without a yellow tube	B001V67HTY	2	71
13 bb guns without a yellow tube	B004BD09MG	3	71
13 bb guns without a yellow tube	B0048970A2	1	71
13 bb guns without a yellow tube	B00BWWJPAQ	3	71
13 bb guns without a yellow tube	B00BLQWN8Y	3	71
13 bb guns without a yellow tube	B00BCPN95U	0	71
13 bb guns without a yellow tube	B00C185HS4	3	71
13 bb guns without a yellow tube	B008DQ9VV2	1	71
13 bb guns without a yellow tube	B004VRMW7C	3	71
13 bb guns without a yellow tube	B00B5JV84W	1	71
13 fidget toys without paying for delivery	B089MPM1JP	3	72
13 fidget toys without paying for delivery	B07QR82TBY	3	72
13 fidget toys without paying for delivery	B07TT6664Z	3	72
13 fidget toys without paying for delivery	B07VVH6GGW	3	72
13 fidget toys without paying for delivery	B07VWLSM88	2	72
13 fidget toys without paying for delivery	B07YJF17C9	3	72
13 fidget toys without paying for delivery	B082D7WVT8	2	72
13 fidget toys without paying for delivery	B0898R6LB7	2	72
13 fidget toys without paying for delivery	B08G8WCH2V	3	72
13 fidget toys without paying for delivery	B07PQ1ZKW5	0	72
13 fidget toys without paying for delivery	B08HGZSXCG	3	72
13 fidget toys without paying for delivery	B08L3K3B41	3	72
13 fidget toys without paying for delivery	B08L4X6KM5	3	72
13 fidget toys without paying for delivery	B08TLZ4XDY	3	72
13 fidget toys without paying for delivery	B08YZ24SWJ	3	72
13 fidget toys without paying for delivery	B0918N5FG3	3	72
13 fidget toys without paying for delivery	B091CF7RYX	3	72
13 fidget toys without paying for delivery	B07QMQ8QP6	3	72
13 fidget toys without paying for delivery	B08GYVFH7K	0	72
13 fidget toys without paying for delivery	B093311B5L	3	72
13 fidget toys without paying for delivery	B07F1GMRM9	3	72
13 fidget toys without paying for delivery	B07PQ19611	2	72
13 fidget toys without paying for delivery	B00000IZKX	3	72
13 fidget toys without paying for delivery	B00D8STBHY	0	72
13 fidget toys without paying for delivery	B00NHQF6MG	2	72
13 fidget toys without paying for delivery	B013KBZDF2	0	72
13 fidget toys without paying for delivery	B0186GEX8E	0	72
13 fidget toys without paying for delivery	B07PS6JW56	3	72
13 fidget toys without paying for delivery	B06ZYY3Z3S	3	72
13 fidget toys without paying for delivery	B071JF3Z29	0	72
13 fidget toys without paying for delivery	B071X8S8WQ	3	72
13 fidget toys without paying for delivery	B01EA5ADGQ	0	72
13 fidget toys without paying for delivery	B074RCV4HQ	0	72
13 fidget toys without paying for delivery	B078WM314M	3	72
13 fidget toys without paying for delivery	B07BK9GFKD	3	72
13 fidget toys without paying for delivery	B07D1KRT47	3	72
13 fidget toys without paying for delivery	B07F7KJNKK	3	72
13 fidget toys without paying for delivery	B07GP13PCY	3	72
13 fidget toys without paying for delivery	B07P8VZ1MF	3	72
13 fidget toys without paying for delivery	B0728C64KH	3	72
139 one cup cousy not coffee maker	B07PYPX7M9	0	73
139 one cup cousy not coffee maker	B073ZCCQMG	0	73
139 one cup cousy not coffee maker	B07457Z312	0	73
139 one cup cousy not coffee maker	B08DK6FRLJ	3	73
139 one cup cousy not coffee maker	B07F1FT5LX	0	73
139 one cup cousy not coffee maker	B07FJ6J24R	0	73
139 one cup cousy not coffee maker	B07GV2S1GS	3	73
139 one cup cousy not coffee maker	B07QSTBVGY	0	73
139 one cup cousy not coffee maker	B06Y2H5761	0	73
139 one cup cousy not coffee maker	B07ZHNDYDY	0	73
139 one cup cousy not coffee maker	B081PP9S1V	0	73
139 one cup cousy not coffee maker	B083LHK2V9	2	73
139 one cup cousy not coffee maker	B083NCP3DQ	3	73
139 one cup cousy not coffee maker	B084L54SPY	3	73
139 one cup cousy not coffee maker	B086YMNLY7	3	73
139 one cup cousy not coffee maker	B088WMVG9D	0	73
139 one cup cousy not coffee maker	B07X97CTHQ	0	73
139 one cup cousy not coffee maker	B06WLJBVDV	0	73
139 one cup cousy not coffee maker	B07894DGQF	0	73
139 one cup cousy not coffee maker	B01N6TVX8H	0	73
139 one cup cousy not coffee maker	B00005MF9C	3	73
139 one cup cousy not coffee maker	B00006IUVD	3	73
139 one cup cousy not coffee maker	B0018E6DO4	0	73
139 one cup cousy not coffee maker	B002R0EXP4	0	73
139 one cup cousy not coffee maker	B002YI2IG0	0	73
139 one cup cousy not coffee maker	B005IR4W7W	1	73
139 one cup cousy not coffee maker	B008YS1WXE	0	73
139 one cup cousy not coffee maker	B00EI7DPPI	0	73
139 one cup cousy not coffee maker	B01N7853IC	0	73
139 one cup cousy not coffee maker	B00FFLY64U	3	73
139 one cup cousy not coffee maker	B00LU2I3V0	0	73
139 one cup cousy not coffee maker	B00MVWGQX0	0	73
139 one cup cousy not coffee maker	B00VKR4F8K	0	73
139 one cup cousy not coffee maker	B010NMMPH0	0	73
139 one cup cousy not coffee maker	B017DOT5EW	0	73
139 one cup cousy not coffee maker	B018UQ5AMS	3	73
139 one cup cousy not coffee maker	B01DSDWTYA	1	73
139 one cup cousy not coffee maker	B00EI7DPS0	0	73
15 doller bb guns not spring powered	B01BU2ETGW	3	74
15 doller bb guns not spring powered	B01B79P1SI	3	74
15 doller bb guns not spring powered	B00GJBFV3A	1	74
15 doller bb guns not spring powered	B00ST0KGCU	1	74
15 doller bb guns not spring powered	B00IVKAY3Y	3	74
15 doller bb guns not spring powered	B01GPJDVQE	0	74
15 doller bb guns not spring powered	B01APG0SXW	0	74
15 doller bb guns not spring powered	B01GVS1O7M	3	74
15 doller bb guns not spring powered	B07QG9Y8FH	0	74
15 doller bb guns not spring powered	B0793427F2	2	74
15 doller bb guns not spring powered	B079VHLFZ7	0	74
15 doller bb guns not spring powered	B07FY4X8TR	3	74
15 doller bb guns not spring powered	B07R3THTB5	2	74
15 doller bb guns not spring powered	B07Z6ZDVPF	3	74
15 doller bb guns not spring powered	B08B483V6Y	3	74
15 doller bb guns not spring powered	B08YYF3ZXR	0	74
15 doller bb guns not spring powered	B00GJBFQ26	1	74
15 doller bb guns not spring powered	B074S48KD5	3	74
15 doller bb guns not spring powered	B00C2G58U2	3	74
15 doller bb guns not spring powered	B00BLQTGNO	3	74
15 doller bb guns not spring powered	B000HKKY7M	0	74
15 doller bb guns not spring powered	B00C185QOO	0	74
15 doller bb guns not spring powered	B000J2L8X2	0	74
15 doller bb guns not spring powered	B000W30U3C	0	74
15 doller bb guns not spring powered	B000W32TN6	0	74
15 doller bb guns not spring powered	B001BHEEC6	2	74
15 doller bb guns not spring powered	B001BS3Y5I	2	74
15 doller bb guns not spring powered	B001L21VCW	0	74
15 doller bb guns not spring powered	B001TWA17K	3	74
15 doller bb guns not spring powered	B001BR4RO6	0	74
15 doller bb guns not spring powered	B0042L200Q	2	74
15 doller bb guns not spring powered	B00460K87K	2	74
15 doller bb guns not spring powered	B0048970A2	1	74
15 doller bb guns not spring powered	B004B1MTSK	0	74
15 doller bb guns not spring powered	B004V95EE8	3	74
15 doller bb guns not spring powered	B00B5JV84W	1	74
15 doller bb guns not spring powered	B00BCPN95U	3	74
15 doller bb guns not spring powered	B0038P3F8I	1	74
15 fidget pack without the pea poppet	B091CHD1VV	3	75
15 fidget pack without the pea poppet	B08ZHTZLW8	3	75
15 fidget pack without the pea poppet	B08ZN15R21	0	75
15 fidget pack without the pea poppet	B0919CDYXB	0	75
15 fidget pack without the pea poppet	B0919QW6VC	3	75
15 fidget pack without the pea poppet	B091CF7RYX	3	75
15 fidget pack without the pea poppet	B0963D4V99	3	75
15 fidget pack without the pea poppet	B08YZ24SWJ	3	75
15 fidget pack without the pea poppet	B091SKTGV1	0	75
15 fidget pack without the pea poppet	B092J3N3BY	2	75
15 fidget pack without the pea poppet	B092LKPTXG	0	75
15 fidget pack without the pea poppet	B0936KJQYY	3	75
15 fidget pack without the pea poppet	B093Q6QFM6	3	75
15 fidget pack without the pea poppet	B094N3CPHH	2	75
15 fidget pack without the pea poppet	B094QW47JN	0	75
15 fidget pack without the pea poppet	B091H2SHFC	0	75
15 fidget pack without the pea poppet	B08YYDMY8K	2	75
15 fidget pack without the pea poppet	B091D4BVQB	3	75
15 fidget pack without the pea poppet	B08SQWGGPZ	3	75
15 fidget pack without the pea poppet	B08VRGS3CT	3	75
15 fidget pack without the pea poppet	B0725T84VT	2	75
15 fidget pack without the pea poppet	B072ZDN5KJ	0	75
15 fidget pack without the pea poppet	B073SMYCNH	0	75
15 fidget pack without the pea poppet	B075C781HQ	1	75
15 fidget pack without the pea poppet	B07DL15X2V	0	75
15 fidget pack without the pea poppet	B07DXPTCXP	2	75
15 fidget pack without the pea poppet	B07GP13PCY	2	75
15 fidget pack without the pea poppet	B07D1KRT47	3	75
15 fidget pack without the pea poppet	B083QL3XXZ	0	75
15 fidget pack without the pea poppet	B083YKHS8H	0	75
15 fidget pack without the pea poppet	B08F9XZXX4	3	75
15 fidget pack without the pea poppet	B08N1B4STG	0	75
15 fidget pack without the pea poppet	B08QHQXKDZ	3	75
15 fidget pack without the pea poppet	B08RRX1FJJ	0	75
15 fidget pack without the pea poppet	B08SJ32M8N	0	75
15 fidget pack without the pea poppet	B07Q8QDVL5	2	75
150 laptop not previews	B07RF1XD36	3	76
150 laptop not previews	B08TBQYTDY	3	76
150 laptop not previews	B0869L1326	3	76
150 laptop not previews	B084SKWC89	3	76
150 laptop not previews	B07WMDV7CW	3	76
150 laptop not previews	B07WJVPGYP	3	76
150 laptop not previews	B07N6S4SY1	3	76
150 laptop not previews	B07KNLVRJ2	3	76
150 laptop not previews	B07GCRHS5V	3	76
150 laptop not previews	B07CB2GTH2	3	76
150 laptop not previews	B07BZF4MYM	3	76
150 laptop not previews	B07B9JTHKL	3	76
150 laptop not previews	B078WH4KPY	2	76
150 laptop not previews	B01LZORCUR	2	76
150 laptop not previews	B00M9K7L8S	0	76
150 laptop not previews	B07GM2J11Q	2	76
175 gram led frisbee gram not dollar	B07JQG42FJ	0	77
175 gram led frisbee gram not dollar	B08YYBRXWC	3	77
175 gram led frisbee gram not dollar	B081RJH519	0	77
175 gram led frisbee gram not dollar	B07KFYVFX8	3	77
175 gram led frisbee gram not dollar	B0812N9WZC	3	77
175 gram led frisbee gram not dollar	B07QL36VL9	2	77
175 gram led frisbee gram not dollar	B082NK2LJK	0	77
175 gram led frisbee gram not dollar	B0814W486Y	0	77
175 gram led frisbee gram not dollar	B08745BQ1F	0	77
175 gram led frisbee gram not dollar	B08FJH4QFD	3	77
175 gram led frisbee gram not dollar	B089M6QLF4	0	77
175 gram led frisbee gram not dollar	B08CRQZ238	0	77
175 gram led frisbee gram not dollar	B08DNNXTVD	0	77
175 gram led frisbee gram not dollar	B08FJH7GWH	3	77
175 gram led frisbee gram not dollar	B08LZB3G93	3	77
175 gram led frisbee gram not dollar	B08M67XFTN	0	77
175 gram led frisbee gram not dollar	B08NX9VMB2	0	77
175 gram led frisbee gram not dollar	B08WRZQCWM	3	77
175 gram led frisbee gram not dollar	B088PLLD21	0	77
175 gram led frisbee gram not dollar	B07FW3YLP8	0	77
175 gram led frisbee gram not dollar	B01LZ2DV9Q	0	77
175 gram led frisbee gram not dollar	B07DR9CK3Y	0	77
175 gram led frisbee gram not dollar	B07DY7QJV9	0	77
175 gram led frisbee gram not dollar	B0000ANHJV	2	77
175 gram led frisbee gram not dollar	B000FYVMJY	2	77
175 gram led frisbee gram not dollar	B000H6J742	3	77
175 gram led frisbee gram not dollar	B001ANZOPC	3	77
175 gram led frisbee gram not dollar	B003GR0T8M	0	77
175 gram led frisbee gram not dollar	B004ZLB91O	2	77
175 gram led frisbee gram not dollar	B005Y1BPLS	0	77
175 gram led frisbee gram not dollar	B002QSIUUG	2	77
175 gram led frisbee gram not dollar	B00N5T96H6	3	77
175 gram led frisbee gram not dollar	B00CLVPEBG	3	77
175 gram led frisbee gram not dollar	B07BBT478Q	0	77
175 gram led frisbee gram not dollar	B076PJ1KHS	3	77
175 gram led frisbee gram not dollar	B075C92413	2	77
175 gram led frisbee gram not dollar	B07BNT664P	3	77
175 gram led frisbee gram not dollar	B01K081MSA	0	77
175 gram led frisbee gram not dollar	B00ZQH6VSW	0	77
175 gram led frisbee gram not dollar	B06XNNN81J	1	77
2 pop tube not a pack	B095GFZM9Y	0	78
2 pop tube not a pack	B093BJJXGP	2	78
2 pop tube not a pack	B093PHR5MF	0	78
2 pop tube not a pack	B093QJ5TJ9	0	78
2 pop tube not a pack	B094L18VSZ	0	78
2 pop tube not a pack	B0956GQ4T1	3	78
2 pop tube not a pack	B0957M8SRZ	3	78
2 pop tube not a pack	B095NNWZ3M	0	78
2 pop tube not a pack	B091KQ5DHJ	3	78
2 pop tube not a pack	B095WGQG3B	0	78
2 pop tube not a pack	B096851HC1	0	78
2 pop tube not a pack	B096FX6FMC	2	78
2 pop tube not a pack	B096K29RVX	2	78
2 pop tube not a pack	B096YD7HTK	2	78
2 pop tube not a pack	B096ZPSJ5M	0	78
2 pop tube not a pack	B097BCGY1S	2	78
2 pop tube not a pack	B097ZD2L2R	2	78
2 pop tube not a pack	B095VLRLXR	2	78
2 pop tube not a pack	B091GDKH8K	3	78
2 pop tube not a pack	B0095Q51O0	0	78
2 pop tube not a pack	B0919QW6VC	3	78
2 pop tube not a pack	B091FG93R4	0	78
2 pop tube not a pack	B00OHRU4XK	0	78
2 pop tube not a pack	B01MDUDWHH	0	78
2 pop tube not a pack	B07MBW6JNL	3	78
2 pop tube not a pack	B07QMPQZ2G	2	78
2 pop tube not a pack	B07QMQ8QP6	3	78
2 pop tube not a pack	B07YJF17C9	0	78
2 pop tube not a pack	B082D7WVT8	2	78
2 pop tube not a pack	B005LURDJK	0	78
2 pop tube not a pack	B087JBNCSD	2	78
2 pop tube not a pack	B088GTQFV8	1	78
2 pop tube not a pack	B088KFLT7C	0	78
2 pop tube not a pack	B08CB266JS	3	78
2 pop tube not a pack	B08N2Q8WR2	3	78
2 pop tube not a pack	B08W1ZDL9P	0	78
2 pop tube not a pack	B08XLHV46W	0	78
2 pop tube not a pack	B08XTMD6JJ	0	78
2 pop tube not a pack	B085KXWR21	2	78
20 not credible dog pool rectangular	B084GPS6KR	0	79
20 not credible dog pool rectangular	B07Z39TXHL	2	79
20 not credible dog pool rectangular	B07PWBVVGN	3	79
20 not credible dog pool rectangular	B07QQPPMH5	3	79
20 not credible dog pool rectangular	B07PY4NYZ9	3	79
20 not credible dog pool rectangular	B0851PLGKS	2	79
20 not credible dog pool rectangular	B07XY9MVS9	2	79
20 not credible dog pool rectangular	B0855GTLFH	2	79
20 not credible dog pool rectangular	B08BZDRJ2N	0	79
20 not credible dog pool rectangular	B087PJ9MYT	3	79
20 not credible dog pool rectangular	B088BKGZ34	2	79
20 not credible dog pool rectangular	B088RBDMFT	2	79
20 not credible dog pool rectangular	B08K8LBDJG	2	79
20 not credible dog pool rectangular	B08TQZZHXY	2	79
20 not credible dog pool rectangular	B08ZCDHGPB	2	79
20 not credible dog pool rectangular	B0936MVSJT	0	79
20 not credible dog pool rectangular	B07NY86QCB	2	79
20 not credible dog pool rectangular	B087CM9HTM	2	79
20 not credible dog pool rectangular	B07MYZ3DJV	2	79
20 not credible dog pool rectangular	B07LBMG77S	0	79
20 not credible dog pool rectangular	B000OWGI4Q	0	79
20 not credible dog pool rectangular	B07G5K9FM3	3	79
20 not credible dog pool rectangular	B000OV0X34	0	79
20 not credible dog pool rectangular	B00388B500	0	79
20 not credible dog pool rectangular	B003AUZEGW	0	79
20 not credible dog pool rectangular	B006W6YHHI	0	79
20 not credible dog pool rectangular	B00A8LGG86	2	79
20 not credible dog pool rectangular	B01B43LHDK	3	79
20 not credible dog pool rectangular	B01I3DTB2S	2	79
20 not credible dog pool rectangular	B01JAY0N9Y	0	79
20 not credible dog pool rectangular	B00A9WXUPG	2	79
20 not credible dog pool rectangular	B073JF4TM3	2	79
20 not credible dog pool rectangular	B0759MNQV7	0	79
20 not credible dog pool rectangular	B079F8DZ7F	2	79
20 not credible dog pool rectangular	B079KPZM8Q	0	79
20 not credible dog pool rectangular	B079TWX9SN	0	79
20 not credible dog pool rectangular	B07DCM47B8	0	79
20 not credible dog pool rectangular	B07F3QF4KX	2	79
20 not credible dog pool rectangular	B07F8K6R6Y	2	79
20 not credible dog pool rectangular	B06ZYPFN3X	2	79
20 off for amazon app not applied	B07JP5375R	0	80
20 off for amazon app not applied	B091FXLMS8	0	80
20 off for amazon app not applied	B08F3BV69X	0	80
20 off for amazon app not applied	B083HXSXVN	0	80
20 off for amazon app not applied	B07RLZP5XX	0	80
20 off for amazon app not applied	B07NW8CBH8	0	80
20 off for amazon app not applied	B0791MSYT6	0	80
20 off for amazon app not applied	B003FDC2I2	0	80
20 off for amazon app not applied	B074F1RWV9	0	80
20 off for amazon app not applied	B06XH7C1DW	0	80
20 off for amazon app not applied	B01KMSTCWG	0	80
20 off for amazon app not applied	B01ITAKG6A	0	80
20 off for amazon app not applied	B005NNF0YU	3	80
20 off for amazon app not applied	B004KNWWO0	0	80
20 off for amazon app not applied	B077Q5XPZV	0	80
20 rectangular not inflatable pool 26 i	B08RS7HM7X	0	81
20 rectangular not inflatable pool 26 i	B08VDMPLB1	2	81
20 rectangular not inflatable pool 26 i	B08PFKTR19	0	81
20 rectangular not inflatable pool 26 i	B0936MVSJT	1	81
20 rectangular not inflatable pool 26 i	B08ZYHKRC1	0	81
20 rectangular not inflatable pool 26 i	B08P51LSNL	2	81
20 rectangular not inflatable pool 26 i	B08HDBW1BP	0	81
20 rectangular not inflatable pool 26 i	B08252TGK2	1	81
20 rectangular not inflatable pool 26 i	B06Y49GJX4	3	81
20 rectangular not inflatable pool 26 i	B00A9WXUPG	2	81
20 rectangular not inflatable pool 26 i	B00A8LGG86	2	81
20 rectangular not inflatable pool 26 i	B009HUAHAM	0	81
20 rectangular not inflatable pool 26 i	B0044AD5EA	0	81
20 rectangular not inflatable pool 26 i	B088H38JQH	3	81
20 vr headset without controller	B08XX3YHJB	2	82
20 vr headset without controller	B095K34SQ6	2	82
20 vr headset without controller	B08SBJ4FWN	2	82
20 vr headset without controller	B08RS8MZJY	0	82
20 vr headset without controller	B08QRCDS3C	3	82
20 vr headset without controller	B08PBCWCH4	2	82
20 vr headset without controller	B08P1V69PJ	2	82
20 vr headset without controller	B08M9DZLDV	1	82
20 vr headset without controller	B08FMP67SW	3	82
20 vr headset without controller	B07X117LPR	0	82
20 vr headset without controller	B07WRYK1BD	2	82
20 vr headset without controller	B07VDJDMLV	1	82
20 vr headset without controller	B07PTMKYS7	0	82
20 vr headset without controller	B07B9WPR7G	2	82
20 vr headset without controller	B06XHXRXP1	0	82
20 vr headset without controller	B08JM6XKTK	2	82
230 pool for outdoors not plastic	B082WXCM5W	0	83
230 pool for outdoors not plastic	B07MHFZHDT	0	83
230 pool for outdoors not plastic	B07Q8JC9X4	1	83
230 pool for outdoors not plastic	B07R48115J	1	83
230 pool for outdoors not plastic	B07RCVJXCV	0	83
230 pool for outdoors not plastic	B07RWGYPNK	0	83
230 pool for outdoors not plastic	B082KWD94W	3	83
230 pool for outdoors not plastic	B084GPS6KR	1	83
230 pool for outdoors not plastic	B075CFV8X1	0	83
230 pool for outdoors not plastic	B085DFKMYJ	0	83
230 pool for outdoors not plastic	B087CRWM8M	0	83
230 pool for outdoors not plastic	B08P51LSNL	3	83
230 pool for outdoors not plastic	B08Q3S7Z7N	2	83
230 pool for outdoors not plastic	B08RS7HM7X	2	83
230 pool for outdoors not plastic	B08T22FVKD	3	83
230 pool for outdoors not plastic	B08TBYHBG3	2	83
230 pool for outdoors not plastic	B08VDMPLB1	3	83
230 pool for outdoors not plastic	B07KXN8C9X	3	83
230 pool for outdoors not plastic	B084YVF817	0	83
230 pool for outdoors not plastic	B07GBV9WG9	0	83
230 pool for outdoors not plastic	B06X9PLTY5	0	83
230 pool for outdoors not plastic	B077215M1R	3	83
230 pool for outdoors not plastic	B0000U11LW	3	83
230 pool for outdoors not plastic	B0009PU0UQ	2	83
230 pool for outdoors not plastic	B000BQOX88	0	83
230 pool for outdoors not plastic	B000OV0X34	0	83
230 pool for outdoors not plastic	B07CQC5W4X	0	83
230 pool for outdoors not plastic	B0047RAQZG	0	83
230 pool for outdoors not plastic	B009T7HHGA	0	83
230 pool for outdoors not plastic	B00A8LGG86	3	83
230 pool for outdoors not plastic	B000SN61UC	3	83
230 pool for outdoors not plastic	B00N3NIG9I	0	83
230 pool for outdoors not plastic	B01B7WOJF6	0	83
230 pool for outdoors not plastic	B01I3DL9XW	0	83
230 pool for outdoors not plastic	B06Y48N3YT	0	83
230 pool for outdoors not plastic	B06Y49GJX4	3	83
230 pool for outdoors not plastic	B071SH2NXH	0	83
230 pool for outdoors not plastic	B074NHPRY7	0	83
230 pool for outdoors not plastic	B00HRT863U	2	83
25 apple gift card not email	B07RQ9VFN6	2	84
25 apple gift card not email	B07KPMD75B	2	84
25 apple gift card not email	B07HJHK8Y5	0	84
25 apple gift card not email	B07GH6WX29	0	84
25 apple gift card not email	B07GHDHKPN	2	84
25 apple gift card not email	B07GH7JZ91	3	84
25 apple gift card not email	B07RTN4C77	0	84
25 apple gift card not email	B07HJD9FVV	2	84
25 apple gift card not email	B07SSFSFJD	0	84
25 apple gift card not email	B07GFQ5B44	0	84
25 apple gift card not email	B07ZDX292M	0	84
25 apple gift card not email	B07ZHZK2HZ	0	84
25 apple gift card not email	B07ZSB9QYL	0	84
25 apple gift card not email	B0893JQ2X2	0	84
25 apple gift card not email	B08B3NYGBF	3	84
25 apple gift card not email	B08F3C99KN	3	84
25 apple gift card not email	B08G18JJK2	0	84
25 apple gift card not email	B08HBPQC8X	0	84
25 apple gift card not email	B07ZDWLGQH	0	84
25 apple gift card not email	B07FMJVVKW	3	84
25 apple gift card not email	B01IE42ST4	0	84
25 apple gift card not email	B07FKR6KXF	0	84
25 apple gift card not email	B005FGQIEG	2	84
25 apple gift card not email	B00AR51Y5I	0	84
25 apple gift card not email	B00GRLUG3M	0	84
25 apple gift card not email	B00MV9FCFQ	0	84
25 apple gift card not email	B00MV9M8PS	0	84
25 apple gift card not email	B00PGON7DW	2	84
25 apple gift card not email	B00R92CL5E	0	84
25 apple gift card not email	B01C9MW8Z6	2	84
25 apple gift card not email	B004LLIKVU	2	84
25 apple gift card not email	B07FL2S4MM	2	84
25 apple gift card not email	B01N5TMK8I	2	84
25 apple gift card not email	B06ZY43PDR	0	84
25 apple gift card not email	B072F9T6VX	2	84
25 apple gift card not email	B074T91QTZ	0	84
25 apple gift card not email	B077MX91YD	0	84
25 apple gift card not email	B077T9WSSN	2	84
25 apple gift card not email	B079YMX2J6	3	84
25 apple gift card not email	B01H6GUCCQ	3	84
25 ceiling fan without lights	B08HQHNTSG	0	85
25 ceiling fan without lights	B08HN65CR6	2	85
25 ceiling fan without lights	B0843H528K	2	85
25 ceiling fan without lights	B086X4KGDB	2	85
25 ceiling fan without lights	B0846PLVFQ	2	85
25 ceiling fan without lights	B08M189CNL	3	85
25 ceiling fan without lights	B08C3443NK	0	85
25 ceiling fan without lights	B08NCWJ1QQ	2	85
25 ceiling fan without lights	B095HXZMQG	3	85
25 ceiling fan without lights	B08TQQCQDN	2	85
25 ceiling fan without lights	B0923V7XHV	0	85
25 ceiling fan without lights	B094MQFLQL	3	85
25 ceiling fan without lights	B096VZDGJ5	0	85
25 ceiling fan without lights	B096W1Q216	2	85
25 ceiling fan without lights	B097SZPB34	0	85
25 ceiling fan without lights	B099RN6SFQ	2	85
25 ceiling fan without lights	B081HHZBPX	2	85
25 ceiling fan without lights	B08PZBYG9J	3	85
25 ceiling fan without lights	B07TMNRCKY	3	85
25 ceiling fan without lights	B07DKJDV7V	3	85
25 ceiling fan without lights	B000HM9LNI	0	85
25 ceiling fan without lights	B07BH41Y1Z	0	85
25 ceiling fan without lights	B0011E5WXE	1	85
25 ceiling fan without lights	B001B1HP9G	0	85
25 ceiling fan without lights	B001PO9I58	0	85
25 ceiling fan without lights	B004NL0JDK	3	85
25 ceiling fan without lights	B004SCFCPE	0	85
25 ceiling fan without lights	B00C8C48PG	2	85
25 ceiling fan without lights	B00CYA8CD6	3	85
25 ceiling fan without lights	B00D8NTX90	2	85
25 ceiling fan without lights	B004SCFCKO	2	85
25 ceiling fan without lights	B00KHSLHB6	3	85
25 ceiling fan without lights	B00DF2F1ZE	3	85
25 ceiling fan without lights	B01NCWUUZT	3	85
25 ceiling fan without lights	B01M7M740I	3	85
25 ceiling fan without lights	B01M6TKONU	3	85
25 ceiling fan without lights	B073R3KJTZ	2	85
25 ceiling fan without lights	B010PTKM1C	2	85
25 ceiling fan without lights	B00TIPBUXY	3	85
25 ceiling fan without lights	B01CDGCVBE	3	85
25 katana swords not real	B089KDQP5H	3	86
25 katana swords not real	B07ZZG7V31	1	86
25 katana swords not real	B081T1SSQN	0	86
25 katana swords not real	B084KPS2B4	3	86
25 katana swords not real	B0859QN33H	3	86
25 katana swords not real	B0859QP8Y9	3	86
25 katana swords not real	B097PBHXTH	3	86
25 katana swords not real	B087BXXL8D	3	86
25 katana swords not real	B089LKGWDH	3	86
25 katana swords not real	B07Z91KFVX	2	86
25 katana swords not real	B08CCV9WXD	3	86
25 katana swords not real	B08CRYBFJ7	3	86
25 katana swords not real	B08DDCJNL8	3	86
25 katana swords not real	B08F9VHM1S	3	86
25 katana swords not real	B08HJFNBJD	0	86
25 katana swords not real	B08PJNG3ZM	2	86
25 katana swords not real	B08V15KKSH	3	86
25 katana swords not real	B09522BC69	3	86
25 katana swords not real	B08B418VX4	2	86
25 katana swords not real	B07YRFFCY5	3	86
25 katana swords not real	B0164U55AY	0	86
25 katana swords not real	B078YQW3RN	0	86
25 katana swords not real	B07YF6P8L6	3	86
25 katana swords not real	9879000633	2	86
25 katana swords not real	B000OMYLJ0	3	86
25 katana swords not real	B002VITTH4	3	86
25 katana swords not real	B003VW51OY	2	86
25 katana swords not real	B00BNKB23A	2	86
25 katana swords not real	B00DS0E26M	3	86
25 katana swords not real	B00J3ZLBME	2	86
25 katana swords not real	B00CNVLMZQ	3	86
25 katana swords not real	B00NS36SV6	1	86
25 katana swords not real	B00YV33E0K	3	86
25 katana swords not real	B011PKQT30	1	86
25 katana swords not real	B01HB5LHIU	3	86
25 katana swords not real	B01KQV5H32	3	86
25 katana swords not real	B01LWIF171	3	86
25 katana swords not real	B0743NPH9H	0	86
25 katana swords not real	B075SW9P3V	3	86
25 katana swords not real	B00NS3471O	1	86
25 xbox gift card not digital	B00F4CFBUS	2	87
25 xbox gift card not digital	B07RZ75JW3	3	87
25 xbox gift card not digital	B07RX6FBFR	0	87
25 xbox gift card not digital	B06W55K9N6	0	87
25 xbox gift card not digital	B01065S79E	0	87
25 xbox gift card not digital	B00F4CFHFC	0	87
25 xbox gift card not digital	B00F4CFAV8	2	87
25 xbox gift card not digital	B01H6GUCCQ	1	87
25 xbox gift card not digital	B00F4CF4PU	2	87
25 xbox gift card not digital	B00F4CF39C	0	87
25 xbox gift card not digital	B00F4CEWOY	3	87
25 xbox gift card not digital	B00F4CEOS8	2	87
25 xbox gift card not digital	B00F4CEHNK	2	87
25 xbox gift card not digital	B0086UK7IQ	0	87
25 xbox gift card not digital	B004RMK4P8	0	87
25 xbox gift card not digital	B00F4CF7L6	3	87
275 airsoft guns	B07S8QWWTP	3	88
275 airsoft guns	B07PXBDL6F	3	88
275 airsoft guns	B01L0LUH6E	3	88
275 airsoft guns	B01DMJKIDE	3	88
275 airsoft guns	B01B5BUING	3	88
275 airsoft guns	B015OVSLQO	3	88
275 airsoft guns	B009NNALEU	3	88
275 airsoft guns	B007J38NC8	3	88
275 airsoft guns	B004ZGD1PG	3	88
275 airsoft guns	B000W32TN6	3	88
3 nail tips without tax	B07W92SMN9	3	89
3 nail tips without tax	B07Y4YMJ9S	3	89
3 nail tips without tax	B07YBQ7HK4	3	89
3 nail tips without tax	B07YCNQWB4	3	89
3 nail tips without tax	B07ZR4T65N	3	89
3 nail tips without tax	B085PV7ZMV	3	89
3 nail tips without tax	B086ZLWVK4	3	89
3 nail tips without tax	B0881P8PJZ	3	89
3 nail tips without tax	B08W2GSFZP	2	89
3 nail tips without tax	B08BJNRHPB	3	89
3 nail tips without tax	B08BNZ3BXF	3	89
3 nail tips without tax	B08D3Q83QQ	2	89
3 nail tips without tax	B08DKFX4GT	3	89
3 nail tips without tax	B08G1JFPCN	2	89
3 nail tips without tax	B08HVMD2SL	3	89
3 nail tips without tax	B08RZ8P81X	3	89
3 nail tips without tax	B07TWLJWQ7	2	89
3 nail tips without tax	B088FLHKH4	3	89
3 nail tips without tax	B07T9KDNGS	3	89
3 nail tips without tax	B08DTRQP8V	3	89
3 nail tips without tax	B07JBLZ62H	0	89
3 nail tips without tax	B000AA5VE0	3	89
3 nail tips without tax	B001FGLX72	0	89
3 nail tips without tax	B004TD23W2	0	89
3 nail tips without tax	B01CSANBU0	3	89
3 nail tips without tax	B07R4Y83WM	3	89
3 nail tips without tax	B01EO2KLDU	0	89
3 nail tips without tax	B06XRBNTYD	3	89
3 nail tips without tax	B0719RG1GG	3	89
3 nail tips without tax	B074KVWRVL	0	89
3 nail tips without tax	B01K8PEZMU	0	89
3 nail tips without tax	B077TZZ8NJ	3	89
3 nail tips without tax	B077Z187DR	3	89
3 nail tips without tax	B07BS1DBQG	3	89
3 nail tips without tax	B07CVSZ2QQ	3	89
3 nail tips without tax	B07FMVKJRG	3	89
3 nail tips without tax	B07GWGQ88L	3	89
3 nail tips without tax	B07H88XL3F	2	89
3 nail tips without tax	B07HGYZW55	3	89
3 nail tips without tax	B0774J62GB	0	89
30 roblox gift card not digital	B07RX6FBFR	3	90
30 roblox gift card not digital	B09194H44R	0	90
30 roblox gift card not digital	B08R5N6W6B	2	90
30 roblox gift card not digital	B07Y693ND1	0	90
30 roblox gift card not digital	B07RZ75JW3	2	90
30 roblox gift card not digital	B07RZ74VLR	2	90
30 roblox gift card not digital	B07M9XQ9YB	0	90
30 roblox gift card not digital	B078RJ1KZ6	0	90
30 roblox gift card not digital	B01N6RK9UE	0	90
30 roblox gift card not digital	B016Y2BVKA	3	90
30 roblox gift card not digital	B00WEVLE30	0	90
30 roblox gift card not digital	B00F4CEWOY	0	90
30 roblox gift card not digital	B00F4CEHNK	2	90
30 roblox gift card not digital	B004RMK4P8	0	90
30 roblox gift card not digital	B07BC8ZH7K	0	90
35 bay casting left handed pole that does not do backlash	B00UI16QO0	0	91
35 bay casting left handed pole that does not do backlash	B00VZ51SSC	0	91
35 bay casting left handed pole that does not do backlash	B010HWCWOW	0	91
35 bay casting left handed pole that does not do backlash	B011LV0Q96	3	91
35 bay casting left handed pole that does not do backlash	B0120UNUYK	3	91
35 bay casting left handed pole that does not do backlash	B01BHAU9AC	0	91
35 bay casting left handed pole that does not do backlash	B01KMN2UBQ	1	91
35 bay casting left handed pole that does not do backlash	B0764K817P	0	91
35 bay casting left handed pole that does not do backlash	B078GZ4P2B	0	91
35 bay casting left handed pole that does not do backlash	B07PPH5DKJ	0	91
35 bay casting left handed pole that does not do backlash	B07JQ2X68W	0	91
35 bay casting left handed pole that does not do backlash	B07MLRS85P	0	91
35 bay casting left handed pole that does not do backlash	B07R1L835R	0	91
35 bay casting left handed pole that does not do backlash	B07T16K28M	0	91
35 bay casting left handed pole that does not do backlash	B084QGSTXG	0	91
35 bay casting left handed pole that does not do backlash	B0851SDG7Y	0	91
35 bay casting left handed pole that does not do backlash	B08BB41Q3V	3	91
35 bay casting left handed pole that does not do backlash	B07FN7PFZ3	3	91
35 bay casting left handed pole that does not do backlash	B00OPC8C7W	0	91
35 bay casting left handed pole that does not do backlash	B002HI9QWG	1	91
35 bay casting left handed pole that does not do backlash	B00F0KMLCK	0	91
35 bay casting left handed pole that does not do backlash	B000256ESA	0	91
35 bay casting left handed pole that does not do backlash	B0009GUZZK	0	91
35 bay casting left handed pole that does not do backlash	B000TUNMW4	0	91
35 bay casting left handed pole that does not do backlash	B0013OQAS8	0	91
35 bay casting left handed pole that does not do backlash	B001PJ6S4W	3	91
35 bay casting left handed pole that does not do backlash	B00H9S71LW	0	91
35 bay casting left handed pole that does not do backlash	B0037MDCPI	0	91
35 bay casting left handed pole that does not do backlash	B003RYUW2C	0	91
35 bay casting left handed pole that does not do backlash	B0058HX51G	0	91
35 bay casting left handed pole that does not do backlash	B00819FUHK	0	91
35 bay casting left handed pole that does not do backlash	B008QBX322	0	91
35 bay casting left handed pole that does not do backlash	B008RST90Y	0	91
35 bay casting left handed pole that does not do backlash	B009RIMMW0	0	91
35 bay casting left handed pole that does not do backlash	B00D1DP00S	0	91
35 bay casting left handed pole that does not do backlash	B00EE6GHU8	3	91
35 bay casting left handed pole that does not do backlash	B00EZTIGNA	0	91
35 bay casting left handed pole that does not do backlash	B00F0KLSCE	3	91
35 bay casting left handed pole that does not do backlash	B005ZSG02O	0	91
3what can you buy without siri dollar toy	B08NFBNCRG	0	92
3what can you buy without siri dollar toy	B07GWPVCZK	3	92
3what can you buy without siri dollar toy	B07RMJ8SG6	3	92
3what can you buy without siri dollar toy	B07F7KJNKK	3	92
3what can you buy without siri dollar toy	B0881WHZHM	0	92
3what can you buy without siri dollar toy	B0897MJKGP	0	92
3what can you buy without siri dollar toy	B07TKVPC27	0	92
3what can you buy without siri dollar toy	B07DSCT7SR	3	92
3what can you buy without siri dollar toy	B07HZLHPKP	0	92
3what can you buy without siri dollar toy	B079V3BXD7	0	92
3what can you buy without siri dollar toy	B00000IZKX	3	92
3what can you buy without siri dollar toy	B000V9HCO2	0	92
3what can you buy without siri dollar toy	B01FHDZGGM	0	92
3what can you buy without siri dollar toy	B07C2YPYBM	0	92
3what can you buy without siri dollar toy	B074RCV4HQ	0	92
3what can you buy without siri dollar toy	B075NFX24M	0	92
3what can you buy without siri dollar toy	B01HPM8MMI	3	92
4 worthy items not books	B08P4KZYVQ	0	93
4 worthy items not books	B08L843Q71	0	93
4 worthy items not books	B084KYGWKJ	0	93
4 worthy items not books	B07HY9DC4N	0	93
4 worthy items not books	B07D2PQH48	0	93
4 worthy items not books	B0796KWTPD	0	93
4 worthy items not books	B077ZKCKHG	0	93
4 worthy items not books	B08HL6DPRT	0	93
4 worthy items not books	B01DN8TCEU	0	93
4 worthy items not books	B00T5DYXHE	0	93
4 worthy items not books	B00K282KY4	3	93
4 worthy items not books	B00D3OR58A	0	93
4 worthy items not books	B009MSHS4C	3	93
4 worthy items not books	1783293233	0	93
4 worthy items not books	B075NYWF5P	0	93
40 bean bag chair for adults with bean not included	B07PT8M8SX	2	94
40 bean bag chair for adults with bean not included	B07RRSYLR1	1	94
40 bean bag chair for adults with bean not included	B07SQ4X468	3	94
40 bean bag chair for adults with bean not included	B07VFGQ53X	3	94
40 bean bag chair for adults with bean not included	B07W71FKQD	0	94
40 bean bag chair for adults with bean not included	B07YDMHPNN	0	94
40 bean bag chair for adults with bean not included	B07YQWSF1V	2	94
40 bean bag chair for adults with bean not included	B0821XN92W	3	94
40 bean bag chair for adults with bean not included	B08DX6CR4G	3	94
40 bean bag chair for adults with bean not included	B083RCMYWR	3	94
40 bean bag chair for adults with bean not included	B08DP3RQ3T	3	94
40 bean bag chair for adults with bean not included	B08K3RKCKB	2	94
40 bean bag chair for adults with bean not included	B08K3S5YLN	2	94
40 bean bag chair for adults with bean not included	B08T64J84T	3	94
40 bean bag chair for adults with bean not included	B08ZJ8QQN1	3	94
40 bean bag chair for adults with bean not included	B0923B9ZWY	3	94
40 bean bag chair for adults with bean not included	B07N18867W	3	94
40 bean bag chair for adults with bean not included	B0821XWBWB	3	94
40 bean bag chair for adults with bean not included	B08ZXML5YZ	0	94
40 bean bag chair for adults with bean not included	B07L9YPXD5	2	94
40 bean bag chair for adults with bean not included	B07KBJFMYB	2	94
40 bean bag chair for adults with bean not included	B07L6GL9Z2	3	94
40 bean bag chair for adults with bean not included	B00DQT7B2C	3	94
40 bean bag chair for adults with bean not included	B00DQUSWWE	2	94
40 bean bag chair for adults with bean not included	B00EAQVGLC	3	94
40 bean bag chair for adults with bean not included	B00G582C8Y	3	94
40 bean bag chair for adults with bean not included	B00NOAWTQ6	2	94
40 bean bag chair for adults with bean not included	B00P21TAIK	3	94
40 bean bag chair for adults with bean not included	B00V7B78Z6	2	94
40 bean bag chair for adults with bean not included	B015UK4VXG	0	94
40 bean bag chair for adults with bean not included	B00P21XEEQ	3	94
40 bean bag chair for adults with bean not included	B01I0YR8DE	3	94
40 bean bag chair for adults with bean not included	B0758KBH8Z	2	94
40 bean bag chair for adults with bean not included	B075ZXDX1M	3	94
40 bean bag chair for adults with bean not included	B078R7842F	0	94
40 bean bag chair for adults with bean not included	B07B9DT6NK	3	94
40 bean bag chair for adults with bean not included	B07G59Y5ZF	0	94
40 bean bag chair for adults with bean not included	B07GNWPYJC	0	94
40 bean bag chair for adults with bean not included	B07JJVKDHC	3	94
40 bean bag chair for adults with bean not included	B019OGSEOY	2	94
44red phone without having to pay production	B07HJD9FVV	0	95
44red phone without having to pay production	B08CFSZLQ4	0	95
44red phone without having to pay production	B086TQTKVN	0	95
44red phone without having to pay production	B084D89DBF	3	95
44red phone without having to pay production	B07J1NL16J	0	95
44red phone without having to pay production	B07BN3ZD6C	0	95
44red phone without having to pay production	B00HZYK3CO	0	95
44red phone without having to pay production	B06XH46MWW	3	95
44red phone without having to pay production	B01N5TMK8I	0	95
44red phone without having to pay production	B01MSBQB1P	0	95
44red phone without having to pay production	B0055OUOQQ	0	95
44red phone without having to pay production	B000050FZP	0	95
44red phone without having to pay production	B06XKNZT1P	0	95
5 items	B079HXXP4T	0	96
5 items	B07DZYGDS3	3	96
5 items	B07HY9DC4N	3	96
5 items	B07M77RB97	3	96
5 items	B07NTWYGJX	0	96
5 items	B07Z11X58J	3	96
5 items	B07XVY344Z	0	96
5 items	B08QTRG66J	0	96
5 items	B092Z1NHRN	3	96
5 items	B09D7B6LVJ	0	96
5 items	B07QC4WTNC	3	96
5 items	B0787GLBMV	3	96
5 items	B01MXHNNUM	3	96
5 items	B01M1NQ1CE	3	96
5 items	B001SYWTFG	2	96
5 items	B003YUYVMQ	0	96
5 items	B0054LHI5A	3	96
5 items	B007K68C5M	0	96
5 items	B01N6A2GBX	0	96
5 items	B00O869QUC	0	96
5 items	B01M1NP02K	0	96
5 items	B00D1G8XA4	3	96
5 items	B015SQAVB8	0	96
5 items	B01FVW3DUA	0	96
50 gifts for men	B084SQ8P2P	3	97
50 gifts for men	B085B3Z85C	3	97
50 gifts for men	B086K3HBN2	0	97
50 gifts for men	B08FBCBMXF	3	97
50 gifts for men	B08HVM5XMS	3	97
50 gifts for men	B08JHV66N1	3	97
50 gifts for men	B08P1F6TW6	3	97
50 gifts for men	B08R8SW1NM	3	97
50 gifts for men	B08RCKGKL2	3	97
50 gifts for men	B082M1F272	3	97
50 gifts for men	B08Y16HQTX	0	97
50 gifts for men	B0921F3JTF	3	97
50 gifts for men	B094VCW7HP	3	97
50 gifts for men	B095K98Q21	3	97
50 gifts for men	B09722KXS8	3	97
50 gifts for men	B098MGNSSS	0	97
50 gifts for men	B099QTHYQC	3	97
50 gifts for men	B08VD4S34Z	3	97
50 gifts for men	B07ZL13WZP	3	97
50 gifts for men	B08VW7SB78	3	97
50 gifts for men	B07VC6GXYT	3	97
50 gifts for men	B07Y1C853J	3	97
50 gifts for men	1726244822	0	97
50 gifts for men	B0078EPRVS	3	97
50 gifts for men	B01DWH11L4	3	97
50 gifts for men	B06ZY43PDR	3	97
50 gifts for men	B0728B7CCG	3	97
50 gifts for men	B07516MZ95	0	97
50 gifts for men	B078N1DBY9	3	97
50 gifts for men	B07J2Q8L2F	3	97
50 gifts for men	B08RC71GYV	3	97
50 gifts for men	B07N517JD9	0	97
50 gifts for men	B07P2V51TJ	0	97
50 gifts for men	B07PBPBVRY	0	97
50 gifts for men	B07PH417T1	3	97
50 gifts for men	B07PPMTGV1	3	97
50 gifts for men	B07RD9W7KJ	3	97
50 gifts for men	B07SH13HCK	3	97
50 gifts for men	B07KWLHSN3	0	97
50 gifts for men	B07V6X6MG6	3	97
50 not accepted	B07HZQBBKL	0	98
50 not accepted	B083GBV7M5	0	98
50 not accepted	B07JMK7STT	3	98
50 not accepted	B07HBGXJBM	0	98
50 not accepted	B07CXG6C9W	2	98
50 not accepted	B078GVMVRH	0	98
50 not accepted	B07743412C	0	98
50 not accepted	B076H2J9TZ	0	98
50 not accepted	B07222R3Y5	0	98
50 not accepted	B01MSBQB1P	0	98
50 not accepted	B019ZX7STS	3	98
50 not accepted	B00LV6VDG2	2	98
50 not accepted	B077MX91YD	0	98
50 skateboard without waxing music	B07Q5XFZF4	1	99
50 skateboard without waxing music	B07QQZZGMR	3	99
50 skateboard without waxing music	B07VH6P6LD	1	99
50 skateboard without waxing music	B07X7Z75PD	2	99
50 skateboard without waxing music	B07XCM74VG	0	99
50 skateboard without waxing music	B07ZD6WPWF	0	99
50 skateboard without waxing music	B07ZY5F6KJ	1	99
50 skateboard without waxing music	B0821585L8	0	99
50 skateboard without waxing music	B088GVLNDY	3	99
50 skateboard without waxing music	B084ZY5JZQ	0	99
50 skateboard without waxing music	B088KJNLXD	3	99
50 skateboard without waxing music	B08B398T23	3	99
50 skateboard without waxing music	B08DG9BPQ8	2	99
50 skateboard without waxing music	B08LN3Y3L8	1	99
50 skateboard without waxing music	B08MB6V41D	0	99
50 skateboard without waxing music	B08X9YMDX2	0	99
50 skateboard without waxing music	B08224BY3Q	2	99
50 skateboard without waxing music	B07PQBJJL4	1	99
50 skateboard without waxing music	B07K376BTX	2	99
50 skateboard without waxing music	B07GGTR2X6	3	99
50 skateboard without waxing music	B07HGLBZZM	0	99
50 skateboard without waxing music	B000A3J4ZY	0	99
50 skateboard without waxing music	B0016FYDQU	0	99
50 skateboard without waxing music	B004UOL6DM	3	99
50 skateboard without waxing music	B009LIZFC0	0	99
50 skateboard without waxing music	B00HV8F694	0	99
50 skateboard without waxing music	B00IAKYGRU	1	99
50 skateboard without waxing music	B00YYVPZT2	0	99
50 skateboard without waxing music	B00HDNGXAS	0	99
50 skateboard without waxing music	B072XJCLN1	0	99
50 skateboard without waxing music	B073P1N187	0	99
50 skateboard without waxing music	B075FN35PH	3	99
50 skateboard without waxing music	B0773Z6QZM	0	99
50 skateboard without waxing music	B0792WF2ZN	2	99
50 skateboard without waxing music	B07DVMN1XK	0	99
50 skateboard without waxing music	B07DYMJHX5	3	99
50 skateboard without waxing music	B013YPIVB2	1	99
50 skateboard without waxing music	B07F1TQ733	0	99
50 visa gift cards without fees	B07HJD9FVV	0	100
50 visa gift cards without fees	B07HJHK8Y5	2	100
50 visa gift cards without fees	B07NSPCQVP	2	100
50 visa gift cards without fees	B07X2FSBV6	3	100
50 visa gift cards without fees	B07RN9P435	2	100
50 visa gift cards without fees	B07GH6WX29	0	100
50 visa gift cards without fees	B07PDNG7VB	2	100
50 visa gift cards without fees	B01N5TMK8I	2	100
50 visa gift cards without fees	B0091JL4C4	3	100
50 visa gift cards without fees	B014S24C4K	3	100
50 visa gift cards without fees	B00NU7T4E8	3	100
50 visa gift cards without fees	B00JDQKQX8	0	100
50 visa gift cards without fees	B00GB8LQPI	3	100
50 visa gift cards without fees	B00E7I6KWI	0	100
50 visa gift cards without fees	B0083V90PO	0	100
50 visa gift cards without fees	B01MSBQB1P	2	100
60 ps4 thats not gonna be on amazon	B08RZC5JXY	1	101
60 ps4 thats not gonna be on amazon	B08J6V7B5R	1	101
60 ps4 thats not gonna be on amazon	B08HL9Y8G3	0	101
60 ps4 thats not gonna be on amazon	B08GY1F43S	1	101
60 ps4 thats not gonna be on amazon	B089W1W9RM	1	101
60 ps4 thats not gonna be on amazon	B06XKNZT1P	0	101
60 ps4 thats not gonna be on amazon	B0863FZVTX	3	101
60 ps4 thats not gonna be on amazon	B01M4MCUAF	0	101
60 ps4 thats not gonna be on amazon	B01LWVX2RG	1	101
60 ps4 thats not gonna be on amazon	B01H6GUCCQ	1	101
60 ps4 thats not gonna be on amazon	B00JK30A1M	0	101
60 ps4 thats not gonna be on amazon	B000L70MQO	0	101
60 ps4 thats not gonna be on amazon	B01MUB7BUV	0	101
75 visa gift card email delivery without a fee	B083S9L9SM	0	102
75 visa gift card email delivery without a fee	B07PDNG7VB	2	102
75 visa gift card email delivery without a fee	B07NSPCQVP	2	102
75 visa gift card email delivery without a fee	B07HJHK8Y5	0	102
75 visa gift card email delivery without a fee	B07HJD9FVV	2	102
75 visa gift card email delivery without a fee	B07GH7JZ91	2	102
75 visa gift card email delivery without a fee	B07GH6WX29	2	102
75 visa gift card email delivery without a fee	B0719C5P56	0	102
75 visa gift card email delivery without a fee	B07RN9P435	0	102
75 visa gift card email delivery without a fee	B01MSBQB1P	0	102
75 visa gift card email delivery without a fee	B00JDQKQX8	3	102
75 visa gift card email delivery without a fee	B00GB8LQPI	0	102
75 visa gift card email delivery without a fee	B00E7I6KWI	0	102
75 visa gift card email delivery without a fee	B00CHQKNUM	3	102
75 visa gift card email delivery without a fee	B0091JL4C4	3	102
75 visa gift card email delivery without a fee	B004LLIKVU	3	102
75 visa gift card email delivery without a fee	B01N5TMK8I	2	102
80 golf cart without roof	B07XCWNHLX	0	103
80 golf cart without roof	B07X3C67CL	1	103
80 golf cart without roof	B07VV2MGPQ	1	103
80 golf cart without roof	B07SVLL2Y1	1	103
80 golf cart without roof	B07VCTRLDR	1	103
80 golf cart without roof	B07XRP6ZDN	0	103
80 golf cart without roof	B07PQG8LLR	1	103
80 golf cart without roof	B07VNCKNWH	1	103
80 golf cart without roof	B07Y9QL6FW	3	103
80 golf cart without roof	B083PXGV3M	0	103
80 golf cart without roof	B082NQCF11	2	103
80 golf cart without roof	B08336KZCL	3	103
80 golf cart without roof	B08FDJDNM7	0	103
80 golf cart without roof	B08HQZ8G6H	1	103
80 golf cart without roof	B08V165XVB	1	103
80 golf cart without roof	B0928TF5ZN	1	103
80 golf cart without roof	B096RGZ5R5	0	103
80 golf cart without roof	B07NM71TYY	1	103
80 golf cart without roof	B082CDMFLQ	1	103
80 golf cart without roof	B07M93RZLZ	3	103
80 golf cart without roof	B000XEC01A	1	103
80 golf cart without roof	B07FV5ZJL3	0	103
80 golf cart without roof	B00022749Q	0	103
80 golf cart without roof	B000LOYSSK	0	103
80 golf cart without roof	B07GTPCSPL	0	103
80 golf cart without roof	B004CSYAXE	2	103
80 golf cart without roof	B00W300LG8	0	103
80 golf cart without roof	B01F7KSAGI	0	103
80 golf cart without roof	B01MRP9LCW	0	103
80 golf cart without roof	B071XB18BF	0	103
80 golf cart without roof	B01HPHDQXI	1	103
80 golf cart without roof	B073CKZPTG	1	103
80 golf cart without roof	B074T8WDJV	0	103
80 golf cart without roof	B075G27GB6	0	103
80 golf cart without roof	B076KDY47H	0	103
80 golf cart without roof	B077VT1J1S	1	103
80 golf cart without roof	B078L8DS2F	1	103
80 golf cart without roof	B07D36S3GS	1	103
80 golf cart without roof	B07DCM3PW4	1	103
80 golf cart without roof	B0727X79BV	1	103
90 iphone not chage	B07WRKXQ8W	1	104
90 iphone not chage	B092LMX3FB	0	104
90 iphone not chage	B08ZNGYVCG	3	104
90 iphone not chage	B08XQ41Z1H	1	104
90 iphone not chage	B08P7LPCRC	1	104
90 iphone not chage	B08JHZS8G5	1	104
90 iphone not chage	B07WPWX689	3	104
90 iphone not chage	B07Q2SJNZ5	1	104
90 iphone not chage	B07QVL8ZXW	3	104
90 iphone not chage	B07P6Y7954	3	104
90 iphone not chage	B07H2V5YLH	1	104
90 iphone not chage	B077578W38	2	104
90 iphone not chage	B071YMZ4LD	0	104
90 iphone not chage	B00TREI0A2	1	104
90 iphone not chage	B07R9XZSGL	1	104
not without hoodie	B082FBMMKB	2	105
not without hoodie	B0889YXK92	0	105
not without hoodie	B088B558CS	0	105
not without hoodie	B08BPBKW2Q	0	105
not without hoodie	B08C296CXZ	0	105
not without hoodie	B08D68ZFNJ	2	105
not without hoodie	B08YNZPTRT	0	105
not without hoodie	B08NYCR34Z	2	105
not without hoodie	B08QF1XT5W	3	105
not without hoodie	B091G1HX7Q	0	105
not without hoodie	B091Q8RMXL	2	105
not without hoodie	B0943YF6ML	0	105
not without hoodie	B07XJ87LYM	0	105
not without hoodie	B08F2XSXNV	3	105
not without hoodie	B07VZ7JZQV	0	105
not without hoodie	B01LBDWP5M	2	105
not without hoodie	B07SR2H2C6	2	105
not without hoodie	B00JOYXTLA	3	105
not without hoodie	B00ZUNH1OA	0	105
not without hoodie	B07VQNLHPS	3	105
not without hoodie	B01N3WBAL6	3	105
not without hoodie	B01N7HWGM2	3	105
not without hoodie	B071WWYP3K	0	105
not without hoodie	B014XBY01Q	0	105
not without hoodie	B077XN7PVZ	2	105
not without hoodie	B07JZRBHNC	0	105
not without hoodie	B07KD8BJ69	0	105
not without hoodie	B07KD91JXR	0	105
not without hoodie	B07LBVF9S3	0	105
not without hoodie	B07PZ93W61	0	105
not without hoodie	B075XH7C6K	2	105
%100 silicone not clear	B07CHYCKQM	2	106
%100 silicone not clear	B0868JG5T4	0	106
%100 silicone not clear	B07CJ6C6B2	0	106
%100 silicone not clear	B07QC1MBVS	2	106
%100 silicone not clear	B07RNK7SFN	0	106
%100 silicone not clear	B081PX15KK	0	106
%100 silicone not clear	B0857B54F5	0	106
%100 silicone not clear	B08697P5CS	0	106
%100 silicone not clear	B08D9SQ4N8	3	106
%100 silicone not clear	B087JMPTJ5	3	106
%100 silicone not clear	B08BL6915Y	0	106
%100 silicone not clear	B077D5DCZK	0	106
%100 silicone not clear	B08M9BDDKH	0	106
%100 silicone not clear	B08RMYL5YK	3	106
%100 silicone not clear	B08XYTSBK6	0	106
%100 silicone not clear	B08Y7X3W4R	0	106
%100 silicone not clear	B0927N8G47	0	106
%100 silicone not clear	B086XGNF7N	3	106
%100 silicone not clear	B075R8Y2FZ	0	106
%100 silicone not clear	B07MDKPT93	0	106
%100 silicone not clear	B01KB89QVY	3	106
%100 silicone not clear	B01MQW8AEM	2	106
%100 silicone not clear	B0000AYC09	3	106
%100 silicone not clear	B0000CBIH9	0	106
%100 silicone not clear	B0000CBIHF	3	106
%100 silicone not clear	B0000CBJ7W	2	106
%100 silicone not clear	B0000CBJ7X	2	106
%100 silicone not clear	B0001FFLUI	3	106
%100 silicone not clear	B0002ASD2K	2	106
%100 silicone not clear	B000BQWB5U	3	106
%100 silicone not clear	B0000DI85V	3	106
%100 silicone not clear	B000KE4PBQ	3	106
%100 silicone not clear	B000BQWKCY	3	106
%100 silicone not clear	B01EZTPX6M	2	106
%100 silicone not clear	B01B5RBOA6	2	106
%100 silicone not clear	B00ID8EDKY	3	106
%100 silicone not clear	B01F84Q2DG	0	106
%100 silicone not clear	B001JK7OJA	0	106
%100 silicone not clear	B001JK5R0I	0	106
%100 silicone not clear	B008XKVLBG	0	106
34;bed swing without stand 34;	B07RGY7DHL	0	107
34;bed swing without stand 34;	B07H88XX11	0	107
34;bed swing without stand 34;	B07MC3144W	0	107
34;bed swing without stand 34;	B07MZTT1BF	0	107
34;bed swing without stand 34;	B07NXX2LQ9	0	107
34;bed swing without stand 34;	B07PDKR8WX	3	107
34;bed swing without stand 34;	B07PMBDZ7K	3	107
34;bed swing without stand 34;	B07W96W9X5	0	107
34;bed swing without stand 34;	B07FP3686J	0	107
34;bed swing without stand 34;	B07Y5D18WM	0	107
34;bed swing without stand 34;	B07YWFPF39	0	107
34;bed swing without stand 34;	B07YWSY5TG	0	107
34;bed swing without stand 34;	B083QGGG66	0	107
34;bed swing without stand 34;	B087WPPGT4	0	107
34;bed swing without stand 34;	B08CDGMZ2K	0	107
34;bed swing without stand 34;	B08FMDJ7W1	3	107
34;bed swing without stand 34;	B08YR4XRMV	0	107
34;bed swing without stand 34;	B07XRKTX48	0	107
34;bed swing without stand 34;	B07FM2SRSC	0	107
34;bed swing without stand 34;	B07M6VPZ19	0	107
34;bed swing without stand 34;	B07C865R4R	2	107
34;bed swing without stand 34;	B003KJXNGG	0	107
34;bed swing without stand 34;	B00IAJCUWY	3	107
34;bed swing without stand 34;	B00IOZWC2M	1	107
34;bed swing without stand 34;	B00LU4CZP8	0	107
34;bed swing without stand 34;	B00VFYYAC4	0	107
34;bed swing without stand 34;	B0182XCOGE	0	107
34;bed swing without stand 34;	B019ZZB3O2	0	107
34;bed swing without stand 34;	B01AZC36Z8	0	107
34;bed swing without stand 34;	B01GSTR6Z8	0	107
34;bed swing without stand 34;	B07F8HTSKD	0	107
34;bed swing without stand 34;	B01M8QX73S	0	107
34;bed swing without stand 34;	B01JYXG1BK	0	107
34;bed swing without stand 34;	B077MJZ6ZG	0	107
34;bed swing without stand 34;	B075134Z6P	0	107
34;bed swing without stand 34;	B078Y2W3KF	0	107
34;bed swing without stand 34;	B073CWSQ51	0	107
34;bed swing without stand 34;	B06XKRJYKR	2	107
34;bed swing without stand 34;	B01N2KASWN	0	107
34;bed swing without stand 34;	B073QX1ZMS	0	107
34;tortillas without interesterified soybean oil	B01IQ00B04	0	108
34;tortillas without interesterified soybean oil	B07732SVD3	0	108
34;tortillas without interesterified soybean oil	B01M4LMYLG	0	108
34;tortillas without interesterified soybean oil	B06XTG4GSS	0	108
34;tortillas without interesterified soybean oil	B0739KKHWL	0	108
34;tortillas without interesterified soybean oil	B074HMX85T	0	108
34;tortillas without interesterified soybean oil	B0763GC8SB	0	108
34;tortillas without interesterified soybean oil	B078X1C28V	0	108
34;tortillas without interesterified soybean oil	B07MTGBBSC	0	108
34;tortillas without interesterified soybean oil	B07KYD25MF	0	108
34;tortillas without interesterified soybean oil	B07MK2XKKV	0	108
34;tortillas without interesterified soybean oil	B01ETVH4I6	0	108
34;tortillas without interesterified soybean oil	B07N8MYCS6	0	108
34;tortillas without interesterified soybean oil	B07PY4SR93	0	108
34;tortillas without interesterified soybean oil	B07RBR9THT	0	108
34;tortillas without interesterified soybean oil	B07SRJ8S14	0	108
34;tortillas without interesterified soybean oil	B0849Q133Y	0	108
34;tortillas without interesterified soybean oil	B07BRC62Z4	0	108
34;tortillas without interesterified soybean oil	B0186U9736	0	108
34;tortillas without interesterified soybean oil	B01MFX2ZE9	0	108
34;tortillas without interesterified soybean oil	B00008BK7H	0	108
34;tortillas without interesterified soybean oil	B00VZ29T7C	0	108
34;tortillas without interesterified soybean oil	B000BQT4NC	0	108
34;tortillas without interesterified soybean oil	B000G2UUOS	0	108
34;tortillas without interesterified soybean oil	B000GAO91K	0	108
34;tortillas without interesterified soybean oil	B000HJBKU8	0	108
34;tortillas without interesterified soybean oil	B000I16K32	0	108
34;tortillas without interesterified soybean oil	B0019LVFSU	0	108
34;tortillas without interesterified soybean oil	B0046XC528	3	108
34;tortillas without interesterified soybean oil	B00R1F3XFQ	0	108
34;tortillas without interesterified soybean oil	B004U3Y9FU	0	108
34;tortillas without interesterified soybean oil	B0061GINBA	0	108
34;tortillas without interesterified soybean oil	B00A2A7LBE	0	108
34;tortillas without interesterified soybean oil	B00C3FWXIC	0	108
34;tortillas without interesterified soybean oil	B00GB85JR4	0	108
34;tortillas without interesterified soybean oil	B00GBQ3K54	0	108
34;tortillas without interesterified soybean oil	B00KI3Z2UW	0	108
34;tortillas without interesterified soybean oil	B00KTQ7UJY	0	108
34;tortillas without interesterified soybean oil	B004JO5KYO	0	108
34;we re in the army not in the navy 34;	B07C2SY9G9	0	109
34;we re in the army not in the navy 34;	B07FCS6C4V	2	109
34;we re in the army not in the navy 34;	B07G4S241Y	3	109
34;we re in the army not in the navy 34;	B07G7285SV	0	109
34;we re in the army not in the navy 34;	B07NVXQ2KT	0	109
34;we re in the army not in the navy 34;	B07QZSFQ59	0	109
34;we re in the army not in the navy 34;	B07TB5X4ZQ	0	109
34;we re in the army not in the navy 34;	B088DX93RL	0	109
34;we re in the army not in the navy 34;	B07XFQTSCG	0	109
34;we re in the army not in the navy 34;	B07ZJZMF83	0	109
34;we re in the army not in the navy 34;	B083PXCMQD	0	109
34;we re in the army not in the navy 34;	B08966BN6P	0	109
34;we re in the army not in the navy 34;	B08DLKD2HH	0	109
34;we re in the army not in the navy 34;	B08RDQXFTG	0	109
34;we re in the army not in the navy 34;	B08TR8YV6S	0	109
34;we re in the army not in the navy 34;	B07XF3KGP9	0	109
34;we re in the army not in the navy 34;	B07BJ5YJTV	0	109
34;we re in the army not in the navy 34;	B0785P5MP5	0	109
34;we re in the army not in the navy 34;	B076DNMJ2K	0	109
34;we re in the army not in the navy 34;	B077YDLLMR	0	109
34;we re in the army not in the navy 34;	B00004YVB2	0	109
34;we re in the army not in the navy 34;	B006BHRU9U	0	109
34;we re in the army not in the navy 34;	B00FLJYPF6	0	109
34;we re in the army not in the navy 34;	B00OSRS4PY	0	109
34;we re in the army not in the navy 34;	B00TCVI96A	0	109
34;we re in the army not in the navy 34;	B00TUDK48Q	0	109
34;we re in the army not in the navy 34;	B00NMFM242	3	109
34;we re in the army not in the navy 34;	B01GF7R72U	0	109
34;we re in the army not in the navy 34;	B01GQ5GQEG	0	109
34;we re in the army not in the navy 34;	B07179XBP9	0	109
34;we re in the army not in the navy 34;	B073QMN75M	0	109
34;we re in the army not in the navy 34;	B073S4TP58	0	109
34;we re in the army not in the navy 34;	B0754X5HGZ	0	109
34;we re in the army not in the navy 34;	B015G0EWLG	0	109
a pedicure spa parts, pop-up drain plug without strainer	B07RKT28ND	0	110
a pedicure spa parts, pop-up drain plug without strainer	B07L938VBQ	3	110
a pedicure spa parts, pop-up drain plug without strainer	B07MKPMBCJ	0	110
a pedicure spa parts, pop-up drain plug without strainer	B07N3TG71V	2	110
a pedicure spa parts, pop-up drain plug without strainer	B07NWWNQF3	3	110
a pedicure spa parts, pop-up drain plug without strainer	B07PBR2YMZ	3	110
a pedicure spa parts, pop-up drain plug without strainer	B07Q7V81L4	2	110
a pedicure spa parts, pop-up drain plug without strainer	B07RLLCV3P	0	110
a pedicure spa parts, pop-up drain plug without strainer	B08MQ4DTSK	2	110
a pedicure spa parts, pop-up drain plug without strainer	B07W5PNSFW	2	110
a pedicure spa parts, pop-up drain plug without strainer	B07W8218FZ	2	110
a pedicure spa parts, pop-up drain plug without strainer	B07WDTYDSX	3	110
a pedicure spa parts, pop-up drain plug without strainer	B08384DQL2	0	110
a pedicure spa parts, pop-up drain plug without strainer	B08J3DYDQF	0	110
a pedicure spa parts, pop-up drain plug without strainer	B08J3Y8RPF	2	110
a pedicure spa parts, pop-up drain plug without strainer	B0923ZSMMK	2	110
a pedicure spa parts, pop-up drain plug without strainer	B092VWHS5Z	3	110
a pedicure spa parts, pop-up drain plug without strainer	B07SG474HG	0	110
a pedicure spa parts, pop-up drain plug without strainer	B07F18TQKC	0	110
a pedicure spa parts, pop-up drain plug without strainer	B07K3Q43KY	1	110
a pedicure spa parts, pop-up drain plug without strainer	B07DWTPPJF	0	110
a pedicure spa parts, pop-up drain plug without strainer	B07F13Y42Z	2	110
a pedicure spa parts, pop-up drain plug without strainer	B000EDUTPO	1	110
a pedicure spa parts, pop-up drain plug without strainer	B000HE8EZW	0	110
a pedicure spa parts, pop-up drain plug without strainer	B000JWT7P8	3	110
a pedicure spa parts, pop-up drain plug without strainer	B004VU8QF6	0	110
a pedicure spa parts, pop-up drain plug without strainer	B0095TEDU0	3	110
a pedicure spa parts, pop-up drain plug without strainer	B00JJXFYJ6	3	110
a pedicure spa parts, pop-up drain plug without strainer	B00OCEBMFM	3	110
a pedicure spa parts, pop-up drain plug without strainer	B00T492QB4	3	110
a pedicure spa parts, pop-up drain plug without strainer	B00ITTQPLM	3	110
a pedicure spa parts, pop-up drain plug without strainer	B01MS31FOO	3	110
a pedicure spa parts, pop-up drain plug without strainer	B01C0EFTCM	0	110
a pedicure spa parts, pop-up drain plug without strainer	B079HTHF3V	0	110
a pedicure spa parts, pop-up drain plug without strainer	B079DMWG8K	0	110
a pedicure spa parts, pop-up drain plug without strainer	B076QDB3FP	3	110
a pedicure spa parts, pop-up drain plug without strainer	B07B7SDHKW	0	110
a pedicure spa parts, pop-up drain plug without strainer	B074Q9S5LG	3	110
a pedicure spa parts, pop-up drain plug without strainer	B06XGXSRXL	0	110
a pedicure spa parts, pop-up drain plug without strainer	B076JD153W	0	110
i am here for a good time not a log time sticker	B07PDSH13L	3	111
i am here for a good time not a log time sticker	B07P8JCQHD	3	111
i am here for a good time not a log time sticker	B07NTKLTC5	3	111
i am here for a good time not a log time sticker	B07FZ8S74R	0	111
i am here for a good time not a log time sticker	B07H9GGTFC	0	111
i am here for a good time not a log time sticker	B07H3QKN2Z	0	111
i am here for a good time not a log time sticker	B07QBXRD1Q	0	111
i am here for a good time not a log time sticker	B07N4DHFZM	0	111
i am here for a good time not a log time sticker	B07RBB9ZHM	0	111
i am here for a good time not a log time sticker	B07W86YZM7	0	111
i am here for a good time not a log time sticker	B07SNYRL1G	0	111
i am here for a good time not a log time sticker	B07TM79K73	3	111
i am here for a good time not a log time sticker	B07XB32LVP	0	111
i am here for a good time not a log time sticker	B081YGR2SB	0	111
i am here for a good time not a log time sticker	B085SRSLQ6	0	111
i am here for a good time not a log time sticker	B087JRV75R	0	111
i am here for a good time not a log time sticker	B08DH52VMP	0	111
i am here for a good time not a log time sticker	B07F2FK4KY	0	111
i am here for a good time not a log time sticker	B07RLZKXXV	2	111
i am here for a good time not a log time sticker	B07D266SGW	0	111
i am here for a good time not a log time sticker	B07C5R69KK	0	111
i am here for a good time not a log time sticker	B076FVV44L	0	111
i am here for a good time not a log time sticker	B000KL1LDE	0	111
i am here for a good time not a log time sticker	B004LO2AIG	0	111
i am here for a good time not a log time sticker	B008FD8ETS	0	111
i am here for a good time not a log time sticker	B00B2FNHB6	0	111
i am here for a good time not a log time sticker	B00D8STBHY	0	111
i am here for a good time not a log time sticker	B00QSN2A9W	0	111
i am here for a good time not a log time sticker	B00WAJQRXI	0	111
i am here for a good time not a log time sticker	B015G0IQ6I	0	111
i am here for a good time not a log time sticker	B00JM5GW10	0	111
i am here for a good time not a log time sticker	B01DTFF0Y8	0	111
i am here for a good time not a log time sticker	B01BKW8G3O	0	111
i am here for a good time not a log time sticker	B075239WFP	0	111
i am here for a good time not a log time sticker	B073R59XYF	0	111
i am here for a good time not a log time sticker	B071K95X8T	0	111
i am here for a good time not a log time sticker	B075JB3N48	0	111
i am here for a good time not a log time sticker	B01MS6B7BV	0	111
i am here for a good time not a log time sticker	B01KYYJXDQ	0	111
i am here for a good time not a log time sticker	B06X6G81BX	0	111
i m not retired i m a professional grandpa	B08FBSKD96	2	112
i m not retired i m a professional grandpa	B07T6VDPQV	3	112
i m not retired i m a professional grandpa	B07V26MC23	3	112
i m not retired i m a professional grandpa	B07VC8ML84	3	112
i m not retired i m a professional grandpa	B07XGD837T	2	112
i m not retired i m a professional grandpa	B07XQBY9PN	3	112
i m not retired i m a professional grandpa	B08CSJXMFF	3	112
i m not retired i m a professional grandpa	B08F3SR2SC	2	112
i m not retired i m a professional grandpa	B08FCP1269	2	112
i m not retired i m a professional grandpa	B09727WMLW	3	112
i m not retired i m a professional grandpa	B08WKZS4CP	3	112
i m not retired i m a professional grandpa	B08ZZVBZMJ	3	112
i m not retired i m a professional grandpa	B092VPJ99V	3	112
i m not retired i m a professional grandpa	B096524MQ9	3	112
i m not retired i m a professional grandpa	B096P31Q6B	3	112
i m not retired i m a professional grandpa	B096W82NFT	3	112
i m not retired i m a professional grandpa	B09718DVH8	3	112
i m not retired i m a professional grandpa	B07T1VTXSX	3	112
i m not retired i m a professional grandpa	B08P5XYQFD	3	112
i m not retired i m a professional grandpa	B07SY44SZW	2	112
i m not retired i m a professional grandpa	B07RWJQNWY	3	112
i m not retired i m a professional grandpa	B07RV6GNHZ	3	112
i m not retired i m a professional grandpa	B06WLNWPYC	3	112
i m not retired i m a professional grandpa	B078318CQR	3	112
i m not retired i m a professional grandpa	B07BGRXCSX	3	112
i m not retired i m a professional grandpa	B07C32645S	3	112
i m not retired i m a professional grandpa	B07CZFL3H3	2	112
i m not retired i m a professional grandpa	B07CZS7NJ6	3	112
i m not retired i m a professional grandpa	B07DHH959P	3	112
i m not retired i m a professional grandpa	B07HM6WQXW	3	112
i m not retired i m a professional grandpa	B01HANXH7C	3	112
i m not retired i m a professional grandpa	B07KX3TS6P	3	112
i m not retired i m a professional grandpa	B07L6955JD	3	112
i m not retired i m a professional grandpa	B07PCT2M3Z	3	112
i m not retired i m a professional grandpa	B07PLKT7R8	3	112
i m not retired i m a professional grandpa	B07PM5H4C2	3	112
i m not retired i m a professional grandpa	B07Q162G1P	3	112
i m not retired i m a professional grandpa	B07R84GPFW	3	112
i m not retired i m a professional grandpa	B07RQMR9WX	3	112
i m not retired i m a professional grandpa	B07KWC9BN3	3	112
im not retired im a professional grandpa shirt	B08FBSKD96	3	113
im not retired im a professional grandpa shirt	B08F3SR2SC	3	113
im not retired im a professional grandpa shirt	B07XGD837T	2	113
im not retired im a professional grandpa shirt	B08C6ZQ3RJ	2	113
im not retired im a professional grandpa shirt	B07XQBY9PN	3	113
im not retired im a professional grandpa shirt	B08FCP1269	2	113
im not retired im a professional grandpa shirt	B08CSJXMFF	3	113
im not retired im a professional grandpa shirt	B08P5XYQFD	3	113
im not retired im a professional grandpa shirt	B096K4K35C	2	113
im not retired im a professional grandpa shirt	B08ZZVBZMJ	3	113
im not retired im a professional grandpa shirt	B092VPJ99V	3	113
im not retired im a professional grandpa shirt	B096524MQ9	3	113
im not retired im a professional grandpa shirt	B096P31Q6B	3	113
im not retired im a professional grandpa shirt	B09718DVH8	3	113
im not retired im a professional grandpa shirt	B09727WMLW	3	113
im not retired im a professional grandpa shirt	B097CK889Z	3	113
im not retired im a professional grandpa shirt	B07VC8ML84	3	113
im not retired im a professional grandpa shirt	B08W5C4PWS	3	113
im not retired im a professional grandpa shirt	B07V26MC23	2	113
im not retired im a professional grandpa shirt	B07T1VTXSX	2	113
im not retired im a professional grandpa shirt	B011ROHAUU	2	113
im not retired im a professional grandpa shirt	B07SY44SZW	3	113
im not retired im a professional grandpa shirt	B07C32645S	3	113
im not retired im a professional grandpa shirt	B07CZFL3H3	2	113
im not retired im a professional grandpa shirt	B07CZKPQ28	3	113
im not retired im a professional grandpa shirt	B07CZS7NJ6	3	113
im not retired im a professional grandpa shirt	B07GSHRW43	2	113
im not retired im a professional grandpa shirt	B07KWC9BN3	3	113
im not retired im a professional grandpa shirt	B07KWFK3K3	3	113
im not retired im a professional grandpa shirt	B07KX3TS6P	2	113
im not retired im a professional grandpa shirt	B07DHH959P	3	113
im not retired im a professional grandpa shirt	B07L6D85FM	0	113
im not retired im a professional grandpa shirt	B07L6955JD	3	113
im not retired im a professional grandpa shirt	B07RV6GNHZ	3	113
im not retired im a professional grandpa shirt	B07R84GPFW	3	113
im not retired im a professional grandpa shirt	B07R6XNX7P	3	113
im not retired im a professional grandpa shirt	B07RWJQNWY	3	113
im not retired im a professional grandpa shirt	B07PLKT7R8	3	113
im not retired im a professional grandpa shirt	B07PCT2M3Z	3	113
im not retired im a professional grandpa shirt	B07PM5H4C2	3	113
surfring not teaching tshirt	B07SD3LG4M	2	114
surfring not teaching tshirt	B08XH63L41	0	114
surfring not teaching tshirt	B07N4TFSW6	2	114
surfring not teaching tshirt	B07N7318H1	0	114
surfring not teaching tshirt	B07NY3Y4ZH	3	114
surfring not teaching tshirt	B07PF6T9YG	0	114
surfring not teaching tshirt	B07PH1XDQP	2	114
surfring not teaching tshirt	B07R2PTTWW	2	114
surfring not teaching tshirt	B07TB596SL	0	114
surfring not teaching tshirt	B07N12V7KY	2	114
surfring not teaching tshirt	B07VBXYXRL	0	114
surfring not teaching tshirt	B07YQHQC9G	2	114
surfring not teaching tshirt	B081W9PZSK	2	114
surfring not teaching tshirt	B081ZWWWL3	2	114
surfring not teaching tshirt	B081ZX6D8G	3	114
surfring not teaching tshirt	B082LNFSXY	0	114
surfring not teaching tshirt	B082N89M8Y	2	114
surfring not teaching tshirt	B08PL4YS9T	0	114
surfring not teaching tshirt	B07V55ZG1X	2	114
surfring not teaching tshirt	B07KY4TWC3	0	114
surfring not teaching tshirt	B079MG1ZKV	2	114
surfring not teaching tshirt	B07B43QZT9	2	114
surfring not teaching tshirt	B00NMFQPF4	2	114
surfring not teaching tshirt	B00OSRS4PY	0	114
surfring not teaching tshirt	B00SNCKUFM	2	114
surfring not teaching tshirt	B015G0DCFS	2	114
surfring not teaching tshirt	B015G0EWLG	2	114
surfring not teaching tshirt	B015G0F03U	2	114
surfring not teaching tshirt	B015QO79GM	2	114
surfring not teaching tshirt	B01HFFXLNA	2	114
surfring not teaching tshirt	B07KVJ23R5	2	114
surfring not teaching tshirt	B074QK3RWL	2	114
surfring not teaching tshirt	B075X2JJNT	2	114
surfring not teaching tshirt	B076FTC6FQ	2	114
surfring not teaching tshirt	B0778T4XLB	0	114
surfring not teaching tshirt	B077TV69SJ	0	114
surfring not teaching tshirt	B079G3M18Y	0	114
surfring not teaching tshirt	B079KYTVC4	2	114
surfring not teaching tshirt	B079MFL5S6	3	114
surfring not teaching tshirt	B06VW4GKWN	2	114
32 qt storage bins without lids	B07X9Z91RK	2	115
32 qt storage bins without lids	B07STLHLCZ	2	115
32 qt storage bins without lids	B07JPFN3N9	0	115
32 qt storage bins without lids	B07PFLRXN4	3	115
32 qt storage bins without lids	B07PCNGJP8	2	115
32 qt storage bins without lids	B081W21M2S	2	115
32 qt storage bins without lids	B07PR9NM54	2	115
32 qt storage bins without lids	B081W2V938	3	115
32 qt storage bins without lids	B08D7BQG12	2	115
32 qt storage bins without lids	B081W3BS8P	3	115
32 qt storage bins without lids	B081W3BS8Z	2	115
32 qt storage bins without lids	B083XT8GBY	2	115
32 qt storage bins without lids	B08G4RBY33	2	115
32 qt storage bins without lids	B08GK7TFCT	2	115
32 qt storage bins without lids	B08L682W7Y	0	115
32 qt storage bins without lids	B08YJ55CF1	2	115
32 qt storage bins without lids	B07GDS514N	0	115
32 qt storage bins without lids	B081W33LQ4	0	115
32 qt storage bins without lids	B0914D1HF2	1	115
32 qt storage bins without lids	B07FYPBHN2	2	115
32 qt storage bins without lids	B07DNZWQHK	0	115
32 qt storage bins without lids	B07FQLDDY1	2	115
32 qt storage bins without lids	B002BA5F52	3	115
32 qt storage bins without lids	B002BDTETW	2	115
32 qt storage bins without lids	B00CQGTGZQ	2	115
32 qt storage bins without lids	B0153KYSX6	2	115
32 qt storage bins without lids	B01H6RAO6O	2	115
32 qt storage bins without lids	B01LXWX99P	0	115
32 qt storage bins without lids	B01MS6H1RL	2	115
32 qt storage bins without lids	B06XX1FSFD	2	115
32 qt storage bins without lids	B00006IARN	2	115
32 qt storage bins without lids	B06ZZY2M92	2	115
32 qt storage bins without lids	B06ZZYDF4P	2	115
32 qt storage bins without lids	B071CLN8DS	3	115
32 qt storage bins without lids	B071CWD2T5	2	115
32 qt storage bins without lids	B073PJ55SP	3	115
32 qt storage bins without lids	B076CFRDWH	2	115
32 qt storage bins without lids	B07DFB5S7Q	2	115
32 qt storage bins without lids	B07DFBSTFR	2	115
32 qt storage bins without lids	B06ZZXZZ2V	0	115
72 nova instument panel without gauges	B07ZB515MN	0	116
72 nova instument panel without gauges	B07SSD7V67	0	116
72 nova instument panel without gauges	B07QJZB61S	0	116
72 nova instument panel without gauges	B07426WCLM	3	116
72 nova instument panel without gauges	B06XYH47QM	0	116
72 nova instument panel without gauges	B01J7KWMEA	0	116
72 nova instument panel without gauges	B01DZPY3D6	0	116
72 nova instument panel without gauges	B009AT8X9C	0	116
72 nova instument panel without gauges	B012NCI4XM	0	116
72 nova instument panel without gauges	B00JGQLZSU	0	116
72 nova instument panel without gauges	B00FLZ7U8Y	0	116
72 nova instument panel without gauges	B003CJSQ4S	0	116
72 nova instument panel without gauges	B000PD01SI	0	116
72 nova instument panel without gauges	B00042K694	0	116
72 nova instument panel without gauges	B0834MTG3X	0	116
72 nova instument panel without gauges	B016ZQ2IL6	0	116
all-star jordan why not zer0.2	B07ZTV3D3Z	2	117
all-star jordan why not zer0.2	B07ZWJZJDG	2	117
all-star jordan why not zer0.2	B0833XRKM7	2	117
all-star jordan why not zer0.2	B0841VQLBC	2	117
all-star jordan why not zer0.2	B0868GXPPL	2	117
all-star jordan why not zer0.2	B086Z6CK2X	2	117
all-star jordan why not zer0.2	B086Z6K3M9	2	117
all-star jordan why not zer0.2	B0893JFKZT	2	117
all-star jordan why not zer0.2	B08BJDNWDH	2	117
all-star jordan why not zer0.2	B07ZTTPLTV	2	117
all-star jordan why not zer0.2	B08BZ7Q4HR	2	117
all-star jordan why not zer0.2	B08FX2ZYXG	3	117
all-star jordan why not zer0.2	B08JHKVM1K	2	117
all-star jordan why not zer0.2	B08M3SFD2B	2	117
all-star jordan why not zer0.2	B08Q8RM4KL	2	117
all-star jordan why not zer0.2	B08QBFRV5C	3	117
all-star jordan why not zer0.2	B08QBYD52H	2	117
all-star jordan why not zer0.2	B0897CH58G	2	117
all-star jordan why not zer0.2	B07Z9ZFJLH	2	117
all-star jordan why not zer0.2	B08G159TXW	2	117
all-star jordan why not zer0.2	B07YZPHJJS	2	117
all-star jordan why not zer0.2	B07Z6QTS29	2	117
all-star jordan why not zer0.2	B01MU3G0KQ	2	117
all-star jordan why not zer0.2	B075RB18DT	2	117
all-star jordan why not zer0.2	B076CCGZ71	2	117
all-star jordan why not zer0.2	B078K51ZZ5	2	117
all-star jordan why not zer0.2	B07BYGJ8SG	2	117
all-star jordan why not zer0.2	B07K7JXB8M	2	117
all-star jordan why not zer0.2	B07MDJQ686	2	117
all-star jordan why not zer0.2	B07PJKQ22P	3	117
all-star jordan why not zer0.2	B07H9J4W81	2	117
all-star jordan why not zer0.2	B07QG8FK4X	2	117
all-star jordan why not zer0.2	B07T1MY59B	3	117
all-star jordan why not zer0.2	B07YVQJY8N	2	117
all-star jordan why not zer0.2	B07TPDBV2T	2	117
all-star jordan why not zer0.2	B07VR2DCHW	2	117
all-star jordan why not zer0.2	B07WZF5YH1	2	117
all-star jordan why not zer0.2	B07XY95KJK	2	117
all-star jordan why not zer0.2	B07YBLDJWK	2	117
all-star jordan why not zer0.2	B07QCWV1NR	3	117
but not the hippopotamus book	149266247X	3	118
but not the hippopotamus book	1523510218	1	118
but not the hippopotamus book	B003Q8VY1W	3	118
but not the hippopotamus book	1534452826	2	118
but not the hippopotamus book	1927271967	3	118
but not the hippopotamus book	1481481002	2	118
but not the hippopotamus book	1534433538	0	118
but not the hippopotamus book	1481480995	2	118
but not the hippopotamus book	068982663X	2	118
but not the hippopotamus book	1442417315	2	118
but not the hippopotamus book	0671493205	2	118
but not the hippopotamus book	0671493183	0	118
but not the hippopotamus book	0671449044	3	118
but not the hippopotamus book	0671449028	2	118
but not the hippopotamus book	067144901X	2	118
but not the hippopotamus book	1442481919	2	118
cause not everyone can get into lehigh	B07CY9GPCJ	0	119
cause not everyone can get into lehigh	B08FRP4H2Z	0	119
cause not everyone can get into lehigh	B07F2YW2CW	0	119
cause not everyone can get into lehigh	B07KM1PC4X	0	119
cause not everyone can get into lehigh	B07KW1F76D	0	119
cause not everyone can get into lehigh	B07RW4PPYR	0	119
cause not everyone can get into lehigh	B07S2Z9433	0	119
cause not everyone can get into lehigh	B07VMNV6Q2	0	119
cause not everyone can get into lehigh	B07V8F3QBK	0	119
cause not everyone can get into lehigh	B084HM9B4L	0	119
cause not everyone can get into lehigh	B084P8LV3S	2	119
cause not everyone can get into lehigh	B084QD2V65	2	119
cause not everyone can get into lehigh	B084QJCSDS	3	119
cause not everyone can get into lehigh	B07B1WRHVM	0	119
cause not everyone can get into lehigh	B07TS96J7Q	0	119
cause not everyone can get into lehigh	B078MP278V	0	119
cause not everyone can get into lehigh	B07DD5292R	3	119
cause not everyone can get into lehigh	B075X2JJNT	0	119
cause not everyone can get into lehigh	B076FSSXFJ	3	119
cause not everyone can get into lehigh	B004670YA4	0	119
cause not everyone can get into lehigh	B00NMFDCOG	0	119
cause not everyone can get into lehigh	B00NVLPB5O	0	119
cause not everyone can get into lehigh	B00VJ8C62C	0	119
cause not everyone can get into lehigh	B00XD075HU	0	119
cause not everyone can get into lehigh	B00Y5X4WOI	0	119
cause not everyone can get into lehigh	B00VJ8O3SM	1	119
cause not everyone can get into lehigh	B015G0DCFS	1	119
cause not everyone can get into lehigh	B017MY5R8G	3	119
cause not everyone can get into lehigh	B01HFFXLNA	0	119
cause not everyone can get into lehigh	B01MTF2ALO	0	119
cause not everyone can get into lehigh	B071Z8Z12S	3	119
cause not everyone can get into lehigh	B074JCGK6H	0	119
cause not everyone can get into lehigh	B0756NJ8GR	0	119
cause not everyone can get into lehigh	B012XYJAZ6	0	119
deliveries and packages not accepted sign	B07SBK9LRY	0	120
deliveries and packages not accepted sign	B08P5MX766	0	120
deliveries and packages not accepted sign	B086K39V8X	0	120
deliveries and packages not accepted sign	B083JM99Q8	0	120
deliveries and packages not accepted sign	B082YFMTKS	0	120
deliveries and packages not accepted sign	B082J29V8H	0	120
deliveries and packages not accepted sign	B07RL3M8XY	0	120
deliveries and packages not accepted sign	B076B5GK7T	0	120
deliveries and packages not accepted sign	B07NHPY5WQ	3	120
deliveries and packages not accepted sign	B07L56H4C7	0	120
deliveries and packages not accepted sign	B07FZ8S74R	0	120
deliveries and packages not accepted sign	B079TLGBM1	0	120
deliveries and packages not accepted sign	B01CV9G1BO	0	120
deliveries and packages not accepted sign	B07RJ6QHCH	0	120
do it with passion or not at all	B0918DPXJN	3	121
do it with passion or not at all	B097CDDBB4	3	121
do it with passion or not at all	B095TNQZJZ	3	121
do it with passion or not at all	B093QTF5GZ	3	121
do it with passion or not at all	B091TY6WKX	3	121
do it with passion or not at all	B091MPCC69	3	121
do it with passion or not at all	B08DRW2K1V	0	121
do it with passion or not at all	B08XZRD14K	3	121
do it with passion or not at all	B087X77J6Q	3	121
do it with passion or not at all	B087X5XLPT	3	121
do it with passion or not at all	B07S6JT2SP	3	121
do it with passion or not at all	B07NXWSMS1	3	121
do it with passion or not at all	B01NA92L3W	3	121
do it with passion or not at all	B01JH6V0ME	0	121
do it with passion or not at all	B01AVK8BW2	0	121
do it with passion or not at all	B08CNQX9KW	3	121
do not leave deliveries or packages sign	B08L3XKZQD	2	122
do not leave deliveries or packages sign	B08KJHWZX5	3	122
do not leave deliveries or packages sign	B085XNX7N8	3	122
do not leave deliveries or packages sign	B085XNJ4Q4	3	122
do not leave deliveries or packages sign	B082YFC873	3	122
do not leave deliveries or packages sign	B082YDR7MZ	3	122
do not leave deliveries or packages sign	B07WCQFDY2	3	122
do not leave deliveries or packages sign	B08G4Q71WB	0	122
do not leave deliveries or packages sign	B079SHN88N	3	122
do not leave deliveries or packages sign	B0746SHN97	0	122
do not leave deliveries or packages sign	B01E96V24I	0	122
do not leave deliveries or packages sign	B01BL4MP3I	0	122
do not leave deliveries or packages sign	B01BL4MEDO	0	122
do not leave deliveries or packages sign	B00895XPK0	0	122
do not leave deliveries or packages sign	B07D94JHX8	3	122
forget me not i 2 piece framed print	B07WQZR89J	3	123
forget me not i 2 piece framed print	B07RLBC7FG	0	123
forget me not i 2 piece framed print	B07RWVMRHQ	0	123
forget me not i 2 piece framed print	B07SHKH7JN	0	123
forget me not i 2 piece framed print	B07T2F81ZN	0	123
forget me not i 2 piece framed print	B07V1XL5RH	2	123
forget me not i 2 piece framed print	B07V7H4XM3	2	123
forget me not i 2 piece framed print	B07VCK59HV	0	123
forget me not i 2 piece framed print	B081CGTJB8	0	123
forget me not i 2 piece framed print	B07RC9FWLN	0	123
forget me not i 2 piece framed print	B084C1CSZ4	2	123
forget me not i 2 piece framed print	B086RCWCKG	2	123
forget me not i 2 piece framed print	B08FKTW1K1	2	123
forget me not i 2 piece framed print	B08FMD74FN	0	123
forget me not i 2 piece framed print	B08LC4Z4YJ	0	123
forget me not i 2 piece framed print	B08LDTH5B4	2	123
forget me not i 2 piece framed print	B08M35QVS9	2	123
forget me not i 2 piece framed print	B08M3NQ66S	3	123
forget me not i 2 piece framed print	B0841BJRVM	2	123
forget me not i 2 piece framed print	B07R47XKQF	2	123
forget me not i 2 piece framed print	B07PYT61W2	0	123
forget me not i 2 piece framed print	B00LT5O23Q	0	123
forget me not i 2 piece framed print	B07QLPY976	2	123
forget me not i 2 piece framed print	B01N02VPQA	0	123
forget me not i 2 piece framed print	B071X18DVY	0	123
forget me not i 2 piece framed print	B0746SS5MX	3	123
forget me not i 2 piece framed print	B078WZPYDV	0	123
forget me not i 2 piece framed print	B0791MMC9P	0	123
forget me not i 2 piece framed print	B07BTD238H	0	123
forget me not i 2 piece framed print	B07CG6GGX7	2	123
forget me not i 2 piece framed print	B01N10Q73S	0	123
forget me not i 2 piece framed print	B07GD7XF5W	2	123
forget me not i 2 piece framed print	B07GJXDC4F	2	123
forget me not i 2 piece framed print	B07JKL7HHW	0	123
forget me not i 2 piece framed print	B07L5758YC	2	123
forget me not i 2 piece framed print	B07LCNX8PH	2	123
forget me not i 2 piece framed print	B07NNCY92R	0	123
forget me not i 2 piece framed print	B07NPS7RGJ	2	123
forget me not i 2 piece framed print	B07PNZHV6W	0	123
forget me not i 2 piece framed print	B07CZYFJ79	2	123
freeze dryer machine not dehydrator	B08PZ7DWJH	3	124
freeze dryer machine not dehydrator	B08G1DHBP6	0	124
freeze dryer machine not dehydrator	B08FQWZ41K	0	124
freeze dryer machine not dehydrator	B08F766KY4	0	124
freeze dryer machine not dehydrator	B085QKT3V4	0	124
freeze dryer machine not dehydrator	B0828613J4	0	124
freeze dryer machine not dehydrator	B0090WOCN0	0	124
freeze dryer machine not dehydrator	B07FP3NXMZ	0	124
freeze dryer machine not dehydrator	B01DI9W9ZI	0	124
freeze dryer machine not dehydrator	B00VHLXAQC	3	124
freeze dryer machine not dehydrator	B007QCXU5M	3	124
freeze dryer machine not dehydrator	B000FG0ONC	0	124
freeze dryer machine not dehydrator	B08QHWMZ95	0	124
freeze dryer machine not dehydrator	B07PY5M579	0	124
freeze dryer machine not dehydrator	B095J46RW4	0	124
god is not great by christopher hitchens	B07PDHNQVZ	2	125
god is not great by christopher hitchens	B07NKNH5V7	0	125
god is not great by christopher hitchens	B07TP3ZM65	3	125
god is not great by christopher hitchens	B00G3ZR1OO	3	125
god is not great by christopher hitchens	B08QNLWFJB	2	125
god is not great by christopher hitchens	B099NS8QV1	3	125
god is not great by christopher hitchens	B08P3R4CKJ	3	125
god is not great by christopher hitchens	B005KFQ8GA	2	125
god is not great by christopher hitchens	9123621575	3	125
god is not great by christopher hitchens	B000Q66GA6	3	125
god is not great by christopher hitchens	9124045705	2	125
god is not great by christopher hitchens	9123984163	3	125
god is not great by christopher hitchens	9123984090	2	125
god is not great by christopher hitchens	B00103MXXS	2	125
god is not great by christopher hitchens	1642936464	0	125
god is not great by christopher hitchens	1439129584	2	125
grinch ornaments	B07X6JBB88	3	126
grinch ornaments	B07Q135FHK	3	126
grinch ornaments	B07NVMZXKZ	3	126
grinch ornaments	B07MWBP276	3	126
grinch ornaments	B07MW6GTDC	3	126
grinch ornaments	B07JCMQJ24	3	126
grinch ornaments	B07HKSN5DG	3	126
grinch ornaments	B07QNPD543	2	126
grinch ornaments	B079BYJ6YK	3	126
grinch ornaments	B079BPD1N2	3	126
grinch ornaments	B079868XDP	3	126
grinch ornaments	B07934HQQR	3	126
grinch ornaments	B07932QXTV	3	126
grinch ornaments	B01N1X7AV5	3	126
grinch ornaments	B01N103GRY	3	126
grinch ornaments	B07DL2J6SW	3	126
i am not crazy juste think differently tshirt	B07D2NWD78	2	127
i am not crazy juste think differently tshirt	B079662F6J	2	127
i am not crazy juste think differently tshirt	B076FQ4PRG	0	127
i am not crazy juste think differently tshirt	B06Y1DBHP3	2	127
i am not crazy juste think differently tshirt	B074Q3P1TD	2	127
i am not crazy juste think differently tshirt	B07FWCH9MQ	2	127
i am not crazy juste think differently tshirt	B06XWN1R4M	2	127
i am not crazy juste think differently tshirt	B0758YVFG8	2	127
i am not crazy juste think differently tshirt	B07HG6F84D	2	127
i am not crazy juste think differently tshirt	B07N3H5KJ6	2	127
i am not crazy juste think differently tshirt	B07MNFBNXF	2	127
i am not crazy juste think differently tshirt	B07MZ728Y8	2	127
i am not crazy juste think differently tshirt	B07S2Z9433	0	127
i am not crazy juste think differently tshirt	B07TZTGCLB	3	127
i am not crazy juste think differently tshirt	B08FRPL9DV	2	127
i am not crazy juste think differently tshirt	B08K3YLXY7	0	127
i am not crazy juste think differently tshirt	B08MZ9ZN2J	2	127
i am not crazy juste think differently tshirt	B01MTF2ALO	2	127
i am not crazy juste think differently tshirt	B07JD9L9Z7	2	127
i am not crazy juste think differently tshirt	B01K0BZ8C8	2	127
i am not crazy juste think differently tshirt	B0162A4HGY	2	127
i am not crazy juste think differently tshirt	B00NMFWEAE	2	127
i am not crazy juste think differently tshirt	B01HFFXLNA	2	127
i am not crazy juste think differently tshirt	B00NMFE0BK	2	127
i am not crazy juste think differently tshirt	B00NMFFKM8	2	127
i am not crazy juste think differently tshirt	B00NMFHWLK	2	127
i am not crazy juste think differently tshirt	B00NMFNKIY	2	127
i am not crazy juste think differently tshirt	B00NMFQR5C	2	127
i am not crazy juste think differently tshirt	B00O90MRHQ	2	127
i am not crazy juste think differently tshirt	B00P1NBO9C	2	127
i am not crazy juste think differently tshirt	B00Q5HT94U	2	127
i am not crazy juste think differently tshirt	B00WDS87W0	0	127
i am not crazy juste think differently tshirt	B00XD06PMG	2	127
i am not crazy juste think differently tshirt	B012XYFS02	2	127
i am not crazy juste think differently tshirt	B0155K16A2	2	127
i am not crazy juste think differently tshirt	B015G0DCFS	2	127
i am not crazy juste think differently tshirt	B015G0EWLG	2	127
i am not crazy juste think differently tshirt	B015G0F03U	2	127
i am not crazy juste think differently tshirt	B015G0IRTE	2	127
i am not crazy juste think differently tshirt	B00WAPCEKM	3	127
i m tired i m not tired tshirts	B0981GRMYQ	3	128
i m tired i m not tired tshirts	B08X3TLD2H	2	128
i m tired i m not tired tshirts	B08X3SQKRM	3	128
i m tired i m not tired tshirts	B08P73SWMV	2	128
i m tired i m not tired tshirts	B08RZ7HF3L	3	128
i m tired i m not tired tshirts	B08PLG5SJ5	3	128
i m tired i m not tired tshirts	B08XJBXZ75	2	128
i m tired i m not tired tshirts	B08T945PQ5	2	128
i m tired i m not tired tshirts	B08XP8M3VM	2	128
i m tired i m not tired tshirts	B097PPHN29	3	128
i m tired i m not tired tshirts	B08YK7D6RY	2	128
i m tired i m not tired tshirts	B08YK9RPBL	2	128
i m tired i m not tired tshirts	B08YKDGFTN	3	128
i m tired i m not tired tshirts	B091FMTL4P	3	128
i m tired i m not tired tshirts	B0925NH8P5	3	128
i m tired i m not tired tshirts	B0925T3DCH	2	128
i m tired i m not tired tshirts	B09261B6BX	2	128
i m tired i m not tired tshirts	B095JT836Y	2	128
i m tired i m not tired tshirts	B08YJW1KQN	3	128
i m tired i m not tired tshirts	B08LT6T5LF	2	128
i m tired i m not tired tshirts	B08BQFMZ7M	3	128
i m tired i m not tired tshirts	B08LBTBMVH	3	128
i m tired i m not tired tshirts	B08LT468LZ	2	128
i m tired i m not tired tshirts	B0158P54FM	2	128
i m tired i m not tired tshirts	B0158PLW12	3	128
i m tired i m not tired tshirts	B01DMA4TX8	3	128
i m tired i m not tired tshirts	B079KGQ1KW	2	128
i m tired i m not tired tshirts	B07BFQRLB4	2	128
i m tired i m not tired tshirts	B07CZR5R9C	2	128
i m tired i m not tired tshirts	B07G73678X	3	128
i m tired i m not tired tshirts	B07C84KQSS	3	128
i m tired i m not tired tshirts	B07NSYPHZK	0	128
i m tired i m not tired tshirts	B07SXTKK17	0	128
i m tired i m not tired tshirts	B07V9TZ32J	2	128
i m tired i m not tired tshirts	B07WHZKNNX	2	128
i m tired i m not tired tshirts	B08G18DKLD	2	128
i m tired i m not tired tshirts	B08LBKRC7V	2	128
i m tired i m not tired tshirts	B08LBN6TCY	2	128
i m tired i m not tired tshirts	B08LBSGXSJ	3	128
i m tired i m not tired tshirts	B07H2WRDYH	2	128
is everyone hanging out without me?	B00IFS5FU4	0	129
is everyone hanging out without me?	B01H7TMEGY	0	129
is everyone hanging out without me?	B0176M3RR2	0	129
is everyone hanging out without me?	B011G4DZHS	0	129
is everyone hanging out without me?	B00UXRS7LO	0	129
is everyone hanging out without me?	B00RM4IB30	0	129
is everyone hanging out without me?	B00I60UJG6	3	129
is everyone hanging out without me?	B06XJCW9G2	2	129
is everyone hanging out without me?	B00CNTJMC8	0	129
is everyone hanging out without me?	B0084QSFRM	3	129
is everyone hanging out without me?	B0061YXJO8	3	129
is everyone hanging out without me?	5458890353	2	129
is everyone hanging out without me?	1594634777	0	129
is everyone hanging out without me?	0449819884	2	129
is everyone hanging out without me?	036462759X	0	129
is everyone hanging out without me?	B00ELXQYJ8	2	129
it s not a diet. davinia taylor	B097Q237SR	2	130
it s not a diet. davinia taylor	B09226QJ4P	0	130
it s not a diet. davinia taylor	B087Q4M981	0	130
it s not a diet. davinia taylor	B07N12CKCG	0	130
it s not a diet. davinia taylor	B07M75MSYP	0	130
it s not a diet. davinia taylor	B07L3P4Y2S	0	130
it s not a diet. davinia taylor	B071ZQKBYR	0	130
it s not a diet. davinia taylor	B08L38Z7K5	3	130
it s not a diet. davinia taylor	B01N4PSPGM	0	130
it s not a diet. davinia taylor	B01MS650TC	0	130
it s not a diet. davinia taylor	B018LU3E44	0	130
it s not a diet. davinia taylor	B015G0F03U	0	130
it s not a diet. davinia taylor	B00FFIHLAY	3	130
it s not a diet. davinia taylor	9124135917	3	130
it s not a diet. davinia taylor	9124135909	2	130
it s not a diet. davinia taylor	B06VWL7QYR	0	130
just a regular mom trying not to raise liberals tshirt	B09537C549	3	131
just a regular mom trying not to raise liberals tshirt	B0953YLSG5	0	131
just a regular mom trying not to raise liberals tshirt	B095HQMXTG	3	131
just a regular mom trying not to raise liberals tshirt	B095JT3T97	3	131
just a regular mom trying not to raise liberals tshirt	B095K97H1X	3	131
just a regular mom trying not to raise liberals tshirt	B095KCYY7M	3	131
just a regular mom trying not to raise liberals tshirt	B095LDZXY4	3	131
just a regular mom trying not to raise liberals tshirt	B095LT991T	3	131
just a regular mom trying not to raise liberals tshirt	B09643B7PQ	3	131
just a regular mom trying not to raise liberals tshirt	B095V94VFX	3	131
just a regular mom trying not to raise liberals tshirt	B095ZN1YQ8	3	131
just a regular mom trying not to raise liberals tshirt	B096SRQ1P5	3	131
just a regular mom trying not to raise liberals tshirt	B096SSYFZV	3	131
just a regular mom trying not to raise liberals tshirt	B096T8QSB3	3	131
just a regular mom trying not to raise liberals tshirt	B09721D136	3	131
just a regular mom trying not to raise liberals tshirt	B098DYFFBG	3	131
just a regular mom trying not to raise liberals tshirt	B095329SVB	3	131
just a regular mom trying not to raise liberals tshirt	B095MP2241	3	131
just a regular mom trying not to raise liberals tshirt	B095245HYW	3	131
just a regular mom trying not to raise liberals tshirt	B093YRQNNP	3	131
just a regular mom trying not to raise liberals tshirt	B094BS9XVL	3	131
just a regular mom trying not to raise liberals tshirt	B093CPYVQW	3	131
just a regular mom trying not to raise liberals tshirt	B093FDCFPM	3	131
just a regular mom trying not to raise liberals tshirt	B093FRRVV1	3	131
just a regular mom trying not to raise liberals tshirt	B093G8HQJ1	3	131
just a regular mom trying not to raise liberals tshirt	B093G99YMZ	3	131
just a regular mom trying not to raise liberals tshirt	B093LVP1HH	3	131
just a regular mom trying not to raise liberals tshirt	B093W3B1F3	3	131
just a regular mom trying not to raise liberals tshirt	B093X8GTSD	2	131
just a regular mom trying not to raise liberals tshirt	B093TFG3SF	3	131
just a regular mom trying not to raise liberals tshirt	B093ZBYDDL	3	131
just a regular mom trying not to raise liberals tshirt	B0941MG3D4	3	131
just a regular mom trying not to raise liberals tshirt	B0943TDLH7	3	131
just a regular mom trying not to raise liberals tshirt	B0944BW6LV	3	131
just a regular mom trying not to raise liberals tshirt	B0945KW57D	3	131
just a regular mom trying not to raise liberals tshirt	B0946P2RC6	3	131
just a regular mom trying not to raise liberals tshirt	B0946RGS7C	2	131
just a regular mom trying not to raise liberals tshirt	B0948WVX5D	3	131
just a regular mom trying not to raise liberals tshirt	B094FVT8H3	3	131
live without you	B00KU5XRA0	3	132
live without you	B08DFB59V4	0	132
live without you	B07WDV2LD6	0	132
live without you	B07MBHCJLP	3	132
live without you	B01KYXUQXS	3	132
live without you	B01AU40LIQ	0	132
live without you	B001O7WLTQ	3	132
live without you	B00136NP0M	3	132
live without you	191018490X	0	132
live without you	1484141326	3	132
live without you	0995133336	3	132
live without you	0531214087	3	132
live without you	0531213102	0	132
live without you	0531193616	0	132
love not perfect inspirational family canvas	B082KH8V6Q	2	133
love not perfect inspirational family canvas	B083QM1YBW	2	133
love not perfect inspirational family canvas	B084YW62S7	3	133
love not perfect inspirational family canvas	B088CR7XPH	2	133
love not perfect inspirational family canvas	B089PR7DDB	3	133
love not perfect inspirational family canvas	B08CZ1BRNF	2	133
love not perfect inspirational family canvas	B08FMD74FN	0	133
love not perfect inspirational family canvas	B08GLQ4R6N	3	133
love not perfect inspirational family canvas	B08KYMZ54Z	0	133
love not perfect inspirational family canvas	B08JLS5LD2	2	133
love not perfect inspirational family canvas	B0827VK2HP	0	133
love not perfect inspirational family canvas	B08N6B43DG	2	133
love not perfect inspirational family canvas	B08P27YH1J	2	133
love not perfect inspirational family canvas	B08PK7NKC1	2	133
love not perfect inspirational family canvas	B08RJ3L6YY	3	133
love not perfect inspirational family canvas	B08TVY2TB4	2	133
love not perfect inspirational family canvas	B08YN4HH2B	1	133
love not perfect inspirational family canvas	B08GXZDB2D	2	133
love not perfect inspirational family canvas	B081XBR31V	2	133
love not perfect inspirational family canvas	B08KSHBSZM	0	133
love not perfect inspirational family canvas	B07WXJM84L	2	133
love not perfect inspirational family canvas	B014L7FCL4	2	133
love not perfect inspirational family canvas	B018GNTPAS	2	133
love not perfect inspirational family canvas	B071GDKTXF	0	133
love not perfect inspirational family canvas	B074SM12RP	0	133
love not perfect inspirational family canvas	B0772NLNH9	0	133
love not perfect inspirational family canvas	B078WZPYDV	0	133
love not perfect inspirational family canvas	B07D1C1BK4	2	133
love not perfect inspirational family canvas	B07HFN9Q2Y	2	133
love not perfect inspirational family canvas	B00LT5O23Q	2	133
love not perfect inspirational family canvas	B07NTK3VY4	2	133
love not perfect inspirational family canvas	B07J69W3DD	2	133
love not perfect inspirational family canvas	B07VXKBYTL	2	133
love not perfect inspirational family canvas	B07SGJ9ZSN	2	133
love not perfect inspirational family canvas	B07S7Q4CJ4	2	133
love not perfect inspirational family canvas	B07XTBQ1L7	2	133
love not perfect inspirational family canvas	B07R56HWGF	1	133
love not perfect inspirational family canvas	B07QSWTCR2	0	133
love not perfect inspirational family canvas	B07Q3W82XH	0	133
love not perfect inspirational family canvas	B07RWVMRHQ	2	133
m not judging you i m a social worker i m diagnosing you	B08KL8Z26X	3	134
m not judging you i m a social worker i m diagnosing you	B08NVQG4S4	3	134
m not judging you i m a social worker i m diagnosing you	B08Q24T7F8	3	134
m not judging you i m a social worker i m diagnosing you	B08QFQFGN6	3	134
m not judging you i m a social worker i m diagnosing you	B08QFRTYCG	3	134
m not judging you i m a social worker i m diagnosing you	B08YPP4G8Z	3	134
m not judging you i m a social worker i m diagnosing you	B08YQ1DRXS	3	134
m not judging you i m a social worker i m diagnosing you	B08YQ3C4Y4	3	134
m not judging you i m a social worker i m diagnosing you	B08YQ88RNZ	3	134
m not judging you i m a social worker i m diagnosing you	B093G1CNDD	3	134
m not judging you i m a social worker i m diagnosing you	B093SYG3LY	3	134
m not judging you i m a social worker i m diagnosing you	B09474SW9P	3	134
m not judging you i m a social worker i m diagnosing you	B095L3LSS1	2	134
m not judging you i m a social worker i m diagnosing you	B0964H2W7S	3	134
m not judging you i m a social worker i m diagnosing you	B09668SYNH	3	134
m not judging you i m a social worker i m diagnosing you	B0966CJ9YC	3	134
m not judging you i m a social worker i m diagnosing you	B08GS71Y5R	3	134
m not judging you i m a social worker i m diagnosing you	B098R1JMBG	3	134
m not judging you i m a social worker i m diagnosing you	B0929WYQR6	3	134
m not judging you i m a social worker i m diagnosing you	B095HJFXKK	3	134
m not judging you i m a social worker i m diagnosing you	B08DV66KQS	3	134
m not judging you i m a social worker i m diagnosing you	B086MMSPJX	3	134
m not judging you i m a social worker i m diagnosing you	B086PN1QSR	3	134
m not judging you i m a social worker i m diagnosing you	B01LZZH04H	3	134
m not judging you i m a social worker i m diagnosing you	B06XWN1R4M	2	134
m not judging you i m a social worker i m diagnosing you	B075GKGLLD	3	134
m not judging you i m a social worker i m diagnosing you	B07KWKLT7L	2	134
m not judging you i m a social worker i m diagnosing you	B07SSMJSBK	3	134
m not judging you i m a social worker i m diagnosing you	B07STPF15M	3	134
m not judging you i m a social worker i m diagnosing you	B07SVS9TN4	3	134
m not judging you i m a social worker i m diagnosing you	B07SQKC737	3	134
m not judging you i m a social worker i m diagnosing you	B07SVSC567	3	134
m not judging you i m a social worker i m diagnosing you	B07SVSC566	3	134
m not judging you i m a social worker i m diagnosing you	B086MHYP1P	3	134
m not judging you i m a social worker i m diagnosing you	B086LDRL5Y	3	134
m not judging you i m a social worker i m diagnosing you	B07TD98QK4	3	134
m not judging you i m a social worker i m diagnosing you	B086MMPL8S	3	134
m not judging you i m a social worker i m diagnosing you	B07SWXB5QD	3	134
m not judging you i m a social worker i m diagnosing you	B07SWX6ZK1	3	134
m not judging you i m a social worker i m diagnosing you	B07SXV1TRZ	3	134
m not sleeping i m just resting my eyes shirt	B095L931M8	3	135
m not sleeping i m just resting my eyes shirt	B08NYT8G29	3	135
m not sleeping i m just resting my eyes shirt	B08P8PZ2QT	3	135
m not sleeping i m just resting my eyes shirt	B08WSMF1H2	3	135
m not sleeping i m just resting my eyes shirt	B092RQR4XY	3	135
m not sleeping i m just resting my eyes shirt	B0956KV789	3	135
m not sleeping i m just resting my eyes shirt	B095L538LK	3	135
m not sleeping i m just resting my eyes shirt	B095LPFPQS	3	135
m not sleeping i m just resting my eyes shirt	B08HYT4JN7	3	135
m not sleeping i m just resting my eyes shirt	B095TJ4C42	3	135
m not sleeping i m just resting my eyes shirt	B0965S9YSM	3	135
m not sleeping i m just resting my eyes shirt	B0966C1H2H	3	135
m not sleeping i m just resting my eyes shirt	B096H9BTB2	3	135
m not sleeping i m just resting my eyes shirt	B096VP2CWR	3	135
m not sleeping i m just resting my eyes shirt	B097BC6SBH	3	135
m not sleeping i m just resting my eyes shirt	B0973SQ5C5	3	135
m not sleeping i m just resting my eyes shirt	B0975DWF2C	3	135
m not sleeping i m just resting my eyes shirt	B095MTTCM6	3	135
m not sleeping i m just resting my eyes shirt	B08F2DXHZG	3	135
m not sleeping i m just resting my eyes shirt	B096WP1X7V	3	135
m not sleeping i m just resting my eyes shirt	B089PZ47RR	1	135
m not sleeping i m just resting my eyes shirt	B076DNGY74	0	135
m not sleeping i m just resting my eyes shirt	B07D5SM8PS	3	135
m not sleeping i m just resting my eyes shirt	B07D6QMVKQ	3	135
m not sleeping i m just resting my eyes shirt	B07DZK7TMV	3	135
m not sleeping i m just resting my eyes shirt	B07JLX8M7P	3	135
m not sleeping i m just resting my eyes shirt	B07LGF8NPK	3	135
m not sleeping i m just resting my eyes shirt	B07MJJBH87	3	135
m not sleeping i m just resting my eyes shirt	B07P5SY5Y7	3	135
m not sleeping i m just resting my eyes shirt	B07P8NCF7W	3	135
m not sleeping i m just resting my eyes shirt	B08CY1GKNF	3	135
m not sleeping i m just resting my eyes shirt	B07S7XST4R	3	135
m not sleeping i m just resting my eyes shirt	B07S9SR1W1	3	135
m not sleeping i m just resting my eyes shirt	B07SNKVDMM	3	135
m not sleeping i m just resting my eyes shirt	B07TMGSP4F	3	135
m not sleeping i m just resting my eyes shirt	B07X6BM6TM	3	135
m not sleeping i m just resting my eyes shirt	B0817VCL93	3	135
m not sleeping i m just resting my eyes shirt	B081MJ3TK4	3	135
m not sleeping i m just resting my eyes shirt	B085WH2W4M	0	135
m not sleeping i m just resting my eyes shirt	B07RF9QQX8	3	135
m team jesus i m not religious shirt	B0913JYZDX	3	136
m team jesus i m not religious shirt	B08TM74HJ5	3	136
m team jesus i m not religious shirt	B08JQDX69F	3	136
m team jesus i m not religious shirt	B08JQFXLTT	3	136
m team jesus i m not religious shirt	B08JQF2QW3	3	136
m team jesus i m not religious shirt	B0913KM64C	3	136
m team jesus i m not religious shirt	B08M6BMYWP	3	136
m team jesus i m not religious shirt	B0913KMBKM	3	136
m team jesus i m not religious shirt	B097PL4WRS	3	136
m team jesus i m not religious shirt	B0914P5PTT	3	136
m team jesus i m not religious shirt	B09156LDBB	3	136
m team jesus i m not religious shirt	B097NZ4YYV	3	136
m team jesus i m not religious shirt	B097Q1KP3J	3	136
m team jesus i m not religious shirt	B09B3B18DK	3	136
m team jesus i m not religious shirt	B09B5BK1J5	3	136
m team jesus i m not religious shirt	B09B5CZ89N	3	136
m team jesus i m not religious shirt	B08JQC2D4R	3	136
m team jesus i m not religious shirt	B0913KYDZW	3	136
m team jesus i m not religious shirt	B08JQBVJQC	3	136
m team jesus i m not religious shirt	B08YKFLCJH	3	136
m team jesus i m not religious shirt	B085WRVL9K	3	136
m team jesus i m not religious shirt	B07C9GDJ98	3	136
m team jesus i m not religious shirt	B07D3P2RWS	3	136
m team jesus i m not religious shirt	B07D7V8JV9	3	136
m team jesus i m not religious shirt	B07K21RQZZ	3	136
m team jesus i m not religious shirt	B07P7CPHQ7	3	136
m team jesus i m not religious shirt	B07TD6CH7B	3	136
m team jesus i m not religious shirt	B07TJ7BGW3	3	136
m team jesus i m not religious shirt	B07TJWXC2Z	3	136
m team jesus i m not religious shirt	B07TKCKG3M	3	136
m team jesus i m not religious shirt	B07TD6CSVH	3	136
m team jesus i m not religious shirt	B07TPMHBSJ	3	136
m team jesus i m not religious shirt	B07TMGHHB7	3	136
m team jesus i m not religious shirt	B081GQKNPQ	3	136
m team jesus i m not religious shirt	B081GQBK5V	3	136
m team jesus i m not religious shirt	B07Y87MWJH	3	136
m team jesus i m not religious shirt	B081GQMS4Z	3	136
m team jesus i m not religious shirt	B07VP7SQDN	3	136
m team jesus i m not religious shirt	B07W6BGQXT	3	136
m team jesus i m not religious shirt	B08GZLLHWN	3	136
m tired of waking up and not being in hawaii	B0925DLJFL	3	137
m tired of waking up and not being in hawaii	B096HWJYKH	3	137
m tired of waking up and not being in hawaii	B0966JJK37	3	137
m tired of waking up and not being in hawaii	B095KWPWWF	3	137
m tired of waking up and not being in hawaii	B095KR2MHN	2	137
m tired of waking up and not being in hawaii	B095KNZ4JP	3	137
m tired of waking up and not being in hawaii	B095JMNQZK	3	137
m tired of waking up and not being in hawaii	B0925NH8P5	3	137
m tired of waking up and not being in hawaii	B091TMQH36	3	137
m tired of waking up and not being in hawaii	B08YKDYQF4	3	137
m tired of waking up and not being in hawaii	B08YKDYNJG	3	137
m tired of waking up and not being in hawaii	B08YKDYNDP	3	137
m tired of waking up and not being in hawaii	B08YKDGFZQ	3	137
m tired of waking up and not being in hawaii	B08YKDGFTN	3	137
m tired of waking up and not being in hawaii	B08YKDDH3L	3	137
m tired of waking up and not being in hawaii	B08YQFWG46	2	137
may not be perfect canvas	B07WHDYWGV	2	138
may not be perfect canvas	B07X2T1RB3	3	138
may not be perfect canvas	B07XYQC34X	0	138
may not be perfect canvas	B083474Q24	2	138
may not be perfect canvas	B083QMJ3GB	0	138
may not be perfect canvas	B08KYMZ54Z	0	138
may not be perfect canvas	B08PFN91W7	2	138
may not be perfect canvas	B08PK7NKC1	0	138
may not be perfect canvas	B08ZG9347W	2	138
may not be perfect canvas	B09635MJZR	2	138
may not be perfect canvas	B09B3SMFWB	0	138
may not be perfect canvas	B096B9C6MP	0	138
may not be perfect canvas	B096P65LGT	2	138
may not be perfect canvas	B096TVGZ2H	2	138
may not be perfect canvas	B097N4JL3Z	2	138
may not be perfect canvas	B098334TJ6	0	138
may not be perfect canvas	B0983XHCWH	3	138
may not be perfect canvas	B07TMN29VV	0	138
may not be perfect canvas	B095NM2G8C	2	138
may not be perfect canvas	B07RWVMRHQ	2	138
may not be perfect canvas	B079VDJDTT	0	138
may not be perfect canvas	B07QL78YLD	3	138
may not be perfect canvas	B07RH6PJ1G	0	138
may not be perfect canvas	B016E6OXE2	0	138
may not be perfect canvas	B01EKACDKA	3	138
may not be perfect canvas	B01FJGVZA8	0	138
may not be perfect canvas	B01HZYZXVO	3	138
may not be perfect canvas	B074JH6V36	2	138
may not be perfect canvas	B078WZPYDV	0	138
may not be perfect canvas	B07BPV7M5Y	0	138
may not be perfect canvas	B0772NLNH9	0	138
may not be perfect canvas	B07CJ87S59	2	138
may not be perfect canvas	B07FK8MTW1	0	138
may not be perfect canvas	B07GQVC7XK	0	138
may not be perfect canvas	B07H711CP7	0	138
may not be perfect canvas	B07PVNFNGF	0	138
may not be perfect canvas	B07PYT482S	2	138
may not be perfect canvas	B07PYT61W2	0	138
may not be perfect canvas	B07PYTMQK3	0	138
may not be perfect canvas	B07BTD238H	0	138
module object is not callable	B07T6VWG47	0	139
module object is not callable	B08S7C2LJJ	3	139
module object is not callable	B08DYF6NDN	3	139
module object is not callable	B089Y7LLHD	0	139
module object is not callable	B08547W6R5	0	139
module object is not callable	B07VXYJZ13	3	139
module object is not callable	B07SPKC554	0	139
module object is not callable	B08TM35QBY	0	139
module object is not callable	B07C44HF7N	1	139
module object is not callable	B078C7DBMT	0	139
module object is not callable	B01LENM5TK	3	139
module object is not callable	B00SWIE7FG	0	139
module object is not callable	B00A4PV77G	0	139
module object is not callable	B009N83O1C	0	139
module object is not callable	B007200FW4	0	139
module object is not callable	B07MXPSFC8	3	139
moment case for iphone 7 not the plus	B08H84T4V3	0	140
moment case for iphone 7 not the plus	B08GYQ8BYM	3	140
moment case for iphone 7 not the plus	B07TB7C24Z	0	140
moment case for iphone 7 not the plus	B07QDXRY1V	0	140
moment case for iphone 7 not the plus	B07MNW6Y9C	0	140
moment case for iphone 7 not the plus	B07LB167FQ	0	140
moment case for iphone 7 not the plus	B07KPX9MYK	2	140
moment case for iphone 7 not the plus	B087JPY57L	0	140
moment case for iphone 7 not the plus	B07JBYNNFH	0	140
moment case for iphone 7 not the plus	B07CYQQHZ4	0	140
moment case for iphone 7 not the plus	B07BDJ52BF	0	140
moment case for iphone 7 not the plus	B075LGQ2ZC	3	140
moment case for iphone 7 not the plus	B06WVFM7MV	0	140
moment case for iphone 7 not the plus	B01MCRI209	3	140
moment case for iphone 7 not the plus	B01LYMRRTW	0	140
moment case for iphone 7 not the plus	B07KMCK7F2	2	140
not my circus not my monkeys my monkeys flyshirt	B07M9WZD9P	3	141
not my circus not my monkeys my monkeys flyshirt	B07N898T8M	3	141
not my circus not my monkeys my monkeys flyshirt	B07NDC5DVR	3	141
not my circus not my monkeys my monkeys flyshirt	B07P8KKRFQ	3	141
not my circus not my monkeys my monkeys flyshirt	B07PBX93MF	3	141
not my circus not my monkeys my monkeys flyshirt	B07PLTR4DV	2	141
not my circus not my monkeys my monkeys flyshirt	B07QSXR7CV	3	141
not my circus not my monkeys my monkeys flyshirt	B07TRJKRWF	3	141
not my circus not my monkeys my monkeys flyshirt	B0922LX2HH	0	141
not my circus not my monkeys my monkeys flyshirt	B07WVN9KL3	2	141
not my circus not my monkeys my monkeys flyshirt	B07WYZ5PD2	3	141
not my circus not my monkeys my monkeys flyshirt	B07ZJ5FDTV	0	141
not my circus not my monkeys my monkeys flyshirt	B084RWDWGM	0	141
not my circus not my monkeys my monkeys flyshirt	B084SRR6HS	0	141
not my circus not my monkeys my monkeys flyshirt	B08FTQ43BK	3	141
not my circus not my monkeys my monkeys flyshirt	B08R2Z7D7G	0	141
not my circus not my monkeys my monkeys flyshirt	B07KGK9YVP	3	141
not my circus not my monkeys my monkeys flyshirt	B07W1YCD42	3	141
not my circus not my monkeys my monkeys flyshirt	B07HJ7QTW4	0	141
not my circus not my monkeys my monkeys flyshirt	B07Y29MQB2	3	141
not my circus not my monkeys my monkeys flyshirt	B07FKMDXY3	0	141
not my circus not my monkeys my monkeys flyshirt	B00MMNGDX6	0	141
not my circus not my monkeys my monkeys flyshirt	B00N43ZXGG	0	141
not my circus not my monkeys my monkeys flyshirt	B00SQGQM0M	0	141
not my circus not my monkeys my monkeys flyshirt	B010TVM42G	0	141
not my circus not my monkeys my monkeys flyshirt	B01JZYDMR4	0	141
not my circus not my monkeys my monkeys flyshirt	B06XSKLTJH	0	141
not my circus not my monkeys my monkeys flyshirt	B0731FJGCC	0	141
not my circus not my monkeys my monkeys flyshirt	B073QTGMJV	1	141
not my circus not my monkeys my monkeys flyshirt	B0743FW89Q	1	141
not my circus not my monkeys my monkeys flyshirt	B07FSQWNDN	3	141
not my circus not my monkeys my monkeys flyshirt	B077JX6GPJ	2	141
not my circus not my monkeys my monkeys flyshirt	B079MXWX4W	2	141
not my circus not my monkeys my monkeys flyshirt	B07B6JDGMC	2	141
not my circus not my monkeys my monkeys flyshirt	B07BV44YNK	0	141
not my circus not my monkeys my monkeys flyshirt	B07BYGZMDD	0	141
not my circus not my monkeys my monkeys flyshirt	B07CNCT3ZP	0	141
not my circus not my monkeys my monkeys flyshirt	B07DGR6RK1	3	141
not my circus not my monkeys my monkeys flyshirt	B07DP9WF7V	0	141
not my circus not my monkeys my monkeys flyshirt	B0756PPZZQ	0	141
oh no not you again door mat	B081PVLM27	2	142
oh no not you again door mat	B07W5SMWZ5	2	142
oh no not you again door mat	B07VJ62L2H	3	142
oh no not you again door mat	B07RQTWC53	2	142
oh no not you again door mat	B07VC9DFTY	2	142
oh no not you again door mat	B07TG9D8DT	3	142
oh no not you again door mat	B081ZSDYQX	3	142
oh no not you again door mat	B07VG9JDTB	3	142
oh no not you again door mat	B083P28KRL	2	142
oh no not you again door mat	B08GJWVBNF	3	142
oh no not you again door mat	B08CMQJCXV	2	142
oh no not you again door mat	B08DQZCRDQ	2	142
oh no not you again door mat	B08HKZT525	3	142
oh no not you again door mat	B08JSF2NKS	3	142
oh no not you again door mat	B08Y5Y34PF	3	142
oh no not you again door mat	B092DHT44L	3	142
oh no not you again door mat	B09742K2Q6	3	142
oh no not you again door mat	B07R3VXBLB	2	142
oh no not you again door mat	B087NXBMQ6	2	142
oh no not you again door mat	B07L9HTP87	2	142
oh no not you again door mat	B07JFWMQQQ	2	142
oh no not you again door mat	B07HP6VK18	2	142
oh no not you again door mat	B0018AE04I	0	142
oh no not you again door mat	B0071NQNLE	2	142
oh no not you again door mat	B00OL80PMK	3	142
oh no not you again door mat	B016NXZQHY	3	142
oh no not you again door mat	B016OMGSPS	3	142
oh no not you again door mat	B06W51RCY1	3	142
oh no not you again door mat	B06XPPSF6L	2	142
oh no not you again door mat	B072JZK2PY	2	142
oh no not you again door mat	B01HGNEGVM	2	142
oh no not you again door mat	B0732WCWFV	3	142
oh no not you again door mat	B072K1G53F	2	142
oh no not you again door mat	B07DNJ6YW6	0	142
oh no not you again door mat	B07DJ5KQ2V	2	142
oh no not you again door mat	B07CKKQSTC	2	142
oh no not you again door mat	B07F8WH5YX	2	142
oh no not you again door mat	B077V3T799	2	142
oh no not you again door mat	B075TXSCN5	2	142
oh no not you again door mat	B07C2KQRNX	2	142
please do not ring doorbell sign	B08JVHCHJK	2	143
please do not ring doorbell sign	B085THL2SW	3	143
please do not ring doorbell sign	B086SD8173	0	143
please do not ring doorbell sign	B089ZW74KZ	3	143
please do not ring doorbell sign	B08F2JGLL7	2	143
please do not ring doorbell sign	B08FVM1CMS	3	143
please do not ring doorbell sign	B08G4Q71WB	3	143
please do not ring doorbell sign	B08JVFZQ4X	2	143
please do not ring doorbell sign	B08K8V9RR6	3	143
please do not ring doorbell sign	B094432WQS	3	143
please do not ring doorbell sign	B08KJHWZX5	3	143
please do not ring doorbell sign	B08MDNTDWL	3	143
please do not ring doorbell sign	B08P3CV2RY	3	143
please do not ring doorbell sign	B08VRZ16ND	3	143
please do not ring doorbell sign	B08XQ3VM65	3	143
please do not ring doorbell sign	B08XY71PZP	3	143
please do not ring doorbell sign	B093GKTJMK	3	143
please do not ring doorbell sign	B084VMRF9R	3	143
please do not ring doorbell sign	B08K8VQ28N	3	143
please do not ring doorbell sign	B084SW6984	3	143
please do not ring doorbell sign	B082YDR7MZ	3	143
please do not ring doorbell sign	B00OABOHRM	0	143
please do not ring doorbell sign	B01E96V24I	3	143
please do not ring doorbell sign	B01M04QA6T	3	143
please do not ring doorbell sign	B0746SHN97	3	143
please do not ring doorbell sign	B0784LX2WM	2	143
please do not ring doorbell sign	B07B9QL27V	3	143
please do not ring doorbell sign	B07D94JHX8	0	143
please do not ring doorbell sign	B07DBXWMCY	3	143
please do not ring doorbell sign	B07FDG6JCL	3	143
please do not ring doorbell sign	B083ZJFJ74	3	143
please do not ring doorbell sign	B07JVK8M22	3	143
please do not ring doorbell sign	B07T6HVTHY	0	143
please do not ring doorbell sign	B07W62L437	3	143
please do not ring doorbell sign	B07WCQFDY2	2	143
please do not ring doorbell sign	B07WNV6W9B	2	143
please do not ring doorbell sign	B07X6CLYR4	3	143
please do not ring doorbell sign	B07XSX5K5S	3	143
please do not ring doorbell sign	B081S65PT4	3	143
please do not ring doorbell sign	B07J9JWRZ7	3	143
re not deal for t-shirt	B07K95PGZ2	0	144
re not deal for t-shirt	B07JGRV3TQ	0	144
re not deal for t-shirt	B078BMQYH7	2	144
re not deal for t-shirt	B07HF3X6Y4	0	144
re not deal for t-shirt	B07CY9GPCJ	0	144
re not deal for t-shirt	B07KPB38LK	1	144
re not deal for t-shirt	B07JD5GLBN	0	144
re not deal for t-shirt	B07KVJG144	2	144
re not deal for t-shirt	B07Y3Y2K1N	0	144
re not deal for t-shirt	B07RB7X86C	2	144
re not deal for t-shirt	B07XCY3K5N	2	144
re not deal for t-shirt	B07XFQTSCG	0	144
re not deal for t-shirt	B087SFKZ3D	0	144
re not deal for t-shirt	B08882KV5H	0	144
re not deal for t-shirt	B08F2NNTJ4	3	144
re not deal for t-shirt	B091SH42DC	2	144
re not deal for t-shirt	B0767T7NVT	0	144
re not deal for t-shirt	B07P6MZPK3	0	144
re not deal for t-shirt	B071F92P1J	2	144
re not deal for t-shirt	B00SNCKUFM	2	144
re not deal for t-shirt	B01MT7SIOU	0	144
re not deal for t-shirt	1524700517	0	144
re not deal for t-shirt	B0013Y6KGU	0	144
re not deal for t-shirt	B001CJVTLC	0	144
re not deal for t-shirt	B001OC5UMQ	0	144
re not deal for t-shirt	B00378LDEE	0	144
re not deal for t-shirt	B0746PGJGC	0	144
re not deal for t-shirt	B00JQRQSIQ	3	144
re not deal for t-shirt	B00KHTOXHK	0	144
re not deal for t-shirt	B00JPCSNXU	0	144
re not deal for t-shirt	B00KRYPB6C	2	144
re not deal for t-shirt	B00L8620B2	2	144
re not deal for t-shirt	B00LYO0KJW	2	144
re not deal for t-shirt	B00MH9ZM3M	0	144
re not deal for t-shirt	B00T0C9XRK	0	144
re not deal for t-shirt	B015G0F03U	2	144
re not deal for t-shirt	B01MQD2Q7D	2	144
re not deal for t-shirt	B00KRYLKH6	2	144
see the possibility not the problem textual canvas	B08CL2TV4Y	2	145
see the possibility not the problem textual canvas	B07Z7B9PB1	2	145
see the possibility not the problem textual canvas	B081CGTJB8	2	145
see the possibility not the problem textual canvas	B08289KBJW	0	145
see the possibility not the problem textual canvas	B083S1TWTX	0	145
see the possibility not the problem textual canvas	B086BZG8Z9	2	145
see the possibility not the problem textual canvas	B087WGYZ25	2	145
see the possibility not the problem textual canvas	B08FKTW1K1	3	145
see the possibility not the problem textual canvas	B07YF4V78T	2	145
see the possibility not the problem textual canvas	B08K1G4HH3	0	145
see the possibility not the problem textual canvas	B08L4RT6JB	2	145
see the possibility not the problem textual canvas	B08LDTH5B4	3	145
see the possibility not the problem textual canvas	B08LKBLNDX	2	145
see the possibility not the problem textual canvas	B08LYMHKTC	3	145
see the possibility not the problem textual canvas	B08R1T5H7C	2	145
see the possibility not the problem textual canvas	B08R5D8RLD	2	145
see the possibility not the problem textual canvas	B08W8KF1W7	2	145
see the possibility not the problem textual canvas	B08J2LDBKG	2	145
see the possibility not the problem textual canvas	B07XFR6HW2	0	145
see the possibility not the problem textual canvas	B08B191Y9R	2	145
see the possibility not the problem textual canvas	B07VYN6V3Y	2	145
see the possibility not the problem textual canvas	B00LT5O23Q	2	145
see the possibility not the problem textual canvas	B00Y7R6GAK	0	145
see the possibility not the problem textual canvas	B01728N392	0	145
see the possibility not the problem textual canvas	B01L8GENUM	2	145
see the possibility not the problem textual canvas	B0774R98MD	0	145
see the possibility not the problem textual canvas	B078WZPYDV	2	145
see the possibility not the problem textual canvas	B07BTD238H	2	145
see the possibility not the problem textual canvas	B07CS6QP4W	2	145
see the possibility not the problem textual canvas	B07GZTJF9R	0	145
see the possibility not the problem textual canvas	B079YCGKPW	2	145
see the possibility not the problem textual canvas	B07WHDYWGV	0	145
see the possibility not the problem textual canvas	B07JHRJQYD	3	145
see the possibility not the problem textual canvas	B07V69RLWS	2	145
see the possibility not the problem textual canvas	B07RWVMRHQ	2	145
see the possibility not the problem textual canvas	B07RD4F1Z2	0	145
see the possibility not the problem textual canvas	B07V6VCYLG	2	145
see the possibility not the problem textual canvas	B07Q9Q4CVL	2	145
see the possibility not the problem textual canvas	B07KVNZXFG	2	145
see the possibility not the problem textual canvas	B07QSWTCR2	2	145
some will not sleep	B00TCVCRZ4	0	146
some will not sleep	B0912S2NLT	3	146
some will not sleep	B0912HMK2J	3	146
some will not sleep	B08DQLQDBF	2	146
some will not sleep	B07RFSSYBH	0	146
some will not sleep	B0772RJQ8Z	0	146
some will not sleep	B01MYT9C60	0	146
some will not sleep	B00BGARG14	0	146
some will not sleep	1630061476	0	146
some will not sleep	1496438205	0	146
some will not sleep	1368057152	0	146
some will not sleep	0995463034	3	146
some will not sleep	0578515121	0	146
some will not sleep	0547049714	0	146
some will not sleep	0147516218	0	146
some will not sleep	0143127748	0	146
sunglass readers for women not bifocals	B08JB96S7K	3	147
sunglass readers for women not bifocals	B084D8Z7GF	3	147
sunglass readers for women not bifocals	B08739TQNV	3	147
sunglass readers for women not bifocals	B0873B342T	3	147
sunglass readers for women not bifocals	B087JCCNCX	3	147
sunglass readers for women not bifocals	B08C26K26N	3	147
sunglass readers for women not bifocals	B08CR39P1F	3	147
sunglass readers for women not bifocals	B0998BMPV2	3	147
sunglass readers for women not bifocals	B08QCJS5NG	3	147
sunglass readers for women not bifocals	B097R7DJL1	3	147
sunglass readers for women not bifocals	B08X21JM7R	0	147
sunglass readers for women not bifocals	B08Y8CLZ4C	2	147
sunglass readers for women not bifocals	B091JRQDFH	3	147
sunglass readers for women not bifocals	B091KXVC5N	3	147
sunglass readers for women not bifocals	B097QSF1CC	3	147
sunglass readers for women not bifocals	B097R5CKLD	3	147
sunglass readers for women not bifocals	B097R5ZCWP	3	147
sunglass readers for women not bifocals	B07VZPH1S6	3	147
sunglass readers for women not bifocals	B08VRK6SJW	3	147
sunglass readers for women not bifocals	B07VHL8MGD	3	147
sunglass readers for women not bifocals	B01NCZ83QX	0	147
sunglass readers for women not bifocals	B07PMFVM49	3	147
sunglass readers for women not bifocals	B001I2POCS	3	147
sunglass readers for women not bifocals	B00J26IZVY	3	147
sunglass readers for women not bifocals	B00M0SKTS8	3	147
sunglass readers for women not bifocals	B013H9IMAU	3	147
sunglass readers for women not bifocals	B016J7E3RS	3	147
sunglass readers for women not bifocals	B01A32SBPK	3	147
sunglass readers for women not bifocals	B01FT5UKPU	3	147
sunglass readers for women not bifocals	B01FYCJK18	2	147
sunglass readers for women not bifocals	B07PVQFR3D	3	147
sunglass readers for women not bifocals	B01N0M9IFI	3	147
sunglass readers for women not bifocals	B01N2OKYGO	3	147
sunglass readers for women not bifocals	B06WGZRSMK	3	147
sunglass readers for women not bifocals	B0728826FN	3	147
sunglass readers for women not bifocals	B07DPCQT58	3	147
sunglass readers for women not bifocals	B07FZ84X1Y	0	147
sunglass readers for women not bifocals	B07M5MPVT6	0	147
sunglass readers for women not bifocals	B07NW761SD	0	147
sunglass readers for women not bifocals	B01MRS57LT	3	147
thou shalt not try me relaxed-fit tee - women plus	B07TD9B68Y	3	148
thou shalt not try me relaxed-fit tee - women plus	B07TB596SL	3	148
thou shalt not try me relaxed-fit tee - women plus	B07RG32CKR	3	148
thou shalt not try me relaxed-fit tee - women plus	B07S1FL3SP	0	148
thou shalt not try me relaxed-fit tee - women plus	B07RW4PPYR	2	148
thou shalt not try me relaxed-fit tee - women plus	B07V2H4TD6	3	148
thou shalt not try me relaxed-fit tee - women plus	B07SJFXZ5Q	0	148
thou shalt not try me relaxed-fit tee - women plus	B07V94WHBM	2	148
thou shalt not try me relaxed-fit tee - women plus	B08DMKSFK7	2	148
thou shalt not try me relaxed-fit tee - women plus	B08542RYVX	3	148
thou shalt not try me relaxed-fit tee - women plus	B086V2FW73	3	148
thou shalt not try me relaxed-fit tee - women plus	B086YW4S48	2	148
thou shalt not try me relaxed-fit tee - women plus	B08FGPYNWJ	2	148
thou shalt not try me relaxed-fit tee - women plus	B08HCQNVFD	2	148
thou shalt not try me relaxed-fit tee - women plus	B08HDN6QMH	2	148
thou shalt not try me relaxed-fit tee - women plus	B08R688H4H	2	148
thou shalt not try me relaxed-fit tee - women plus	B07QXBZ5BK	2	148
thou shalt not try me relaxed-fit tee - women plus	B07WN9G3CY	2	148
thou shalt not try me relaxed-fit tee - women plus	B08SR83997	0	148
thou shalt not try me relaxed-fit tee - women plus	B07QPGTBRC	0	148
thou shalt not try me relaxed-fit tee - women plus	B07PYPJW7N	2	148
thou shalt not try me relaxed-fit tee - women plus	B07Q34CSV2	3	148
thou shalt not try me relaxed-fit tee - women plus	B00TKHQ0Z8	0	148
thou shalt not try me relaxed-fit tee - women plus	B06WGQJ83P	0	148
thou shalt not try me relaxed-fit tee - women plus	B06XPSQFTK	2	148
thou shalt not try me relaxed-fit tee - women plus	B074QK3RWL	2	148
thou shalt not try me relaxed-fit tee - women plus	B07B1RDWC7	2	148
thou shalt not try me relaxed-fit tee - women plus	B07CFCT3J6	2	148
thou shalt not try me relaxed-fit tee - women plus	B07CJPR7XP	2	148
thou shalt not try me relaxed-fit tee - women plus	B074QLGP8Q	2	148
thou shalt not try me relaxed-fit tee - women plus	B07FDNDBJ2	3	148
thou shalt not try me relaxed-fit tee - women plus	B07FMX9TWD	1	148
thou shalt not try me relaxed-fit tee - women plus	B07GNZP9HG	0	148
thou shalt not try me relaxed-fit tee - women plus	B07GP3121N	2	148
thou shalt not try me relaxed-fit tee - women plus	B07N87PZF1	2	148
thou shalt not try me relaxed-fit tee - women plus	B07NY3Y4ZH	2	148
thou shalt not try me relaxed-fit tee - women plus	B07P7KDMHZ	2	148
thou shalt not try me relaxed-fit tee - women plus	B07CY8CY44	2	148
thou shalt not try me relaxed-fit tee - women plus	B07PGLH6XQ	0	148
vaccinated, because i m not an idiot t shirt	B094WV6DYX	2	149
vaccinated, because i m not an idiot t shirt	B08PL4YS9T	2	149
vaccinated, because i m not an idiot t shirt	B08FRPL9DV	2	149
vaccinated, because i m not an idiot t shirt	B081XPFTB1	0	149
vaccinated, because i m not an idiot t shirt	B0859Y3Q9W	2	149
vaccinated, because i m not an idiot t shirt	B084P74PBD	2	149
vaccinated, because i m not an idiot t shirt	B08R317Z6R	2	149
vaccinated, because i m not an idiot t shirt	B08DQL5QC4	0	149
vaccinated, because i m not an idiot t shirt	B08S8B8W2W	3	149
vaccinated, because i m not an idiot t shirt	B0945MWZS4	3	149
vaccinated, because i m not an idiot t shirt	B08YBJTVL2	2	149
vaccinated, because i m not an idiot t shirt	B08YNQ3ZF8	2	149
vaccinated, because i m not an idiot t shirt	B09457SYL4	3	149
vaccinated, because i m not an idiot t shirt	B0945B52K2	3	149
vaccinated, because i m not an idiot t shirt	B0945CBH32	3	149
vaccinated, because i m not an idiot t shirt	B0945J8J8P	3	149
vaccinated, because i m not an idiot t shirt	B0945KJ3MK	3	149
vaccinated, because i m not an idiot t shirt	B07S2Z9433	0	149
vaccinated, because i m not an idiot t shirt	B08TV341SM	3	149
vaccinated, because i m not an idiot t shirt	B07S2VK48D	0	149
vaccinated, because i m not an idiot t shirt	B06XWN1R4M	2	149
vaccinated, because i m not an idiot t shirt	B07NJ8HZHJ	2	149
vaccinated, because i m not an idiot t shirt	B00NMFDCOG	2	149
vaccinated, because i m not an idiot t shirt	B00NMFE0BK	0	149
vaccinated, because i m not an idiot t shirt	B00NMFHWLK	2	149
vaccinated, because i m not an idiot t shirt	B00QSN2A9W	2	149
vaccinated, because i m not an idiot t shirt	B012XYJAZ6	1	149
vaccinated, because i m not an idiot t shirt	B015G0DCFS	2	149
vaccinated, because i m not an idiot t shirt	B015G0EWLG	2	149
vaccinated, because i m not an idiot t shirt	B015G0F03U	2	149
vaccinated, because i m not an idiot t shirt	B07RNXR65M	3	149
vaccinated, because i m not an idiot t shirt	B01JHD9E1Q	2	149
vaccinated, because i m not an idiot t shirt	B01NC11D49	0	149
vaccinated, because i m not an idiot t shirt	B06Y1DBHP3	0	149
vaccinated, because i m not an idiot t shirt	B0758YVFG8	2	149
vaccinated, because i m not an idiot t shirt	B076FQ4PRG	2	149
vaccinated, because i m not an idiot t shirt	B07FDVL47G	0	149
vaccinated, because i m not an idiot t shirt	B07KM1PC4X	0	149
vaccinated, because i m not an idiot t shirt	B07N12FMPX	2	149
vaccinated, because i m not an idiot t shirt	B01HFFXLNA	1	149
vitenzi sunglass full readers for women not bifocals	B0873B342T	3	150
vitenzi sunglass full readers for women not bifocals	B08739TQNV	3	150
vitenzi sunglass full readers for women not bifocals	B0842B25ML	2	150
vitenzi sunglass full readers for women not bifocals	B08739NDCZ	3	150
vitenzi sunglass full readers for women not bifocals	B08739LJT8	3	150
vitenzi sunglass full readers for women not bifocals	B0873B8DSJ	3	150
vitenzi sunglass full readers for women not bifocals	B08739PSJ9	3	150
vitenzi sunglass full readers for women not bifocals	B0873B8ZL4	3	150
vitenzi sunglass full readers for women not bifocals	B0873C3HRJ	3	150
vitenzi sunglass full readers for women not bifocals	B0873BJQG7	3	150
vitenzi sunglass full readers for women not bifocals	B0873BY37C	3	150
vitenzi sunglass full readers for women not bifocals	B0873C1MX8	3	150
vitenzi sunglass full readers for women not bifocals	B0873CCPF8	3	150
vitenzi sunglass full readers for women not bifocals	B08GLYZJ6G	2	150
vitenzi sunglass full readers for women not bifocals	B08MVYTBX7	3	150
vitenzi sunglass full readers for women not bifocals	B08NCXS2Z3	2	150
vitenzi sunglass full readers for women not bifocals	B07YRWJM4T	2	150
vitenzi sunglass full readers for women not bifocals	B0873BH99W	3	150
vitenzi sunglass full readers for women not bifocals	B07MT7KVG2	2	150
vitenzi sunglass full readers for women not bifocals	B0873B7GP3	3	150
vitenzi sunglass full readers for women not bifocals	B07F22HXX6	0	150
vitenzi sunglass full readers for women not bifocals	B00987LUK0	2	150
vitenzi sunglass full readers for women not bifocals	B00BXY1DSK	2	150
vitenzi sunglass full readers for women not bifocals	B00GA7SWES	0	150
vitenzi sunglass full readers for women not bifocals	B00J26IY4M	2	150
vitenzi sunglass full readers for women not bifocals	B00P1GHSG2	2	150
vitenzi sunglass full readers for women not bifocals	B0145H5OQS	2	150
vitenzi sunglass full readers for women not bifocals	B01DCQ8Z7I	0	150
vitenzi sunglass full readers for women not bifocals	B01FT5ULD6	2	150
vitenzi sunglass full readers for women not bifocals	B01FYCJK18	2	150
vitenzi sunglass full readers for women not bifocals	B0145V0U86	2	150
vitenzi sunglass full readers for women not bifocals	B07C2LZC23	2	150
vitenzi sunglass full readers for women not bifocals	B01LYD236G	2	150
vitenzi sunglass full readers for women not bifocals	B0763SKPY1	2	150
vitenzi sunglass full readers for women not bifocals	B07531WPV4	2	150
vitenzi sunglass full readers for women not bifocals	B07232HYWZ	2	150
vitenzi sunglass full readers for women not bifocals	B07MBQWMF8	2	150
vitenzi sunglass full readers for women not bifocals	B01MQRHG91	2	150
vitenzi sunglass full readers for women not bifocals	B01MQQRPWT	2	150
vitenzi sunglass full readers for women not bifocals	B01MSTTGLH	2	150
why not me? by mindy kaling	B0061YXJO8	2	151
why not me? by mindy kaling	B08FYJYLMY	0	151
why not me? by mindy kaling	B07RN1YH2V	0	151
why not me? by mindy kaling	B07DR6VG2D	0	151
why not me? by mindy kaling	B01LZOV6R3	0	151
why not me? by mindy kaling	B00X690KZM	3	151
why not me? by mindy kaling	B00ELXQYJ8	0	151
why not me? by mindy kaling	B096TW95PP	0	151
why not me? by mindy kaling	2312045494	2	151
why not me? by mindy kaling	1645438805	0	151
why not me? by mindy kaling	1330417682	0	151
why not me? by mindy kaling	0998968412	0	151
why not me? by mindy kaling	0530407132	0	151
why not me? by mindy kaling	0449819884	2	151
why not me? by mindy kaling	0428199402	0	151
why not me? by mindy kaling	1722123966	3	151
you re not 40 - funny birthday card	B07DWGWZ4J	0	152
you re not 40 - funny birthday card	B07DWJPTZM	3	152
you re not 40 - funny birthday card	B07DWJPTZX	2	152
you re not 40 - funny birthday card	B07DWP7YGR	2	152
you re not 40 - funny birthday card	B07FX29XNR	2	152
you re not 40 - funny birthday card	B07L1LLXCZ	2	152
you re not 40 - funny birthday card	B07MV3B1JB	2	152
you re not 40 - funny birthday card	B07MY1DLWH	2	152
you re not 40 - funny birthday card	B07PDJ24GH	2	152
you re not 40 - funny birthday card	B07WD57YXJ	0	152
you re not 40 - funny birthday card	B07SLFD187	2	152
you re not 40 - funny birthday card	B07YXX8BXC	2	152
you re not 40 - funny birthday card	B082VRLB6Z	2	152
you re not 40 - funny birthday card	B088Z57VBX	3	152
you re not 40 - funny birthday card	B08HZHC1PX	2	152
you re not 40 - funny birthday card	B08R58P32J	2	152
you re not 40 - funny birthday card	B0918RPKKK	0	152
you re not 40 - funny birthday card	B07DWGPGB9	3	152
you re not 40 - funny birthday card	B07PGDSQRK	3	152
you re not 40 - funny birthday card	B07DWGLRZJ	2	152
you re not 40 - funny birthday card	B01M0BMHPJ	2	152
you re not 40 - funny birthday card	B07D4QQ2HV	2	152
you re not 40 - funny birthday card	B001G2NRCY	0	152
you re not 40 - funny birthday card	B005CDMQC0	2	152
you re not 40 - funny birthday card	B00LXVWB8E	2	152
you re not 40 - funny birthday card	B01AU1XES8	0	152
you re not 40 - funny birthday card	B01LWQQM82	2	152
you re not 40 - funny birthday card	B01LXPTUL1	2	152
you re not 40 - funny birthday card	B01LZCC2VY	2	152
you re not 40 - funny birthday card	B01LZOAKA1	2	152
you re not 40 - funny birthday card	B01LX2DKLM	2	152
you re not 40 - funny birthday card	B01M0BMUKU	2	152
you re not 40 - funny birthday card	B07DVTM71Q	2	152
you re not 40 - funny birthday card	B07D3H94GF	2	152
you re not 40 - funny birthday card	B07BJ68K16	2	152
you re not 40 - funny birthday card	B079PPMW3S	2	152
you re not 40 - funny birthday card	B07D4Q5K41	2	152
you re not 40 - funny birthday card	B01MAZK983	2	152
you re not 40 - funny birthday card	B01M0NACKL	2	152
you re not 40 - funny birthday card	B074B4BCBV	3	152
brand-satisfyer-pro2 not womanizer	B085FYPJ3Y	3	153
brand-satisfyer-pro2 not womanizer	B07VK5B46N	0	153
brand-satisfyer-pro2 not womanizer	B07WC2SQ6M	2	153
brand-satisfyer-pro2 not womanizer	B07WGP6ZYV	0	153
brand-satisfyer-pro2 not womanizer	B07YVQC4DR	2	153
brand-satisfyer-pro2 not womanizer	B07ZBVYZ7R	0	153
brand-satisfyer-pro2 not womanizer	B081ZG53FG	0	153
brand-satisfyer-pro2 not womanizer	B089FDBY11	2	153
brand-satisfyer-pro2 not womanizer	B08QHX583K	0	153
brand-satisfyer-pro2 not womanizer	B089XWC63V	2	153
brand-satisfyer-pro2 not womanizer	B08CNP11YM	0	153
brand-satisfyer-pro2 not womanizer	B08DDD3DKP	0	153
brand-satisfyer-pro2 not womanizer	B08DXY49B8	2	153
brand-satisfyer-pro2 not womanizer	B08F2PN6CB	0	153
brand-satisfyer-pro2 not womanizer	B08HH9QL8K	0	153
brand-satisfyer-pro2 not womanizer	B08PDH9NH1	0	153
brand-satisfyer-pro2 not womanizer	B07TQK26P9	0	153
brand-satisfyer-pro2 not womanizer	B08V1WQ56N	2	153
brand-satisfyer-pro2 not womanizer	B089VMN7K8	3	153
brand-satisfyer-pro2 not womanizer	B07RK3XTWW	2	153
brand-satisfyer-pro2 not womanizer	B07L9JP1WD	0	153
brand-satisfyer-pro2 not womanizer	B07PWZ3Q3N	0	153
brand-satisfyer-pro2 not womanizer	B014GMBDQ2	0	153
brand-satisfyer-pro2 not womanizer	B07QNNW4QN	3	153
brand-satisfyer-pro2 not womanizer	B01C5KQD5I	0	153
brand-satisfyer-pro2 not womanizer	B06VTLDVRY	0	153
brand-satisfyer-pro2 not womanizer	B06XQXP9X3	0	153
brand-satisfyer-pro2 not womanizer	B072R24NKQ	0	153
brand-satisfyer-pro2 not womanizer	B074S53CM1	0	153
brand-satisfyer-pro2 not womanizer	B074S9BJ6B	0	153
brand-satisfyer-pro2 not womanizer	B01909E56Q	0	153
brand-satisfyer-pro2 not womanizer	B077TKLCMF	2	153
brand-satisfyer-pro2 not womanizer	B07DCK76FP	0	153
brand-satisfyer-pro2 not womanizer	B07HB9ZYJB	2	153
brand-satisfyer-pro2 not womanizer	B07J6NQ1KN	3	153
brand-satisfyer-pro2 not womanizer	B07JHJLG65	0	153
brand-satisfyer-pro2 not womanizer	B07KXBKHJZ	0	153
brand-satisfyer-pro2 not womanizer	B07KXSZWK2	0	153
brand-satisfyer-pro2 not womanizer	B07L5MWBXD	2	153
brand-satisfyer-pro2 not womanizer	B077Q8HG5K	2	153
...or, when the revolution could not be televised	B07QZNPHGC	0	154
...or, when the revolution could not be televised	B07RW4PPYR	0	154
...or, when the revolution could not be televised	B07SJM83ZB	0	154
...or, when the revolution could not be televised	B07SRK67C9	0	154
...or, when the revolution could not be televised	B07VC5DT3N	0	154
...or, when the revolution could not be televised	B083852LZF	0	154
...or, when the revolution could not be televised	B08HW17119	0	154
...or, when the revolution could not be televised	B08CCBTMS4	3	154
...or, when the revolution could not be televised	B08CL2TV4Y	3	154
...or, when the revolution could not be televised	B08GK9PSQM	0	154
...or, when the revolution could not be televised	B08GTXPPK3	0	154
...or, when the revolution could not be televised	B08HCQNVFD	0	154
...or, when the revolution could not be televised	B07QBM5C77	0	154
...or, when the revolution could not be televised	B08589RNFR	0	154
...or, when the revolution could not be televised	B07NTK3VY4	0	154
...or, when the revolution could not be televised	B00OSRS4PY	0	154
...or, when the revolution could not be televised	B07HYNH8H9	0	154
...or, when the revolution could not be televised	B07N12V7KY	0	154
...or, when the revolution could not be televised	B00AW0Z21U	0	154
...or, when the revolution could not be televised	B00DJUK8HS	0	154
...or, when the revolution could not be televised	B00Y5X4YSC	0	154
...or, when the revolution could not be televised	B015G0K9Q8	0	154
...or, when the revolution could not be televised	B01GF7R72U	0	154
...or, when the revolution could not be televised	B015G0EWLG	0	154
...or, when the revolution could not be televised	B01JHD9FIS	0	154
...or, when the revolution could not be televised	B076FTC6FQ	0	154
...or, when the revolution could not be televised	B079SJ1JQY	0	154
...or, when the revolution could not be televised	B079VDJDTT	0	154
...or, when the revolution could not be televised	B07B1WRHVM	0	154
...or, when the revolution could not be televised	B07FY2H8BQ	0	154
...or, when the revolution could not be televised	B01I7BJD9C	0	154
8 pack for not samsung galaxy a71 5g case	B08J3MZN2T	0	155
8 pack for not samsung galaxy a71 5g case	B094XYSR64	3	155
8 pack for not samsung galaxy a71 5g case	B091YLLG6G	3	155
8 pack for not samsung galaxy a71 5g case	B08SHFRN63	3	155
8 pack for not samsung galaxy a71 5g case	B08P2DPKSQ	2	155
8 pack for not samsung galaxy a71 5g case	B08MZ9S7D6	3	155
8 pack for not samsung galaxy a71 5g case	B08HRB4NFK	2	155
8 pack for not samsung galaxy a71 5g case	B08MB4XN4M	3	155
8 pack for not samsung galaxy a71 5g case	B08FY2J25Q	2	155
8 pack for not samsung galaxy a71 5g case	B08CSGN5RY	3	155
8 pack for not samsung galaxy a71 5g case	B08BRC33RQ	3	155
8 pack for not samsung galaxy a71 5g case	B08BMR1YJQ	3	155
8 pack for not samsung galaxy a71 5g case	B08BJC5MZ2	3	155
8 pack for not samsung galaxy a71 5g case	B08BCP1S22	3	155
8 pack for not samsung galaxy a71 5g case	B08933DQCY	3	155
8 pack for not samsung galaxy a71 5g case	B08GLPWPM8	3	155
8 pck, one without packaging umbra single	B073V44H23	3	156
8 pck, one without packaging umbra single	B0721LFDFK	0	156
8 pck, one without packaging umbra single	B01N8UP5LQ	0	156
8 pck, one without packaging umbra single	B01M0H7YC2	0	156
8 pck, one without packaging umbra single	B01N1O0MRB	2	156
8 pck, one without packaging umbra single	B07BF788FF	0	156
8 pck, one without packaging umbra single	B01I58U4PE	0	156
8 pck, one without packaging umbra single	B01N79IP57	0	156
8 pck, one without packaging umbra single	B07D8FNKHM	0	156
8 pck, one without packaging umbra single	B07PB6ZX9Y	0	156
8 pck, one without packaging umbra single	B07NHRYS36	0	156
8 pck, one without packaging umbra single	B07NPWHJ9B	0	156
8 pck, one without packaging umbra single	B07VQZSLDW	0	156
8 pck, one without packaging umbra single	B07VWLJJ89	0	156
8 pck, one without packaging umbra single	B0815V62FC	0	156
8 pck, one without packaging umbra single	B083MNL3G5	3	156
8 pck, one without packaging umbra single	B08F2P73NB	0	156
8 pck, one without packaging umbra single	B01I58T4ZK	0	156
8 pck, one without packaging umbra single	B07DP9KQD5	0	156
8 pck, one without packaging umbra single	B01ESSA9VO	0	156
8 pck, one without packaging umbra single	B013KTYFYO	0	156
8 pck, one without packaging umbra single	B01DN0IT4C	0	156
8 pck, one without packaging umbra single	B01EAG3VZA	0	156
8 pck, one without packaging umbra single	B005M8YXEE	2	156
8 pck, one without packaging umbra single	B005M8YXEY	3	156
8 pck, one without packaging umbra single	B005NNF0YU	0	156
8 pck, one without packaging umbra single	B007XPBW4I	0	156
8 pck, one without packaging umbra single	B00AES2XB2	0	156
8 pck, one without packaging umbra single	B00B8RZXV0	0	156
8 pck, one without packaging umbra single	B00FB6MHHW	3	156
8 pck, one without packaging umbra single	B00FB6N9GA	3	156
8 pck, one without packaging umbra single	B002STMD0Q	0	156
8 pck, one without packaging umbra single	B00HFC2E82	0	156
8 pck, one without packaging umbra single	B00JM5GW10	0	156
8 pck, one without packaging umbra single	B00V9JP8EE	0	156
8 pck, one without packaging umbra single	B015CJ94TQ	0	156
8 pck, one without packaging umbra single	B015SQAVB8	0	156
8 pck, one without packaging umbra single	B01ARNNQI2	0	156
8 pck, one without packaging umbra single	B01BSAWORC	0	156
8 pck, one without packaging umbra single	B00FB6NADW	3	156
can not use in the usa european 220voltage hair tools	B07FTTXZ44	0	157
can not use in the usa european 220voltage hair tools	B07HB2ZRNJ	3	157
can not use in the usa european 220voltage hair tools	B07MHD8RX5	0	157
can not use in the usa european 220voltage hair tools	B07NRYPX4Q	0	157
can not use in the usa european 220voltage hair tools	B07NWC7C85	0	157
can not use in the usa european 220voltage hair tools	B07Q3T177V	0	157
can not use in the usa european 220voltage hair tools	B07QSY7XK6	0	157
can not use in the usa european 220voltage hair tools	B07QWQHK57	0	157
can not use in the usa european 220voltage hair tools	B08RNLNSM4	0	157
can not use in the usa european 220voltage hair tools	B07WF98VXV	3	157
can not use in the usa european 220voltage hair tools	B08DTVM9JV	0	157
can not use in the usa european 220voltage hair tools	B08SBPNL9Q	3	157
can not use in the usa european 220voltage hair tools	B08VWF7R91	0	157
can not use in the usa european 220voltage hair tools	B08ZMSHTJ1	3	157
can not use in the usa european 220voltage hair tools	B0967FD5RD	3	157
can not use in the usa european 220voltage hair tools	B0963C5W82	0	157
can not use in the usa european 220voltage hair tools	B079L7KQSX	3	157
can not use in the usa european 220voltage hair tools	B07SC8FC5G	2	157
can not use in the usa european 220voltage hair tools	B076MR12NM	1	157
can not use in the usa european 220voltage hair tools	B001AFFBCG	2	157
can not use in the usa european 220voltage hair tools	B074ZDXFL6	0	157
can not use in the usa european 220voltage hair tools	B000EFDOOA	0	157
can not use in the usa european 220voltage hair tools	B001MA0QY2	3	157
can not use in the usa european 220voltage hair tools	B0041QZOF0	3	157
can not use in the usa european 220voltage hair tools	B00AZW9ZL8	0	157
can not use in the usa european 220voltage hair tools	B00I65AGHI	0	157
can not use in the usa european 220voltage hair tools	B00MNV8E0C	0	157
can not use in the usa european 220voltage hair tools	B00RNFY344	3	157
can not use in the usa european 220voltage hair tools	B01BD6DRI6	0	157
can not use in the usa european 220voltage hair tools	B00HSJCPXQ	0	157
can not use in the usa european 220voltage hair tools	B01I7BJD9C	0	157
can not use in the usa european 220voltage hair tools	B01E140XWA	0	157
can not use in the usa european 220voltage hair tools	B073P2F926	0	157
can not use in the usa european 220voltage hair tools	B06XC794TJ	0	157
can not use in the usa european 220voltage hair tools	B01N0993NM	0	157
can not use in the usa european 220voltage hair tools	B075QZWTJJ	3	157
can not use in the usa european 220voltage hair tools	B01LSUQSB0	3	157
can not use in the usa european 220voltage hair tools	B01K8PEZMU	0	157
can not use in the usa european 220voltage hair tools	B01MG0PG71	0	157
can t live without your love and affection nelson	B077VW4QRP	3	158
can t live without your love and affection nelson	B07NQ69L7P	0	158
can t live without your love and affection nelson	B07L69P12J	3	158
can t live without your love and affection nelson	B07L56X6LX	3	158
can t live without your love and affection nelson	B07KZGR1CD	3	158
can t live without your love and affection nelson	B07GL17ZYX	3	158
can t live without your love and affection nelson	B07GHWF8DC	3	158
can t live without your love and affection nelson	B07Q3DZMGN	3	158
can t live without your love and affection nelson	B077PDH6K4	3	158
can t live without your love and affection nelson	B071FB21MX	3	158
can t live without your love and affection nelson	B0168QFP90	3	158
can t live without your love and affection nelson	B00DK3UCJI	3	158
can t live without your love and affection nelson	B000VZHQ9M	3	158
can t live without your love and affection nelson	B000LIMPKY	3	158
can t live without your love and affection nelson	B000091NFK	3	158
can t live without your love and affection nelson	B0722887RG	3	158
fiction without frontiers	B08C5KY8V8	0	159
fiction without frontiers	B08NLC5VJC	2	159
fiction without frontiers	B08NKCZM5Y	3	159
fiction without frontiers	B08LDTWY9L	0	159
fiction without frontiers	B08CVS88GV	2	159
fiction without frontiers	B08C5N9F3G	3	159
fiction without frontiers	B08C5MQFCY	3	159
fiction without frontiers	B088JLGCWB	3	159
fiction without frontiers	B086689HYL	3	159
fiction without frontiers	B07SNF45NV	3	159
fiction without frontiers	B07QJX9NCV	3	159
fiction without frontiers	B07PGQF8K2	3	159
fiction without frontiers	B07PDMZWY7	3	159
fiction without frontiers	B07L9JSMT8	3	159
fiction without frontiers	B07J2MQ5N8	3	159
fiction without frontiers	B07GJVWWWR	3	159
hearing aid not amplifer	B07H8YDXJP	1	160
hearing aid not amplifer	B07H9S7X63	1	160
hearing aid not amplifer	B07HC7C8P2	1	160
hearing aid not amplifer	B07MDCGT53	1	160
hearing aid not amplifer	B07MGY57DT	1	160
hearing aid not amplifer	B07MMWTQDP	3	160
hearing aid not amplifer	B07V87CNCV	1	160
hearing aid not amplifer	B07VBM93KG	3	160
hearing aid not amplifer	B086QXZN3R	1	160
hearing aid not amplifer	B082GDRP32	1	160
hearing aid not amplifer	B083J54SFV	0	160
hearing aid not amplifer	B07CQN5MS3	1	160
hearing aid not amplifer	B08J9MVCKY	0	160
hearing aid not amplifer	B08L82HVNQ	3	160
hearing aid not amplifer	B08XY4WYSH	3	160
hearing aid not amplifer	B091BX19TQ	0	160
hearing aid not amplifer	B093SMKJKG	3	160
hearing aid not amplifer	B081TGSJ6F	3	160
hearing aid not amplifer	B0788X32HN	3	160
hearing aid not amplifer	B07KT5SHRY	1	160
hearing aid not amplifer	B076KHYVHR	1	160
hearing aid not amplifer	B076LHH5YJ	1	160
hearing aid not amplifer	B00022749Q	0	160
hearing aid not amplifer	B000OCEWGW	0	160
hearing aid not amplifer	B0055OUOQQ	0	160
hearing aid not amplifer	B007TYY2JA	0	160
hearing aid not amplifer	B00846CC26	1	160
hearing aid not amplifer	B00CYBXH7G	0	160
hearing aid not amplifer	B00DJUK8HS	0	160
hearing aid not amplifer	B00HY4QFJK	1	160
hearing aid not amplifer	B000069EYA	0	160
hearing aid not amplifer	B00K5NEPJY	0	160
hearing aid not amplifer	B00IEEA91E	1	160
hearing aid not amplifer	B076K5YHC9	3	160
hearing aid not amplifer	B06XBW429V	1	160
hearing aid not amplifer	B01LFEF44G	3	160
hearing aid not amplifer	B076KBZHJM	3	160
hearing aid not amplifer	B01G9J08Q6	0	160
hearing aid not amplifer	B019SVHLEY	0	160
hearing aid not amplifer	B015EHAV2K	1	160
hue2 lighting controller not included	B07SPZ2HGT	0	161
hue2 lighting controller not included	B07PJTM847	3	161
hue2 lighting controller not included	B07R1XJNT9	0	161
hue2 lighting controller not included	B07RFFJ7YL	3	161
hue2 lighting controller not included	B07RY76LGX	0	161
hue2 lighting controller not included	B07SPJM29G	3	161
hue2 lighting controller not included	B07N1BVVC7	3	161
hue2 lighting controller not included	B07VGRJDFY	0	161
hue2 lighting controller not included	B07XL6FR5T	0	161
hue2 lighting controller not included	B07XBSN3Y5	2	161
hue2 lighting controller not included	B07XHKN8QL	0	161
hue2 lighting controller not included	B07XJVQHPV	2	161
hue2 lighting controller not included	B07XV1HRVZ	0	161
hue2 lighting controller not included	B07ZFM4BT8	0	161
hue2 lighting controller not included	B07ZR5PG18	0	161
hue2 lighting controller not included	B087PMBFCP	3	161
hue2 lighting controller not included	B07MYCKWYP	2	161
hue2 lighting controller not included	B07VNG9ZLM	1	161
hue2 lighting controller not included	B07JP5375R	0	161
hue2 lighting controller not included	B08387CPNP	2	161
hue2 lighting controller not included	B07GRN2JBX	2	161
hue2 lighting controller not included	B00MNV8E0C	0	161
hue2 lighting controller not included	B07GVHSSWR	3	161
hue2 lighting controller not included	B016H0QZ7I	0	161
hue2 lighting controller not included	B01N23GRYD	0	161
hue2 lighting controller not included	B01NASZ0UM	0	161
hue2 lighting controller not included	B0711DT17X	0	161
hue2 lighting controller not included	B071LBF331	2	161
hue2 lighting controller not included	B0746GKLF3	0	161
hue2 lighting controller not included	B075CQ86ZV	0	161
hue2 lighting controller not included	B072XKT12S	0	161
hue2 lighting controller not included	B075JDRXK6	0	161
hue2 lighting controller not included	B075XLRHNQ	0	161
hue2 lighting controller not included	B07952T5PY	0	161
hue2 lighting controller not included	B079GXSFPB	0	161
hue2 lighting controller not included	B07BNSYT3Q	0	161
hue2 lighting controller not included	B07FSYJRFM	0	161
hue2 lighting controller not included	B07FZ8S74R	0	161
hue2 lighting controller not included	B07GR93BF2	0	161
hue2 lighting controller not included	B075H7Z5L8	0	161
i gues that part not thrue	B06ZY7G6YQ	1	162
i gues that part not thrue	B0855NLMWL	0	162
i gues that part not thrue	B07FZ8S74R	0	162
i gues that part not thrue	B07BCYXXLF	0	162
i gues that part not thrue	B01K8PEZMU	0	162
i gues that part not thrue	B01FHDZGGM	3	162
i gues that part not thrue	B01B1JPXBE	0	162
i gues that part not thrue	B00JDVQ49I	0	162
i gues that part not thrue	B00CV7VHN4	0	162
i gues that part not thrue	B004LO2AIG	3	162
if youre not in it for love im outta here!	B07PG4KH5X	0	163
if youre not in it for love im outta here!	B07Q3W82XH	0	163
if youre not in it for love im outta here!	B07RVKSGGV	0	163
if youre not in it for love im outta here!	B07S9DP9K8	0	163
if youre not in it for love im outta here!	B07T33TYHT	0	163
if youre not in it for love im outta here!	B07V98ZVTQ	0	163
if youre not in it for love im outta here!	B07XF3KGP9	0	163
if youre not in it for love im outta here!	B07XGQ5FG7	0	163
if youre not in it for love im outta here!	B081CGTJB8	0	163
if youre not in it for love im outta here!	B07P8TMTXZ	0	163
if youre not in it for love im outta here!	B08213JC6B	0	163
if youre not in it for love im outta here!	B083124T92	0	163
if youre not in it for love im outta here!	B083SLGR36	0	163
if youre not in it for love im outta here!	B083XKBTMQ	0	163
if youre not in it for love im outta here!	B0865MTK2R	0	163
if youre not in it for love im outta here!	B08FRPL9DV	0	163
if youre not in it for love im outta here!	B08LDTH5B4	0	163
if youre not in it for love im outta here!	B07XNJ9SFK	0	163
if youre not in it for love im outta here!	B07N11Y4VN	0	163
if youre not in it for love im outta here!	B07937FP47	0	163
if youre not in it for love im outta here!	B07CY9GPCJ	0	163
if youre not in it for love im outta here!	B07KQWLX44	0	163
if youre not in it for love im outta here!	B002UXRXEG	0	163
if youre not in it for love im outta here!	B003SIOZB6	0	163
if youre not in it for love im outta here!	B007WFSGMU	0	163
if youre not in it for love im outta here!	B00CMGLVIA	3	163
if youre not in it for love im outta here!	B00MNV8E0C	0	163
if youre not in it for love im outta here!	B00NMFM0MG	0	163
if youre not in it for love im outta here!	B00TEAY47W	0	163
if youre not in it for love im outta here!	B00XCZSP0C	2	163
if youre not in it for love im outta here!	B00NMFDCOG	0	163
if youre not in it for love im outta here!	B017MY5R8G	0	163
if youre not in it for love im outta here!	B01B6NPY8M	0	163
if youre not in it for love im outta here!	B01FY6FL8A	0	163
if youre not in it for love im outta here!	B01JHD9FIS	0	163
if youre not in it for love im outta here!	B06XWN1R4M	0	163
if youre not in it for love im outta here!	B076FTC6FQ	0	163
if youre not in it for love im outta here!	B079GXSFPB	0	163
if youre not in it for love im outta here!	B012XYJAZ6	3	163
im not your steppin stone	B07SM7XFJC	3	164
im not your steppin stone	B08M3VSB1Z	3	164
im not your steppin stone	B086QQ74X7	3	164
im not your steppin stone	B085FSZ27X	3	164
im not your steppin stone	B085D8V1C9	3	164
im not your steppin stone	B085BBYSVM	3	164
im not your steppin stone	B082VGD6GL	3	164
im not your steppin stone	B01IF3SQCC	3	164
im not your steppin stone	B00124F4UE	3	164
im not your steppin stone	B009L1H7B4	0	164
im not your steppin stone	B004C1GJ8U	3	164
im not your steppin stone	B003YE6Y9K	3	164
im not your steppin stone	B00125WVD6	3	164
im not your steppin stone	B00122ORQI	3	164
im not your steppin stone	1524700517	0	164
im not your steppin stone	B00SB3K98G	3	164
p num: integer not null i num: integer not null	B07G29JSNL	2	165
p num: integer not null i num: integer not null	B0767LG3KK	3	165
p num: integer not null i num: integer not null	B075XHWVSJ	0	165
p num: integer not null i num: integer not null	B01MTPCPLS	3	165
p num: integer not null i num: integer not null	B00U47FDP6	3	165
p num: integer not null i num: integer not null	B083JM99Q8	3	165
p num: integer not null i num: integer not null	B004TJD758	3	165
p num: integer not null i num: integer not null	B0038B3AAK	0	165
p num: integer not null i num: integer not null	B000URL296	3	165
p num: integer not null i num: integer not null	B0006L2XNK	3	165
p num: integer not null i num: integer not null	B00TP1UA00	3	165
print on back we are not descended from fearful men decal	B07SLT576H	0	166
print on back we are not descended from fearful men decal	B07V1YTK92	0	166
print on back we are not descended from fearful men decal	B07V795FC7	3	166
print on back we are not descended from fearful men decal	B07VHS7H9F	2	166
print on back we are not descended from fearful men decal	B082T1YKGP	0	166
print on back we are not descended from fearful men decal	B0851ZCTBB	0	166
print on back we are not descended from fearful men decal	B088QDW9LZ	0	166
print on back we are not descended from fearful men decal	B0896RNBQD	2	166
print on back we are not descended from fearful men decal	B08K58941Q	2	166
print on back we are not descended from fearful men decal	B08JN8WBYC	0	166
print on back we are not descended from fearful men decal	B08LCHKC94	0	166
print on back we are not descended from fearful men decal	B08LCJC35N	0	166
print on back we are not descended from fearful men decal	B08P31VVXX	3	166
print on back we are not descended from fearful men decal	B093LP6QNK	3	166
print on back we are not descended from fearful men decal	B08V2151FN	0	166
print on back we are not descended from fearful men decal	B08ZJZBJDV	0	166
print on back we are not descended from fearful men decal	B07S2Z9433	0	166
print on back we are not descended from fearful men decal	B08HXQQXXG	0	166
print on back we are not descended from fearful men decal	B08RN8DFXR	3	166
print on back we are not descended from fearful men decal	B07PLL1RX3	1	166
print on back we are not descended from fearful men decal	B07HTPZN6J	0	166
print on back we are not descended from fearful men decal	B07KWCVMPQ	0	166
print on back we are not descended from fearful men decal	B00AR9G6XO	0	166
print on back we are not descended from fearful men decal	B00NMFTWD6	2	166
print on back we are not descended from fearful men decal	B00SQG8HN2	0	166
print on back we are not descended from fearful men decal	B0155K16A2	0	166
print on back we are not descended from fearful men decal	B01BQ53SEW	0	166
print on back we are not descended from fearful men decal	B01DN9KEIW	0	166
print on back we are not descended from fearful men decal	B01HFFXLNA	0	166
print on back we are not descended from fearful men decal	B01HU65T8Y	2	166
print on back we are not descended from fearful men decal	B015G0DCFS	0	166
print on back we are not descended from fearful men decal	B06WPB1BRZ	0	166
print on back we are not descended from fearful men decal	B01M68C19W	0	166
print on back we are not descended from fearful men decal	B07G5RZ254	0	166
print on back we are not descended from fearful men decal	B07D1N2RZJ	0	166
print on back we are not descended from fearful men decal	B07C2RLK3S	0	166
print on back we are not descended from fearful men decal	B07HNH558S	0	166
print on back we are not descended from fearful men decal	B079FYVZ1D	0	166
print on back we are not descended from fearful men decal	B076B3GZHV	3	166
print on back we are not descended from fearful men decal	B07BFJSJ1D	0	166
pvc not wood peel and stick banding	B07PT8SQ9Z	3	167
pvc not wood peel and stick banding	B07G99X932	0	167
pvc not wood peel and stick banding	B07KXMK1C7	0	167
pvc not wood peel and stick banding	B07LBVL57H	0	167
pvc not wood peel and stick banding	B07MCXH8CN	3	167
pvc not wood peel and stick banding	B07MFYP669	0	167
pvc not wood peel and stick banding	B07MXB4R9V	0	167
pvc not wood peel and stick banding	B07NVGN2M9	2	167
pvc not wood peel and stick banding	B07PXR3MV1	0	167
pvc not wood peel and stick banding	B07FY7ZZHY	3	167
pvc not wood peel and stick banding	B07Q9J9W3V	3	167
pvc not wood peel and stick banding	B07QBD5X1W	3	167
pvc not wood peel and stick banding	B07TQHGM19	0	167
pvc not wood peel and stick banding	B07XQ2SCD6	3	167
pvc not wood peel and stick banding	B07Y9Q8LPR	0	167
pvc not wood peel and stick banding	B07YKJQK68	3	167
pvc not wood peel and stick banding	B081CNWN44	3	167
pvc not wood peel and stick banding	B08L5F4JGN	3	167
pvc not wood peel and stick banding	B07Q6JB3F1	0	167
pvc not wood peel and stick banding	B07F9MMZ9M	0	167
pvc not wood peel and stick banding	B07DRHTJS9	3	167
pvc not wood peel and stick banding	B012WE6Q1S	0	167
pvc not wood peel and stick banding	B000BQS4AG	3	167
pvc not wood peel and stick banding	B004OR1CR0	0	167
pvc not wood peel and stick banding	B0071BR60I	3	167
pvc not wood peel and stick banding	B007E83LUM	0	167
pvc not wood peel and stick banding	B011P47VPQ	0	167
pvc not wood peel and stick banding	B012RGO4ZG	0	167
pvc not wood peel and stick banding	B01A6BT1A2	3	167
pvc not wood peel and stick banding	B07F6F1T9C	3	167
pvc not wood peel and stick banding	B01AN7AM3E	3	167
pvc not wood peel and stick banding	B01E7NU62M	3	167
pvc not wood peel and stick banding	B06XC6BF72	0	167
pvc not wood peel and stick banding	B06XR1ZLMX	0	167
pvc not wood peel and stick banding	B074J9LHN2	0	167
pvc not wood peel and stick banding	B077VM9S9Q	3	167
pvc not wood peel and stick banding	B07C94ZZ57	0	167
pvc not wood peel and stick banding	B07CT4QCBK	0	167
pvc not wood peel and stick banding	B07CWMN9KP	0	167
pvc not wood peel and stick banding	B01B074OGM	0	167
r. m. sainsbury, reference without referents	B07CWFJV63	0	168
r. m. sainsbury, reference without referents	B07DVVJQCG	0	168
r. m. sainsbury, reference without referents	B07R2732G4	0	168
r. m. sainsbury, reference without referents	B08C6BTXS9	0	168
r. m. sainsbury, reference without referents	B075QVMBT9	0	168
r. m. sainsbury, reference without referents	B07NYZJX2L	3	168
r. m. sainsbury, reference without referents	B06X3TKTBC	0	168
r. m. sainsbury, reference without referents	B07FLHJSYP	0	168
r. m. sainsbury, reference without referents	B00VFYYAC4	0	168
r. m. sainsbury, reference without referents	B00NO6309A	0	168
r. m. sainsbury, reference without referents	B00J4B1QQS	0	168
r. m. sainsbury, reference without referents	B005BP5UCM	3	168
r. m. sainsbury, reference without referents	0199230404	3	168
r. m. sainsbury, reference without referents	B001CCP3DY	0	168
r. m. sainsbury, reference without referents	B01N5WESTU	0	168
r. m. sainsbury, reference without referents	B000AMUWLK	0	168
rascal does not dream manga , 3	B0912NXN5C	3	169
rascal does not dream manga , 3	1975399358	2	169
rascal does not dream manga , 3	1975359623	2	169
rascal does not dream manga , 3	1975318013	2	169
rascal does not dream manga , 3	1975312627	2	169
rascal does not dream manga , 3	1975312589	2	169
rascal does not dream manga , 3	1975312562	3	169
rascal does not dream manga , 3	1975312546	1	169
rascal does not dream manga , 3	1632366436	0	169
the scale does not lie, people do	B091P5X7LB	1	170
the scale does not lie, people do	B08L6ZYW21	0	170
the scale does not lie, people do	B075QQ8VZW	0	170
the scale does not lie, people do	B01N1UX8RW	0	170
the scale does not lie, people do	B00JM5GW10	0	170
the scale does not lie, people do	B00HFC2E82	0	170
the scale does not lie, people do	B00CGNR4XK	2	170
the scale does not lie, people do	1681850516	2	170
the scale does not lie, people do	0743456084	0	170
the scale does not lie, people do	1075327067	0	170
the scale does not lie, people do	0997225211	3	170
the scale does not lie, people do	0997225203	0	170
the scale does not lie, people do	0988954419	0	170
the scale does not lie, people do	0809236338	0	170
the scale does not lie, people do	0801094429	0	170
the scale does not lie, people do	1623157730	3	170
the substitute 4: failure is not an option	B07KVNZXFG	0	171
the substitute 4: failure is not an option	B07N4MR1XT	0	171
the substitute 4: failure is not an option	B07Q3W82XH	0	171
the substitute 4: failure is not an option	B0753L53L2	0	171
the substitute 4: failure is not an option	B08NFC7FL2	0	171
the substitute 4: failure is not an option	B07F81TC5R	0	171
the substitute 4: failure is not an option	B083Z6ZF5F	0	171
the substitute 4: failure is not an option	B07D1C1BK4	0	171
the substitute 4: failure is not an option	B0010ZE4CE	3	171
the substitute 4: failure is not an option	B00005O5B9	3	171
the substitute 4: failure is not an option	B01CRC52MO	0	171
the substitute 4: failure is not an option	B01GWC9CHG	2	171
the substitute 4: failure is not an option	B0764MWSDD	3	171
the substitute 4: failure is not an option	B01L8GENUM	0	171
the substitute 4: failure is not an option	B074SM12RP	0	171
the substitute 4: failure is not an option	B01KKPZ1NK	0	171
thermos funtainer without the handle on the lid - 2 pack	B07DLHHSNJ	3	172
thermos funtainer without the handle on the lid - 2 pack	B07DTLNZ5B	0	172
thermos funtainer without the handle on the lid - 2 pack	B07N2M5TKS	2	172
thermos funtainer without the handle on the lid - 2 pack	B07QRX886L	0	172
thermos funtainer without the handle on the lid - 2 pack	B07RDXVNGR	2	172
thermos funtainer without the handle on the lid - 2 pack	B07VF6VRMD	0	172
thermos funtainer without the handle on the lid - 2 pack	B07X28981H	3	172
thermos funtainer without the handle on the lid - 2 pack	B07Z9P9L9H	3	172
thermos funtainer without the handle on the lid - 2 pack	B0863G6H5V	0	172
thermos funtainer without the handle on the lid - 2 pack	B08741C6S4	0	172
thermos funtainer without the handle on the lid - 2 pack	B07DKJ2NVR	0	172
thermos funtainer without the handle on the lid - 2 pack	B08GG8YHMR	3	172
thermos funtainer without the handle on the lid - 2 pack	B08MWH5LZM	3	172
thermos funtainer without the handle on the lid - 2 pack	B08NCN1VZW	3	172
thermos funtainer without the handle on the lid - 2 pack	B08QZFXVCW	2	172
thermos funtainer without the handle on the lid - 2 pack	B08VFCH7C9	2	172
thermos funtainer without the handle on the lid - 2 pack	B08VFZRX7Q	0	172
thermos funtainer without the handle on the lid - 2 pack	B083G4MZPK	3	172
thermos funtainer without the handle on the lid - 2 pack	B087G3CDW2	2	172
thermos funtainer without the handle on the lid - 2 pack	B07D1M6PGR	0	172
thermos funtainer without the handle on the lid - 2 pack	B07984546D	2	172
thermos funtainer without the handle on the lid - 2 pack	B00062J99K	0	172
thermos funtainer without the handle on the lid - 2 pack	B000FZX93K	2	172
thermos funtainer without the handle on the lid - 2 pack	B000G39ZIY	0	172
thermos funtainer without the handle on the lid - 2 pack	B002797DJ8	0	172
thermos funtainer without the handle on the lid - 2 pack	B00DAPQT3O	0	172
thermos funtainer without the handle on the lid - 2 pack	B00JFB2RA6	3	172
thermos funtainer without the handle on the lid - 2 pack	B00KY3YTVY	0	172
thermos funtainer without the handle on the lid - 2 pack	B07B6P3MC5	0	172
thermos funtainer without the handle on the lid - 2 pack	B00TZLTVUA	3	172
thermos funtainer without the handle on the lid - 2 pack	B00L9GW24Q	3	172
thermos funtainer without the handle on the lid - 2 pack	B01IF2ASS8	0	172
thermos funtainer without the handle on the lid - 2 pack	B01LAY47D0	0	172
thermos funtainer without the handle on the lid - 2 pack	B01M03OLF7	0	172
thermos funtainer without the handle on the lid - 2 pack	B01M7NHMC3	3	172
thermos funtainer without the handle on the lid - 2 pack	B01M8JK95M	0	172
thermos funtainer without the handle on the lid - 2 pack	B073WBN1SW	2	172
thermos funtainer without the handle on the lid - 2 pack	B077NPDFVL	2	172
thermos funtainer without the handle on the lid - 2 pack	B0151FP9AY	0	172
thermos funtainer without the handle on the lid - 2 pack	B078G7PLNS	1	172
travel size juillet has a gun perfume not a perfume	B0784TQ35F	0	173
travel size juillet has a gun perfume not a perfume	B07BFQTY3S	1	173
travel size juillet has a gun perfume not a perfume	B07B3XQZ42	3	173
travel size juillet has a gun perfume not a perfume	B06XB3CSXG	0	173
travel size juillet has a gun perfume not a perfume	B06Y2F3NSS	2	173
travel size juillet has a gun perfume not a perfume	B07CD5T5QV	3	173
travel size juillet has a gun perfume not a perfume	B0773V2HGH	2	173
travel size juillet has a gun perfume not a perfume	B07DWWTW18	2	173
travel size juillet has a gun perfume not a perfume	B08KHCKCWX	2	173
travel size juillet has a gun perfume not a perfume	B07QPTMJFN	2	173
travel size juillet has a gun perfume not a perfume	B07SB4639S	0	173
travel size juillet has a gun perfume not a perfume	B07YLHX4X8	0	173
travel size juillet has a gun perfume not a perfume	B083V6F3NV	0	173
travel size juillet has a gun perfume not a perfume	B089KLC5J8	3	173
travel size juillet has a gun perfume not a perfume	B08N18RX76	2	173
travel size juillet has a gun perfume not a perfume	B08SW48765	2	173
travel size juillet has a gun perfume not a perfume	B01M1NG6C1	2	173
travel size juillet has a gun perfume not a perfume	B07FHPMP9G	3	173
travel size juillet has a gun perfume not a perfume	B01LXZ5W0L	3	173
travel size juillet has a gun perfume not a perfume	B07ND5SHMN	0	173
travel size juillet has a gun perfume not a perfume	B0157V6USM	3	173
travel size juillet has a gun perfume not a perfume	B000VOJOMA	2	173
travel size juillet has a gun perfume not a perfume	B000VOJPMY	2	173
travel size juillet has a gun perfume not a perfume	B001242JU2	2	173
travel size juillet has a gun perfume not a perfume	B001FWXMGG	2	173
travel size juillet has a gun perfume not a perfume	B001KYQBUI	3	173
travel size juillet has a gun perfume not a perfume	B001O0HP7Q	2	173
travel size juillet has a gun perfume not a perfume	B002XQ1YTK	2	173
travel size juillet has a gun perfume not a perfume	B01C7M4R02	3	173
travel size juillet has a gun perfume not a perfume	B002ZKO3O2	2	173
travel size juillet has a gun perfume not a perfume	B002S5CEF4	2	173
travel size juillet has a gun perfume not a perfume	B0051RYGWK	0	173
travel size juillet has a gun perfume not a perfume	B00858E4B0	3	173
travel size juillet has a gun perfume not a perfume	B00EJDG7XI	2	173
travel size juillet has a gun perfume not a perfume	B00GHBIJJK	2	173
travel size juillet has a gun perfume not a perfume	B012VFVMGC	2	173
travel size juillet has a gun perfume not a perfume	B0130MFX74	3	173
travel size juillet has a gun perfume not a perfume	B014Q9656I	2	173
travel size juillet has a gun perfume not a perfume	B0151AF86E	2	173
travel size juillet has a gun perfume not a perfume	B004JY1U9I	3	173
usb-c cable and lightning cable not included	B08W55B8CF	3	174
usb-c cable and lightning cable not included	B097GXKW51	3	174
usb-c cable and lightning cable not included	B094VHZFQ3	3	174
usb-c cable and lightning cable not included	B093L2G96N	3	174
usb-c cable and lightning cable not included	B093KKHC31	3	174
usb-c cable and lightning cable not included	B093HCPZ6B	3	174
usb-c cable and lightning cable not included	B08TQQVD7P	3	174
usb-c cable and lightning cable not included	B08T8YWGJS	3	174
usb-c cable and lightning cable not included	B08RNJPVK7	3	174
usb-c cable and lightning cable not included	B08R3LMXWV	3	174
usb-c cable and lightning cable not included	B08KBDV8L5	0	174
usb-c cable and lightning cable not included	B08GFPYTGL	3	174
usb-c cable and lightning cable not included	B07WVXGFCJ	3	174
usb-c cable and lightning cable not included	B07H256MBK	3	174
zero days without a bad dad joke	B096NHDWS6	3	175
zero days without a bad dad joke	B096NHG7Q6	3	175
zero days without a bad dad joke	B096NHHFW7	3	175
zero days without a bad dad joke	B096NHJKD4	3	175
zero days without a bad dad joke	B096NHVV7Q	3	175
zero days without a bad dad joke	B096NHWY9N	3	175
zero days without a bad dad joke	B096NJ8XD2	3	175
zero days without a bad dad joke	B096NJNKRJ	3	175
zero days without a bad dad joke	B096TTRBGG	3	175
zero days without a bad dad joke	B096NJWTXM	3	175
zero days without a bad dad joke	B09834HF1R	3	175
zero days without a bad dad joke	B0972NDB77	0	175
zero days without a bad dad joke	B097HKGDTG	3	175
zero days without a bad dad joke	B097X4R5FM	2	175
zero days without a bad dad joke	B097XBHTCS	3	175
zero days without a bad dad joke	B09834G8QB	3	175
zero days without a bad dad joke	B096NH99GW	3	175
zero days without a bad dad joke	B096NJP1WG	3	175
zero days without a bad dad joke	B096NGW7R4	3	175
zero days without a bad dad joke	B07YK167KM	3	175
zero days without a bad dad joke	B096NGG4BP	3	175
zero days without a bad dad joke	B096NGQJLL	3	175
zero days without a bad dad joke	B07BQKKHRT	3	175
zero days without a bad dad joke	B07Y5XDV6B	3	175
zero days without a bad dad joke	B07YGDVQGR	3	175
zero days without a bad dad joke	B07YJZJSVS	3	175
zero days without a bad dad joke	B07YJZY7KC	3	175
zero days without a bad dad joke	B07YK167KP	3	175
zero days without a bad dad joke	B07YK1961R	3	175
zero days without a bad dad joke	B07YJZPTVW	3	175
zero days without a bad dad joke	B07YK1QCGY	3	175
zero days without a bad dad joke	B081V319S1	3	175
zero days without a bad dad joke	B08FMYCFPK	3	175
zero days without a bad dad joke	B08NGQX8G2	3	175
zero days without a bad dad joke	B08NYWSDJL	2	175
zero days without a bad dad joke	B08QWKGQWM	3	175
zero days without a bad dad joke	B08Y7317JY	3	175
zero days without a bad dad joke	B07YK1PH6W	3	175
zero days without a bad dad joke	B091ZQQDSH	3	175
pkg. wipes without bleach	B07F246YG1	3	176
pkg. wipes without bleach	B077BCLGZ2	3	176
pkg. wipes without bleach	B01NASH63G	3	176
pkg. wipes without bleach	B074DYPZYK	3	176
pkg. wipes without bleach	B07176372T	0	176
pkg. wipes without bleach	B07JRBSPZ3	2	176
pkg. wipes without bleach	B074NBQBXH	3	176
pkg. wipes without bleach	B07M6XVCBY	3	176
pkg. wipes without bleach	B07SGZWHVZ	3	176
pkg. wipes without bleach	B07PWMP6T4	3	176
pkg. wipes without bleach	B07RCJY6W1	0	176
pkg. wipes without bleach	B07RVKSGGV	0	176
pkg. wipes without bleach	B07ZF9C3WP	0	176
pkg. wipes without bleach	B07ZGHZVRY	0	176
pkg. wipes without bleach	B08BKR9YT6	3	176
pkg. wipes without bleach	B08S1CN5B5	3	176
pkg. wipes without bleach	B01NAPQ4QP	2	176
pkg. wipes without bleach	B07PN719XZ	3	176
pkg. wipes without bleach	B01N6BP63M	0	176
pkg. wipes without bleach	B01IL2F3HI	3	176
pkg. wipes without bleach	B01HXV90BS	0	176
pkg. wipes without bleach	B0002LCZ6O	3	176
pkg. wipes without bleach	B001E6F31K	2	176
pkg. wipes without bleach	B002UXRXEG	0	176
pkg. wipes without bleach	B0033WT4ZO	3	176
pkg. wipes without bleach	B003SIOZB6	0	176
pkg. wipes without bleach	B004YD769C	3	176
pkg. wipes without bleach	B008KJEYLO	3	176
pkg. wipes without bleach	B00HTNTKY8	0	176
pkg. wipes without bleach	B00022W4ZU	3	176
pkg. wipes without bleach	B00KXARZE6	3	176
pkg. wipes without bleach	B00Q70RCW6	2	176
pkg. wipes without bleach	B00S2G7AUC	0	176
pkg. wipes without bleach	B00U2T6SQ4	0	176
pkg. wipes without bleach	B010N0N7PQ	0	176
pkg. wipes without bleach	B013C9OKVU	3	176
pkg. wipes without bleach	B014P0K2A8	0	176
pkg. wipes without bleach	B01BHUSR38	0	176
pkg. wipes without bleach	B00IXDS4EU	3	176
vintage surely not everyone was kung fu fighting	B0826LBHW8	3	177
vintage surely not everyone was kung fu fighting	B0826KYSKQ	3	177
vintage surely not everyone was kung fu fighting	B0826JTLB3	3	177
vintage surely not everyone was kung fu fighting	B0826KQMWK	3	177
vintage surely not everyone was kung fu fighting	B0826JYJFC	3	177
vintage surely not everyone was kung fu fighting	B083P3C2JF	1	177
vintage surely not everyone was kung fu fighting	B0826KQMWL	3	177
vintage surely not everyone was kung fu fighting	B08FBYJDMP	3	177
vintage surely not everyone was kung fu fighting	B08Z1SYF8Y	3	177
vintage surely not everyone was kung fu fighting	B08JKQSS1C	3	177
vintage surely not everyone was kung fu fighting	B08X4MLB62	3	177
vintage surely not everyone was kung fu fighting	B08YDJL6CH	3	177
vintage surely not everyone was kung fu fighting	B098W2BXV6	3	177
vintage surely not everyone was kung fu fighting	B099S5M7D7	3	177
vintage surely not everyone was kung fu fighting	B099ZLZZYK	3	177
vintage surely not everyone was kung fu fighting	B099ZWM97R	3	177
vintage surely not everyone was kung fu fighting	B081Y5SN5W	3	177
vintage surely not everyone was kung fu fighting	B08FP167FS	3	177
vintage surely not everyone was kung fu fighting	B07ZV7F1ZG	3	177
vintage surely not everyone was kung fu fighting	B081XV6ZC2	3	177
vintage surely not everyone was kung fu fighting	B07DKVQR1Q	3	177
vintage surely not everyone was kung fu fighting	B07ZV7221G	3	177
vintage surely not everyone was kung fu fighting	B07771S3VK	3	177
vintage surely not everyone was kung fu fighting	B07FN4G9J2	3	177
vintage surely not everyone was kung fu fighting	B07FN9YMQK	3	177
vintage surely not everyone was kung fu fighting	B07G9M7DPC	3	177
vintage surely not everyone was kung fu fighting	B07KW3W3JB	3	177
vintage surely not everyone was kung fu fighting	B07KWH2GLR	3	177
vintage surely not everyone was kung fu fighting	B07MN5ZXR7	3	177
vintage surely not everyone was kung fu fighting	B07KWBDN7J	3	177
vintage surely not everyone was kung fu fighting	B07RRJCGW7	3	177
vintage surely not everyone was kung fu fighting	B07RTLZLJ1	3	177
vintage surely not everyone was kung fu fighting	B07STCL3N2	3	177
vintage surely not everyone was kung fu fighting	B07W4RP2B1	3	177
vintage surely not everyone was kung fu fighting	B07WCXYL7V	3	177
vintage surely not everyone was kung fu fighting	B07WP7G9N3	3	177
vintage surely not everyone was kung fu fighting	B07X81D3LR	3	177
vintage surely not everyone was kung fu fighting	B07XJD6V9M	3	177
vintage surely not everyone was kung fu fighting	B07PDHR38L	3	177
batteries not included	B079VT7TCN	0	178
batteries not included	B097RYXBFT	3	178
batteries not included	B08LK4VQFH	2	178
batteries not included	B0843J2RT7	2	178
batteries not included	B07MF4GPS6	0	178
batteries not included	B07CMY265H	2	178
batteries not included	B019JI9SZQ	0	178
batteries not included	0783232047	3	178
batteries not included	B00HQWZ55A	0	178
batteries not included	B00HAVJQU2	2	178
batteries not included	B00GDLKJ6U	3	178
batteries not included	B00B6P6LNS	2	178
batteries not included	B00AOB5I1Q	0	178
batteries not included	B00IQ43BXA	2	178
m renee allen do not disturb	B074X8X6RL	0	179
m renee allen do not disturb	B074ZD7KZX	0	179
m renee allen do not disturb	B01LWMNLD7	0	179
m renee allen do not disturb	B08P5NNNL5	0	179
m renee allen do not disturb	B097Y5NW8H	2	179
m renee allen do not disturb	B088BHYN1M	0	179
m renee allen do not disturb	B01DYHAHZ8	0	179
m renee allen do not disturb	B08MFKBYPX	1	179
m renee allen do not disturb	B00HSRGNPO	0	179
m renee allen do not disturb	B001BACYGQ	2	179
m renee allen do not disturb	B000SVZILW	0	179
m renee allen do not disturb	B000QUCQX8	0	179
m renee allen do not disturb	B00I2JYXRM	3	179
m renee allen do not disturb	B0001FTVEK	0	179
m renee allen do not disturb	6305019681	0	179
used is always not only okay but encouraged	B08S3GWN5Z	0	180
used is always not only okay but encouraged	B08K1G4HH3	0	180
used is always not only okay but encouraged	B08FRPL9DV	0	180
used is always not only okay but encouraged	B07DGR6G7W	0	180
used is always not only okay but encouraged	B0772NLNH9	2	180
used is always not only okay but encouraged	B076FTC6FQ	2	180
used is always not only okay but encouraged	B074SM12RP	0	180
used is always not only okay but encouraged	B00N03NZTW	3	180
used is always not only okay but encouraged	B009L1H7B4	0	180
used is always not only okay but encouraged	B0093NPNO8	0	180
americanized: rebel without a green card by sara saedi	B08F5HPVQ6	0	181
americanized: rebel without a green card by sara saedi	B07MJL8NXR	0	181
americanized: rebel without a green card by sara saedi	B07GX6STBY	0	181
americanized: rebel without a green card by sara saedi	B07DX7W7VP	0	181
americanized: rebel without a green card by sara saedi	B075CVZ4KY	0	181
americanized: rebel without a green card by sara saedi	B072ZY1H1X	0	181
americanized: rebel without a green card by sara saedi	B01MRG7T0D	0	181
americanized: rebel without a green card by sara saedi	B06WRS71N8	0	181
americanized: rebel without a green card by sara saedi	B00VFYYAC4	0	181
americanized: rebel without a green card by sara saedi	B00NHQF6MG	0	181
americanized: rebel without a green card by sara saedi	B00J9MYM5O	0	181
americanized: rebel without a green card by sara saedi	B001IAE1BU	0	181
americanized: rebel without a green card by sara saedi	B001CTO0YA	0	181
americanized: rebel without a green card by sara saedi	1524717827	3	181
americanized: rebel without a green card by sara saedi	1091781184	3	181
americanized: rebel without a green card by sara saedi	B00ZK6KUUY	0	181
cancer free thyroid not included shirt	B08G4XB46S	3	182
cancer free thyroid not included shirt	B0852VMMX8	3	182
cancer free thyroid not included shirt	B07YJ8SVWH	3	182
cancer free thyroid not included shirt	B07S2ZZB9G	0	182
cancer free thyroid not included shirt	B07VQ4L4CL	3	182
cancer free thyroid not included shirt	B08GL7RHXZ	2	182
cancer free thyroid not included shirt	B07R8JM17B	0	182
cancer free thyroid not included shirt	B07XF3KGP9	3	182
cancer free thyroid not included shirt	B092WLWHPD	3	182
cancer free thyroid not included shirt	B097NVQHNR	3	182
cancer free thyroid not included shirt	B097NVH8NS	3	182
cancer free thyroid not included shirt	B097NVLGMH	3	182
cancer free thyroid not included shirt	B097NVSDF4	3	182
cancer free thyroid not included shirt	B097NVXLP5	3	182
cancer free thyroid not included shirt	B097NWDXB5	3	182
cancer free thyroid not included shirt	B097NWFZFD	3	182
cancer free thyroid not included shirt	B097NXK95N	3	182
cancer free thyroid not included shirt	B07N6J97ZF	0	182
cancer free thyroid not included shirt	B097M73XL1	3	182
cancer free thyroid not included shirt	B07JD9L9Z7	0	182
cancer free thyroid not included shirt	B01HFFXLNA	0	182
cancer free thyroid not included shirt	B07B46LFJN	0	182
cancer free thyroid not included shirt	B07CPH8BQY	2	182
cancer free thyroid not included shirt	B00M13NHFY	0	182
cancer free thyroid not included shirt	B00NMFDCOG	0	182
cancer free thyroid not included shirt	B00NMFDYUS	0	182
cancer free thyroid not included shirt	B00NMFTWD6	0	182
cancer free thyroid not included shirt	B00P1NBO9C	3	182
cancer free thyroid not included shirt	B00S8PW6P6	0	182
cancer free thyroid not included shirt	B012XYFS02	0	182
cancer free thyroid not included shirt	B012XYJ9LG	2	182
cancer free thyroid not included shirt	B00S8J9HJ0	2	182
cancer free thyroid not included shirt	B015G0DCFS	2	182
cancer free thyroid not included shirt	B0155K16A2	0	182
cancer free thyroid not included shirt	B079H53D2B	0	182
cancer free thyroid not included shirt	B078K93HFD	0	182
cancer free thyroid not included shirt	B074Q3P1TD	2	182
cancer free thyroid not included shirt	B079NMSPBW	0	182
cancer free thyroid not included shirt	B017AO5COW	2	182
cancer free thyroid not included shirt	B015G0EWLG	0	182
i have gone 0 days without making a dad joke shirt	B0966BJ41R	3	183
i have gone 0 days without making a dad joke shirt	B0964ZRNLF	2	183
i have gone 0 days without making a dad joke shirt	B096511K87	3	183
i have gone 0 days without making a dad joke shirt	B09652RDVZ	3	183
i have gone 0 days without making a dad joke shirt	B096537P19	3	183
i have gone 0 days without making a dad joke shirt	B09653MDH2	3	183
i have gone 0 days without making a dad joke shirt	B097N4TQ7J	3	183
i have gone 0 days without making a dad joke shirt	B0964SF4DT	3	183
i have gone 0 days without making a dad joke shirt	B0966H2YBD	3	183
i have gone 0 days without making a dad joke shirt	B0977WZZRZ	3	183
i have gone 0 days without making a dad joke shirt	B09676QDV7	3	183
i have gone 0 days without making a dad joke shirt	B0968TC56D	3	183
i have gone 0 days without making a dad joke shirt	B0969T1C1D	3	183
i have gone 0 days without making a dad joke shirt	B096GY314Y	3	183
i have gone 0 days without making a dad joke shirt	B096HLY732	3	183
i have gone 0 days without making a dad joke shirt	B096LG9S9P	3	183
i have gone 0 days without making a dad joke shirt	B0973TB772	3	183
i have gone 0 days without making a dad joke shirt	B0964PK3RV	3	183
i have gone 0 days without making a dad joke shirt	B0966S2168	3	183
i have gone 0 days without making a dad joke shirt	B095XD2RWD	3	183
i have gone 0 days without making a dad joke shirt	B095KFFWRS	3	183
i have gone 0 days without making a dad joke shirt	B095WDVWST	3	183
i have gone 0 days without making a dad joke shirt	B095WFW48S	3	183
i have gone 0 days without making a dad joke shirt	B0957CSWJ8	3	183
i have gone 0 days without making a dad joke shirt	B0957GKXH1	3	183
i have gone 0 days without making a dad joke shirt	B0958ZV8HG	3	183
i have gone 0 days without making a dad joke shirt	B095G5BS8W	3	183
i have gone 0 days without making a dad joke shirt	B095HYRDJP	3	183
i have gone 0 days without making a dad joke shirt	B095J4W91Q	3	183
i have gone 0 days without making a dad joke shirt	B095JJ55BF	3	183
i have gone 0 days without making a dad joke shirt	B095HHKY5X	3	183
i have gone 0 days without making a dad joke shirt	B095KB3VL7	3	183
i have gone 0 days without making a dad joke shirt	B095KFFWRK	3	183
i have gone 0 days without making a dad joke shirt	B095MG36FS	3	183
i have gone 0 days without making a dad joke shirt	B095NJWX1K	3	183
i have gone 0 days without making a dad joke shirt	B095QG7BT5	3	183
i have gone 0 days without making a dad joke shirt	B095S7XP4D	3	183
i have gone 0 days without making a dad joke shirt	B095W16NRC	3	183
i have gone 0 days without making a dad joke shirt	B095JWTL71	3	183
i have gone 0 days without making a dad joke shirt	B095W8D6N8	3	183
i m gaming do not disturb shirt	B08MC71P8H	3	184
i m gaming do not disturb shirt	B08LDJMK5V	1	184
i m gaming do not disturb shirt	B08KK227M6	2	184
i m gaming do not disturb shirt	B08BR6GC52	1	184
i m gaming do not disturb shirt	B08HQ6DLXZ	1	184
i m gaming do not disturb shirt	B08BR8WTGL	1	184
i m gaming do not disturb shirt	B08MC7SD76	3	184
i m gaming do not disturb shirt	B08JLHPZCB	3	184
i m gaming do not disturb shirt	B08N7NZ6JX	3	184
i m gaming do not disturb shirt	B08RX9M9B9	3	184
i m gaming do not disturb shirt	B08PL51QC6	2	184
i m gaming do not disturb shirt	B08PTTYXR3	3	184
i m gaming do not disturb shirt	B08PTV4WN4	3	184
i m gaming do not disturb shirt	B08PTWF5BG	3	184
i m gaming do not disturb shirt	B08PVMH5RX	3	184
i m gaming do not disturb shirt	B08PW8HJJ5	3	184
i m gaming do not disturb shirt	B08R885SWJ	1	184
i m gaming do not disturb shirt	B0975CDY5F	0	184
i m gaming do not disturb shirt	B08NDJPLY7	1	184
i m gaming do not disturb shirt	B08797RV6G	0	184
i m gaming do not disturb shirt	B07Z8N7697	0	184
i m gaming do not disturb shirt	B07Z4FFDN1	1	184
i m gaming do not disturb shirt	B0836G6JH5	3	184
i m gaming do not disturb shirt	B06XDC5TDJ	1	184
i m gaming do not disturb shirt	B07F9NZT3Z	3	184
i m gaming do not disturb shirt	B07FDVL47G	3	184
i m gaming do not disturb shirt	B07HP2TR9C	1	184
i m gaming do not disturb shirt	B07KG91H12	1	184
i m gaming do not disturb shirt	B07KM1PC4X	3	184
i m gaming do not disturb shirt	B07L5P7ZNF	3	184
i m gaming do not disturb shirt	B01FST8A90	0	184
i m gaming do not disturb shirt	B07L9RVGWH	2	184
i m gaming do not disturb shirt	B07P2BLBTT	1	184
i m gaming do not disturb shirt	B07PBZVTL9	3	184
i m gaming do not disturb shirt	B07RFS9KNS	1	184
i m gaming do not disturb shirt	B07XLBC7B8	3	184
i m gaming do not disturb shirt	B07XRYSHBG	3	184
i m gaming do not disturb shirt	B07XXT16MK	1	184
i m gaming do not disturb shirt	B07XZ64CFP	0	184
i m gaming do not disturb shirt	B07L742NWK	0	184
i m not skilled but my dog thinks so	B07PPFKFSJ	0	185
i m not skilled but my dog thinks so	B07PYJZMCC	0	185
i m not skilled but my dog thinks so	B07S2Z9433	3	185
i m not skilled but my dog thinks so	B07SRRPHX5	0	185
i m not skilled but my dog thinks so	B07T1WKFJW	2	185
i m not skilled but my dog thinks so	B07TB596SL	0	185
i m not skilled but my dog thinks so	B07TZTGCLB	2	185
i m not skilled but my dog thinks so	B083DRLTNM	2	185
i m not skilled but my dog thinks so	B08FRP4H2Z	0	185
i m not skilled but my dog thinks so	B07X9N1DXG	0	185
i m not skilled but my dog thinks so	B083F5Z8R5	0	185
i m not skilled but my dog thinks so	B085748RD1	0	185
i m not skilled but my dog thinks so	B087ZX4SZN	3	185
i m not skilled but my dog thinks so	B07N12VBMV	2	185
i m not skilled but my dog thinks so	B07VMNV6Q2	0	185
i m not skilled but my dog thinks so	B07JM1FQLS	0	185
i m not skilled but my dog thinks so	B012XYJAZ6	0	185
i m not skilled but my dog thinks so	B07GJTWDJB	2	185
i m not skilled but my dog thinks so	B07JD9L9Z7	0	185
i m not skilled but my dog thinks so	B00NMFM242	0	185
i m not skilled but my dog thinks so	B00NMFQPF4	0	185
i m not skilled but my dog thinks so	B00NMFTWD6	0	185
i m not skilled but my dog thinks so	B00XD023L8	0	185
i m not skilled but my dog thinks so	B015G0EWLG	0	185
i m not skilled but my dog thinks so	B015G0F03U	0	185
i m not skilled but my dog thinks so	B00PD5W64A	0	185
i m not skilled but my dog thinks so	B01HFFXLNA	0	185
i m not skilled but my dog thinks so	B01K0BZ8C8	0	185
i m not skilled but my dog thinks so	B01MTF2ALO	0	185
i m not skilled but my dog thinks so	B072N3FP2Z	2	185
i m not skilled but my dog thinks so	B074Q3P1TD	0	185
i m not skilled but my dog thinks so	B07CMM63F6	0	185
i m not skilled but my dog thinks so	B01BJ8HB9E	0	185
its not easy being my wifes arm candy shirt	B095JNF84V	3	186
its not easy being my wifes arm candy shirt	B08D7SRZRN	3	186
its not easy being my wifes arm candy shirt	B08SMF6LFL	3	186
its not easy being my wifes arm candy shirt	B08ZZ5YMQ4	3	186
its not easy being my wifes arm candy shirt	B094QBDD4K	3	186
its not easy being my wifes arm candy shirt	B095BTPBN3	3	186
its not easy being my wifes arm candy shirt	B095FVC2LQ	3	186
its not easy being my wifes arm candy shirt	B095LF426P	3	186
its not easy being my wifes arm candy shirt	B0974K7WVQ	3	186
its not easy being my wifes arm candy shirt	B095LG8P28	3	186
its not easy being my wifes arm candy shirt	B095LGQWFK	3	186
its not easy being my wifes arm candy shirt	B0968M9JWY	3	186
its not easy being my wifes arm candy shirt	B096BVJYPP	3	186
its not easy being my wifes arm candy shirt	B096PQ2L6N	3	186
its not easy being my wifes arm candy shirt	B0974JWNKV	3	186
its not easy being my wifes arm candy shirt	B08CFKPPNF	3	186
its not easy being my wifes arm candy shirt	B0974KD5TY	3	186
its not easy being my wifes arm candy shirt	B095LF68FP	3	186
its not easy being my wifes arm candy shirt	B08CFK9XF4	3	186
its not easy being my wifes arm candy shirt	B08F783HKW	3	186
its not easy being my wifes arm candy shirt	B08C7JV2S7	3	186
its not easy being my wifes arm candy shirt	B08C7MX9ZK	3	186
its not easy being my wifes arm candy shirt	B00DUJ9K5E	3	186
its not easy being my wifes arm candy shirt	B00DUJCIHG	3	186
its not easy being my wifes arm candy shirt	B07H1T9FN7	3	186
its not easy being my wifes arm candy shirt	B07ND3RQ7R	3	186
its not easy being my wifes arm candy shirt	B07SQN6BMQ	3	186
its not easy being my wifes arm candy shirt	B07SRQ4WGF	3	186
its not easy being my wifes arm candy shirt	B07SXTKK17	2	186
its not easy being my wifes arm candy shirt	B07TT4YCHF	3	186
its not easy being my wifes arm candy shirt	B07STPML4B	3	186
its not easy being my wifes arm candy shirt	B082GW52WK	3	186
its not easy being my wifes arm candy shirt	B085YKSHVV	3	186
its not easy being my wifes arm candy shirt	B082GVX5CH	3	186
its not easy being my wifes arm candy shirt	B085YDF9LH	3	186
its not easy being my wifes arm candy shirt	B085YDDRYP	3	186
its not easy being my wifes arm candy shirt	B085YDGKPV	3	186
its not easy being my wifes arm candy shirt	B083T6HX2Y	3	186
its not easy being my wifes arm candy shirt	B083T6FJJF	3	186
its not easy being my wifes arm candy shirt	B083T6T2FB	3	186
monday s not coming	B08NQ3BN4C	0	187
monday s not coming	1545607737	2	187
monday s not coming	B08LNF3VSZ	0	187
monday s not coming	B086L1623V	0	187
monday s not coming	B085KHLGYP	1	187
monday s not coming	B082T2B2KG	2	187
monday s not coming	B01N94CORT	0	187
monday s not coming	1531178715	3	187
monday s not coming	0062498568	2	187
monday s not coming	099524720X	0	187
monday s not coming	0735219109	0	187
monday s not coming	0606415556	0	187
monday s not coming	0063088096	2	187
monday s not coming	0062882767	0	187
monday s not coming	0062422685	3	187
monday s not coming	1449494250	0	187
racism without racists	B082D16PD5	0	188
racism without racists	B08R5BKZDP	2	188
racism without racists	B08BKZRR4H	2	188
racism without racists	B08BHJ9KQ6	3	188
racism without racists	B08BC38JX7	2	188
racism without racists	B08B56B3WB	3	188
racism without racists	B076Z5DZ74	3	188
racism without racists	B08B35XM2G	2	188
racism without racists	1973213001	3	188
racism without racists	1538151413	3	188
racism without racists	B072NCK914	0	188
racism without racists	1442276231	3	188
racism without racists	1442220554	3	188
racism without racists	1442202181	3	188
racism without racists	0063082365	2	188
racism without racists	0062359991	0	188
return--patron does not need dimensions of ring theory	B0849J7W5X	0	189
return--patron does not need dimensions of ring theory	B07WRKSZ3D	0	189
return--patron does not need dimensions of ring theory	B07QCQNKG7	0	189
return--patron does not need dimensions of ring theory	B07N4F4HWB	0	189
return--patron does not need dimensions of ring theory	B07F3XYQZ2	0	189
return--patron does not need dimensions of ring theory	B07CZTN56T	0	189
return--patron does not need dimensions of ring theory	B079J32ZRH	0	189
return--patron does not need dimensions of ring theory	B01ECMRFTA	0	189
return--patron does not need dimensions of ring theory	B07WLP395R	0	189
return--patron does not need dimensions of ring theory	B00QBZ265U	3	189
return--patron does not need dimensions of ring theory	B00Q7EPSHI	0	189
return--patron does not need dimensions of ring theory	B00DYN0438	0	189
return--patron does not need dimensions of ring theory	B009971BM6	0	189
return--patron does not need dimensions of ring theory	B004AI97MA	0	189
return--patron does not need dimensions of ring theory	B001LHVOVK	0	189
return--patron does not need dimensions of ring theory	B0016KX9SI	0	189
return--patron does not need dimensions of ring theory	B01BMY4VN4	0	189
smoke brisket not meth shirt	B08P4BMQRX	3	190
smoke brisket not meth shirt	B08NQXHMJ2	2	190
smoke brisket not meth shirt	B08KHXGBTS	3	190
smoke brisket not meth shirt	B08FBJCNCN	3	190
smoke brisket not meth shirt	B08G4KGGSL	3	190
smoke brisket not meth shirt	B08P8N4MCM	3	190
smoke brisket not meth shirt	B0966B39T1	3	190
smoke brisket not meth shirt	B08GR2VK13	3	190
smoke brisket not meth shirt	B08T7MLX3P	3	190
smoke brisket not meth shirt	B09176G4C6	3	190
smoke brisket not meth shirt	B08XQ182HX	3	190
smoke brisket not meth shirt	B08Y5VWX29	3	190
smoke brisket not meth shirt	B093R1RJ54	3	190
smoke brisket not meth shirt	B093ZLZ382	2	190
smoke brisket not meth shirt	B09495GY6L	3	190
smoke brisket not meth shirt	B09666PNK4	3	190
smoke brisket not meth shirt	B09666RKQQ	3	190
smoke brisket not meth shirt	B08DNJ1FVX	2	190
smoke brisket not meth shirt	B08XPZ4XJG	3	190
smoke brisket not meth shirt	B08DM718TC	3	190
smoke brisket not meth shirt	B08D7731Y4	3	190
smoke brisket not meth shirt	B08D8H2C23	3	190
smoke brisket not meth shirt	B08DJJXQ46	3	190
smoke brisket not meth shirt	B07NQG3PHH	3	190
smoke brisket not meth shirt	B07S4MBZTL	3	190
smoke brisket not meth shirt	B07WX5186S	3	190
smoke brisket not meth shirt	B07YXPFGKB	3	190
smoke brisket not meth shirt	B07ZBDV8C8	2	190
smoke brisket not meth shirt	B07ZLF2SLG	3	190
smoke brisket not meth shirt	B081RP3QJZ	3	190
smoke brisket not meth shirt	B07ZBDCG4V	3	190
smoke brisket not meth shirt	B0829P2V81	3	190
smoke brisket not meth shirt	B084CMHBR5	3	190
smoke brisket not meth shirt	B08C2T96T8	3	190
smoke brisket not meth shirt	B08CKM9QS2	2	190
smoke brisket not meth shirt	B08CKPGGPK	3	190
smoke brisket not meth shirt	B08CTYVRMH	2	190
smoke brisket not meth shirt	B08D1KT7L2	3	190
smoke brisket not meth shirt	B0826NSQW4	3	190
smoke brisket not meth shirt	B08D49L7XX	3	190
+ 200 bifocal glasses without line for men	B08B5PDZZT	2	191
+ 200 bifocal glasses without line for men	B0895J42Z7	3	191
+ 200 bifocal glasses without line for men	B082YQHQ85	3	191
+ 200 bifocal glasses without line for men	B07Y2RG3RS	0	191
+ 200 bifocal glasses without line for men	B07ZVS97NJ	2	191
+ 200 bifocal glasses without line for men	B07YTFZY25	0	191
+ 200 bifocal glasses without line for men	B08BWXC4K8	3	191
+ 200 bifocal glasses without line for men	B081JKMNFS	2	191
+ 200 bifocal glasses without line for men	B08C7J1R4G	3	191
+ 200 bifocal glasses without line for men	B08ZXZWSLJ	0	191
+ 200 bifocal glasses without line for men	B08HPPWQRM	3	191
+ 200 bifocal glasses without line for men	B08K2WL57B	0	191
+ 200 bifocal glasses without line for men	B08K8CNCXH	3	191
+ 200 bifocal glasses without line for men	B08K8M4BBV	3	191
+ 200 bifocal glasses without line for men	B08L85F1HJ	0	191
+ 200 bifocal glasses without line for men	B08N11JVZK	2	191
+ 200 bifocal glasses without line for men	B08R8BXS5V	2	191
+ 200 bifocal glasses without line for men	B07XG4VNFT	3	191
+ 200 bifocal glasses without line for men	B0919KX1HK	3	191
+ 200 bifocal glasses without line for men	B07XD6PY6V	3	191
+ 200 bifocal glasses without line for men	B01KJQ7ITU	3	191
+ 200 bifocal glasses without line for men	B07PRVVFVK	0	191
+ 200 bifocal glasses without line for men	B07X8ZFFWB	3	191
+ 200 bifocal glasses without line for men	B001I2POCS	2	191
+ 200 bifocal glasses without line for men	B00B01NZXW	0	191
+ 200 bifocal glasses without line for men	B00LJOQO1A	3	191
+ 200 bifocal glasses without line for men	B00NHUVN10	2	191
+ 200 bifocal glasses without line for men	B01030CB12	2	191
+ 200 bifocal glasses without line for men	B01469HTIQ	3	191
+ 200 bifocal glasses without line for men	B015A7EEBI	0	191
+ 200 bifocal glasses without line for men	B00W9IXUT4	0	191
+ 200 bifocal glasses without line for men	B06VW72B6N	2	191
+ 200 bifocal glasses without line for men	B01MCW9SV0	3	191
+ 200 bifocal glasses without line for men	B07HK7F3F8	3	191
+ 200 bifocal glasses without line for men	B07CQ793XR	0	191
+ 200 bifocal glasses without line for men	B079VT4DQN	2	191
+ 200 bifocal glasses without line for men	B07J2YV7QG	3	191
+ 200 bifocal glasses without line for men	B074CHWDMH	2	191
+ 200 bifocal glasses without line for men	B06XDQX8P1	3	191
+ 200 bifocal glasses without line for men	B074CJR3VH	0	191
+ 4oz clear dropper not blue	B07CZCQ481	0	192
+ 4oz clear dropper not blue	B083JM99Q8	0	192
+ 4oz clear dropper not blue	B081FFR91C	0	192
+ 4oz clear dropper not blue	B07RN9SJ4L	0	192
+ 4oz clear dropper not blue	B0861SFPM1	0	192
+ 4oz clear dropper not blue	B07DZYGDSF	0	192
+ 4oz clear dropper not blue	B075QQ8VZW	0	192
+ 4oz clear dropper not blue	B07FZ8S74R	0	192
+ 4oz clear dropper not blue	B01M19Z219	0	192
+ 4oz clear dropper not blue	B010OYASRG	0	192
+ 4oz clear dropper not blue	B00ZY6JHU4	0	192
+ 4oz clear dropper not blue	B00LH3DMUO	3	192
+ 4oz clear dropper not blue	B00LEWIK8M	0	192
+ 4oz clear dropper not blue	B004K95PBQ	0	192
+ 4oz clear dropper not blue	B002UXRXE6	0	192
+ 4oz clear dropper not blue	B07176372T	0	192
+3 4 sleeve for women not plus	B085F4DVJB	3	193
+3 4 sleeve for women not plus	B083YX5F28	0	193
+3 4 sleeve for women not plus	B085L5BRF1	2	193
+3 4 sleeve for women not plus	B08BKZTT69	3	193
+3 4 sleeve for women not plus	B08D9926MT	3	193
+3 4 sleeve for women not plus	B08HQM6S5L	3	193
+3 4 sleeve for women not plus	B08JQ3GFH9	3	193
+3 4 sleeve for women not plus	B08JQ6B2TG	3	193
+3 4 sleeve for women not plus	B093WB7VW4	3	193
+3 4 sleeve for women not plus	B08RD185NZ	3	193
+3 4 sleeve for women not plus	B08SB7D93P	3	193
+3 4 sleeve for women not plus	B08TM14M61	3	193
+3 4 sleeve for women not plus	B08XP8J56S	3	193
+3 4 sleeve for women not plus	B093L4FH23	2	193
+3 4 sleeve for women not plus	B093PHLGXJ	3	193
+3 4 sleeve for women not plus	B094CDXTXV	3	193
+3 4 sleeve for women not plus	B097JP3JC2	2	193
+3 4 sleeve for women not plus	B08NY866PM	3	193
+3 4 sleeve for women not plus	B081SV2X7H	2	193
+3 4 sleeve for women not plus	B083B6YGHL	3	193
+3 4 sleeve for women not plus	B07SNSV5XV	3	193
+3 4 sleeve for women not plus	B07YWNVSRW	3	193
+3 4 sleeve for women not plus	B01CTD435I	3	193
+3 4 sleeve for women not plus	B01LWLFUM1	3	193
+3 4 sleeve for women not plus	B074YJ6RDC	3	193
+3 4 sleeve for women not plus	B075ZL1NZ6	3	193
+3 4 sleeve for women not plus	B0765V56T7	3	193
+3 4 sleeve for women not plus	B07FDNNRLQ	2	193
+3 4 sleeve for women not plus	B07G14ZLZR	3	193
+3 4 sleeve for women not plus	B07GFCKC7R	3	193
+3 4 sleeve for women not plus	B07F829MDH	3	193
+3 4 sleeve for women not plus	B07GNFCR25	3	193
+3 4 sleeve for women not plus	B07GKSY62T	0	193
+3 4 sleeve for women not plus	B07RPND274	2	193
+3 4 sleeve for women not plus	B07MSFSN18	0	193
+3 4 sleeve for women not plus	B07MNQ59XW	3	193
+3 4 sleeve for women not plus	B07SH9LMWK	2	193
+3 4 sleeve for women not plus	B07K1TTHG3	3	193
+3 4 sleeve for women not plus	B07GXKWL14	3	193
+3 4 sleeve for women not plus	B07LG1JDFT	3	193
+4x2 raised garden bed not fabric	B08HHJCS5B	3	194
+4x2 raised garden bed not fabric	B0862FNNW7	0	194
+4x2 raised garden bed not fabric	B088TR19CK	3	194
+4x2 raised garden bed not fabric	B0897G2GGN	2	194
+4x2 raised garden bed not fabric	B08CNL44R4	3	194
+4x2 raised garden bed not fabric	B08CS9MF3J	2	194
+4x2 raised garden bed not fabric	B08FHRGSJC	2	194
+4x2 raised garden bed not fabric	B08KRVMPVG	2	194
+4x2 raised garden bed not fabric	B0841HYXYC	3	194
+4x2 raised garden bed not fabric	B08NWSX2C7	0	194
+4x2 raised garden bed not fabric	B08PD9K7RQ	2	194
+4x2 raised garden bed not fabric	B08QG2P58T	0	194
+4x2 raised garden bed not fabric	B08QM9K227	2	194
+4x2 raised garden bed not fabric	B08RN2Y6P7	2	194
+4x2 raised garden bed not fabric	B08T5Q4NXH	2	194
+4x2 raised garden bed not fabric	B08VWRQCJY	0	194
+4x2 raised garden bed not fabric	B096K537WW	2	194
+4x2 raised garden bed not fabric	B08NB362BF	3	194
+4x2 raised garden bed not fabric	B082B55KTD	2	194
+4x2 raised garden bed not fabric	B08PP1N312	3	194
+4x2 raised garden bed not fabric	B07T499RHJ	2	194
+4x2 raised garden bed not fabric	B01KLUVBLU	2	194
+4x2 raised garden bed not fabric	B06XPRJP9B	2	194
+4x2 raised garden bed not fabric	B075DZFR41	0	194
+4x2 raised garden bed not fabric	B077XCFBF1	0	194
+4x2 raised garden bed not fabric	B078K4WFKL	1	194
+4x2 raised garden bed not fabric	B07T8HMV5S	3	194
+4x2 raised garden bed not fabric	B07B4CJXY1	0	194
+4x2 raised garden bed not fabric	B07C5RJTJC	0	194
+4x2 raised garden bed not fabric	B07CJK4WPH	2	194
+4x2 raised garden bed not fabric	B0085YFSEQ	3	194
+4x2 raised garden bed not fabric	B07CM9S5F8	3	194
+4x2 raised garden bed not fabric	B07CSKR7JH	3	194
+4x2 raised garden bed not fabric	B07CYRZQ4C	0	194
+4x2 raised garden bed not fabric	B07DVTSC8Y	3	194
+4x2 raised garden bed not fabric	B07LGJHXC1	1	194
+4x2 raised garden bed not fabric	B07MB21SZN	2	194
+4x2 raised garden bed not fabric	B07MFP57LB	3	194
+4x2 raised garden bed not fabric	B07RSXQV6G	3	194
+4x2 raised garden bed not fabric	B07CM8FTQ4	3	194
+black +cardboard not foam	B07R444KJT	0	195
+black +cardboard not foam	B07JLTGQHX	0	195
+black +cardboard not foam	B07K1ZTTLT	0	195
+black +cardboard not foam	B07K8K9P8N	0	195
+black +cardboard not foam	B07KTSMBGX	0	195
+black +cardboard not foam	B07MQG9H6R	0	195
+black +cardboard not foam	B07P3H8H39	2	195
+black +cardboard not foam	B07QZY7LX2	0	195
+black +cardboard not foam	B07VNSXY31	0	195
+black +cardboard not foam	B093YNYDDY	0	195
+black +cardboard not foam	B0829C8Y8T	3	195
+black +cardboard not foam	B08C9S9XFJ	3	195
+black +cardboard not foam	B08GC2CR7T	0	195
+black +cardboard not foam	B08MJ5KZYP	0	195
+black +cardboard not foam	B08PQFZZYT	0	195
+black +cardboard not foam	B08QHJ16L6	2	195
+black +cardboard not foam	B091F8Q91Q	0	195
+black +cardboard not foam	B07GBGLST7	0	195
+black +cardboard not foam	B07WSPP4RD	0	195
+black +cardboard not foam	B07DH1MNMR	0	195
+black +cardboard not foam	B07BHTV9VQ	0	195
+black +cardboard not foam	B07B8PX695	0	195
+black +cardboard not foam	B0000223UV	0	195
+black +cardboard not foam	B00006IAT6	0	195
+black +cardboard not foam	B000J07BRQ	3	195
+black +cardboard not foam	B0013CDGT6	0	195
+black +cardboard not foam	B007E83LUM	0	195
+black +cardboard not foam	B00CBAWIIY	0	195
+black +cardboard not foam	B00D8STBHY	3	195
+black +cardboard not foam	B00JM5GW10	0	195
+black +cardboard not foam	B008XDXU44	1	195
+black +cardboard not foam	B00PRYQQES	0	195
+black +cardboard not foam	B00OAAUAX8	0	195
+black +cardboard not foam	B075CTN5M6	3	195
+black +cardboard not foam	B071NZ5KF3	2	195
+black +cardboard not foam	B01N56R85P	0	195
+black +cardboard not foam	B07622YPG6	0	195
+black +cardboard not foam	B01GQ8ZC5M	0	195
+black +cardboard not foam	B01BJ6CMKY	0	195
+black +cardboard not foam	B01L9PBRZG	0	195
+crunchy peanuts not butter	B07KWD9K4C	0	196
+crunchy peanuts not butter	B07J191WP2	3	196
+crunchy peanuts not butter	B07DTSJ7FM	3	196
+crunchy peanuts not butter	B01N0TS76J	3	196
+crunchy peanuts not butter	B07DDWCHJP	2	196
+crunchy peanuts not butter	B06XHZRY52	0	196
+crunchy peanuts not butter	B07KWH27FN	0	196
+crunchy peanuts not butter	B07DF1SJCD	2	196
+crunchy peanuts not butter	B07PRYX9WT	2	196
+crunchy peanuts not butter	B081S3QY4J	0	196
+crunchy peanuts not butter	B07SM9V77D	2	196
+crunchy peanuts not butter	B081S36D57	0	196
+crunchy peanuts not butter	B082XGHMRV	0	196
+crunchy peanuts not butter	B085P13KS3	0	196
+crunchy peanuts not butter	B08H56G22H	0	196
+crunchy peanuts not butter	B08HZJC8DX	3	196
+crunchy peanuts not butter	B08Z5MP5DY	0	196
+crunchy peanuts not butter	B01N0MLMT1	2	196
+crunchy peanuts not butter	B07S2G4TVB	3	196
+crunchy peanuts not butter	B01M6C8Q5M	0	196
+crunchy peanuts not butter	B01M06S98E	2	196
+crunchy peanuts not butter	B01LX0L3JU	0	196
+crunchy peanuts not butter	B0046HNS8Y	0	196
+crunchy peanuts not butter	B007ZZADZA	0	196
+crunchy peanuts not butter	B008WY67TE	3	196
+crunchy peanuts not butter	B0098OI3SK	0	196
+crunchy peanuts not butter	B009NT0JMS	0	196
+crunchy peanuts not butter	B00E1XPY3A	0	196
+crunchy peanuts not butter	B00ES0VZBQ	0	196
+crunchy peanuts not butter	B00FWUEITC	2	196
+crunchy peanuts not butter	B001HTIALE	0	196
+crunchy peanuts not butter	B00PYWRQLU	2	196
+crunchy peanuts not butter	B00S7JFK42	0	196
+crunchy peanuts not butter	B00XNTM0DU	3	196
+crunchy peanuts not butter	B01APBSWBM	0	196
+crunchy peanuts not butter	B01FYXCQ1S	2	196
+crunchy peanuts not butter	B01GIJU6M8	3	196
+crunchy peanuts not butter	B01K3FWH70	0	196
+crunchy peanuts not butter	B01KQ9CHDW	3	196
+crunchy peanuts not butter	B00K25O2EI	3	196
+dark +chocolate +peanuts not milk	B0937HPRMV	0	197
+dark +chocolate +peanuts not milk	B07PBFNYXV	0	197
+dark +chocolate +peanuts not milk	B07K77SH7F	2	197
+dark +chocolate +peanuts not milk	B07MJL8NXR	0	197
+dark +chocolate +peanuts not milk	B07L7TVK8M	0	197
+dark +chocolate +peanuts not milk	B082TTFF87	3	197
+dark +chocolate +peanuts not milk	B07MQ6DB8Z	0	197
+dark +chocolate +peanuts not milk	B0851ZQCX6	0	197
+dark +chocolate +peanuts not milk	B08QDP3S8X	0	197
+dark +chocolate +peanuts not milk	B08KD2VYYX	3	197
+dark +chocolate +peanuts not milk	B08L6WVTQC	0	197
+dark +chocolate +peanuts not milk	B08MHYBV47	2	197
+dark +chocolate +peanuts not milk	B08SHZGKD9	3	197
+dark +chocolate +peanuts not milk	B08TMTX8DV	3	197
+dark +chocolate +peanuts not milk	B08XZHF8VJ	2	197
+dark +chocolate +peanuts not milk	B0937G3WGQ	2	197
+dark +chocolate +peanuts not milk	B07FKW8MP3	2	197
+dark +chocolate +peanuts not milk	B08D73VDQX	3	197
+dark +chocolate +peanuts not milk	B07D1BBMKN	3	197
+dark +chocolate +peanuts not milk	B07XHNWHWH	2	197
+dark +chocolate +peanuts not milk	B06W52PLFP	0	197
+dark +chocolate +peanuts not milk	B0791Y2LMB	0	197
+dark +chocolate +peanuts not milk	B000LKZ3GA	0	197
+dark +chocolate +peanuts not milk	B001HXJPS2	0	197
+dark +chocolate +peanuts not milk	B004M15U12	0	197
+dark +chocolate +peanuts not milk	B00IGUDNEG	0	197
+dark +chocolate +peanuts not milk	B00NG6PWPS	2	197
+dark +chocolate +peanuts not milk	B00PGXQ68Q	0	197
+dark +chocolate +peanuts not milk	B00PXRTOEI	3	197
+dark +chocolate +peanuts not milk	B00J074W94	0	197
+dark +chocolate +peanuts not milk	B016LBC8EC	0	197
+dark +chocolate +peanuts not milk	B01772DE74	0	197
+dark +chocolate +peanuts not milk	B01DJD3QC8	1	197
+dark +chocolate +peanuts not milk	B01DX6EAHG	3	197
+dark +chocolate +peanuts not milk	B01FYXCQ1S	0	197
+dark +chocolate +peanuts not milk	B01IP48CD4	0	197
+dark +chocolate +peanuts not milk	B01IRJBCHU	0	197
+dark +chocolate +peanuts not milk	B0139ZUSEU	2	197
+dark +chocolate +peanuts not milk	B01NAP4CKI	3	197
+dark chocolate peanuts covered not milk	B07XHNWHWH	0	198
+dark chocolate peanuts covered not milk	B07TYZK15K	2	198
+dark chocolate peanuts covered not milk	B07NLJZ3KL	3	198
+dark chocolate peanuts covered not milk	B07RWRHJYS	2	198
+dark chocolate peanuts covered not milk	B07Q8NGM32	0	198
+dark chocolate peanuts covered not milk	B07YCTHWCC	0	198
+dark chocolate peanuts covered not milk	B07SMBF3KT	2	198
+dark chocolate peanuts covered not milk	B07YYMHG2X	2	198
+dark chocolate peanuts covered not milk	B08TMTX8DV	3	198
+dark chocolate peanuts covered not milk	B0848YC6GM	0	198
+dark chocolate peanuts covered not milk	B084S29TPV	2	198
+dark chocolate peanuts covered not milk	B08BTGXJJZ	3	198
+dark chocolate peanuts covered not milk	B08DHF31BJ	2	198
+dark chocolate peanuts covered not milk	B08GQ71JFV	0	198
+dark chocolate peanuts covered not milk	B08JMXVQZB	2	198
+dark chocolate peanuts covered not milk	B08KWHMK7R	0	198
+dark chocolate peanuts covered not milk	B07N94VQZG	0	198
+dark chocolate peanuts covered not milk	B0813YXX2J	2	198
+dark chocolate peanuts covered not milk	B07L7TVK8M	2	198
+dark chocolate peanuts covered not milk	B07V4GS5GM	2	198
+dark chocolate peanuts covered not milk	B07H5P2SBZ	2	198
+dark chocolate peanuts covered not milk	B000R4LO68	0	198
+dark chocolate peanuts covered not milk	B0081LC0ZI	0	198
+dark chocolate peanuts covered not milk	B00HOC68JY	2	198
+dark chocolate peanuts covered not milk	B00P6F5KP4	2	198
+dark chocolate peanuts covered not milk	B00RETHPKI	0	198
+dark chocolate peanuts covered not milk	B01DX6EAHG	2	198
+dark chocolate peanuts covered not milk	B01IRJBCHU	2	198
+dark chocolate peanuts covered not milk	B01N22CM3F	0	198
+dark chocolate peanuts covered not milk	B00XIAH03E	3	198
+dark chocolate peanuts covered not milk	B076TP5XG2	0	198
+dark chocolate peanuts covered not milk	B01N7PB3L6	0	198
+dark chocolate peanuts covered not milk	B079TSHVN7	0	198
+dark chocolate peanuts covered not milk	B079TRNVHX	0	198
+dark chocolate peanuts covered not milk	B077NT42QP	2	198
+dark chocolate peanuts covered not milk	B079V3BX9N	0	198
+dark chocolate peanuts covered not milk	B077GCSMX4	2	198
+dark chocolate peanuts covered not milk	B077F155R7	0	198
+dark chocolate peanuts covered not milk	B077HZ8BSV	0	198
+dark chocolate peanuts covered not milk	B07K6BGV5J	0	198
+diphenhydramine 50mg not chlorpheniramine	B07K1J1WJ3	0	199
+diphenhydramine 50mg not chlorpheniramine	B08TQ65Y2R	3	199
+diphenhydramine 50mg not chlorpheniramine	B08P3QYZSC	2	199
+diphenhydramine 50mg not chlorpheniramine	B08H766XS8	3	199
+diphenhydramine 50mg not chlorpheniramine	B088F4QMST	3	199
+diphenhydramine 50mg not chlorpheniramine	B0848WCZFM	3	199
+diphenhydramine 50mg not chlorpheniramine	B07KFPLDGB	0	199
+diphenhydramine 50mg not chlorpheniramine	B077CSNBRR	2	199
+diphenhydramine 50mg not chlorpheniramine	B074F19XB8	2	199
+diphenhydramine 50mg not chlorpheniramine	B01HI7WQRW	2	199
+diphenhydramine 50mg not chlorpheniramine	B00K0RZIQE	2	199
+diphenhydramine 50mg not chlorpheniramine	B00GA9AVH2	2	199
+diphenhydramine 50mg not chlorpheniramine	B0055OUOQQ	3	199
+diphenhydramine 50mg not chlorpheniramine	B0014CX4YW	2	199
+diphenhydramine 50mg not chlorpheniramine	B077NZVV2D	3	199
+foot cream without alcohol	B01N4DBR3F	0	200
+foot cream without alcohol	B01N7ULJSD	3	200
+foot cream without alcohol	B01N9SPQHQ	0	200
+foot cream without alcohol	B0721P16T8	0	200
+foot cream without alcohol	B072NBD1L1	2	200
+foot cream without alcohol	B07346X1R5	0	200
+foot cream without alcohol	B073VZ6X4M	3	200
+foot cream without alcohol	B0744JV661	0	200
+foot cream without alcohol	B07G1KKZNN	3	200
+foot cream without alcohol	B0774XYQ21	0	200
+foot cream without alcohol	B07BRB3XG3	0	200
+foot cream without alcohol	B07SWHLG2G	0	200
+foot cream without alcohol	B0822MFX8L	0	200
+foot cream without alcohol	B082TSRP9J	2	200
+foot cream without alcohol	B087N7QYN1	3	200
+foot cream without alcohol	B0957Z283H	3	200
+foot cream without alcohol	B01EXQ582Q	0	200
+foot cream without alcohol	B0773LK7NN	0	200
+foot cream without alcohol	B0148PKYXU	0	200
+foot cream without alcohol	B00BB683XS	0	200
+foot cream without alcohol	B00YHZFA5E	0	200
+foot cream without alcohol	B000GCNC2U	3	200
+foot cream without alcohol	B000NQ10FK	3	200
+foot cream without alcohol	B000NWGCZ2	3	200
+foot cream without alcohol	B001459IEE	0	200
+foot cream without alcohol	B001FB5IIC	3	200
+foot cream without alcohol	B005MI648C	3	200
+foot cream without alcohol	B006IB5T4W	3	200
+foot cream without alcohol	B0073E7JFK	3	200
+foot cream without alcohol	B004VMGTY4	0	200
+foot cream without alcohol	B00AYSBR96	0	200
+foot cream without alcohol	B012ROWQ0I	0	200
+foot cream without alcohol	B00HCQEYCK	0	200
+foot cream without alcohol	B00LV5NY3I	0	200
+foot cream without alcohol	B00NHU39P8	3	200
+foot cream without alcohol	B00NR1YQK4	0	200
+foot cream without alcohol	B00TTD9BRC	2	200
+foot cream without alcohol	B00A8S6HM4	0	200
+full +suspension +electric +bike not fat	B08G1QWJFK	0	201
+full +suspension +electric +bike not fat	B099S6BK8F	2	201
+full +suspension +electric +bike not fat	B097W276ZP	3	201
+full +suspension +electric +bike not fat	B094MYFPK5	0	201
+full +suspension +electric +bike not fat	B08SLNBNZN	3	201
+full +suspension +electric +bike not fat	B08SJ4NPQD	3	201
+full +suspension +electric +bike not fat	B08HN94D8L	3	201
+full +suspension +electric +bike not fat	B08FCF11P3	3	201
+full +suspension +electric +bike not fat	B084TJCD83	3	201
+full +suspension +electric +bike not fat	B08C3182NY	3	201
+full +suspension +electric +bike not fat	B084Q6X3CS	3	201
+full +suspension +electric +bike not fat	B07ZZ2SNXT	2	201
+full +suspension +electric +bike not fat	B07L6CJPCH	0	201
+full +suspension +electric +bike not fat	B07219CDH7	1	201
+full +suspension +electric +bike not fat	B00J7J40TM	0	201
+full +suspension +electric +bike not fat	B08F5BTXLZ	3	201
+maintained foot switch not piggyback	B07C17ZTL9	3	202
+maintained foot switch not piggyback	B092M9TP6Y	0	202
+maintained foot switch not piggyback	B085W844C4	0	202
+maintained foot switch not piggyback	B082J71MJZ	0	202
+maintained foot switch not piggyback	B07KN6GLYD	3	202
+maintained foot switch not piggyback	B07KFMNJLH	2	202
+maintained foot switch not piggyback	B076MH2NCT	2	202
+maintained foot switch not piggyback	B07VSF64RM	2	202
+maintained foot switch not piggyback	B00NF9LFM0	0	202
+maintained foot switch not piggyback	B005GRDZO0	3	202
+maintained foot switch not piggyback	B003BIGCZU	0	202
+maintained foot switch not piggyback	B002H9XHNO	0	202
+maintained foot switch not piggyback	B01JRLSPRW	0	202
+maintained foot switch not piggyback	B000W65LO2	0	202
+maintained foot switch not piggyback	B000VXKUL0	3	202
+maintained foot switch not piggyback	B000LJNJOE	3	202
+outside weather station and not digital	B091GD15HC	3	203
+outside weather station and not digital	B085WXYD4N	3	203
+outside weather station and not digital	B086KYCGVC	3	203
+outside weather station and not digital	B086QJT4Q2	2	203
+outside weather station and not digital	B0874BCPKS	2	203
+outside weather station and not digital	B088D4YF8B	2	203
+outside weather station and not digital	B088TL7M4Q	2	203
+outside weather station and not digital	B08D6B1FBB	2	203
+outside weather station and not digital	B08LGDTSTL	0	203
+outside weather station and not digital	B08HLX4NCQ	3	203
+outside weather station and not digital	B08JSQMN5Q	2	203
+outside weather station and not digital	B08LMQCZDB	2	203
+outside weather station and not digital	B08NWY8HHL	0	203
+outside weather station and not digital	B08P5QCJW9	2	203
+outside weather station and not digital	B08R5HK232	2	203
+outside weather station and not digital	B08WWV8TB7	3	203
+outside weather station and not digital	B085R9KBN1	0	203
+outside weather station and not digital	B08DR9QPVF	2	203
+outside weather station and not digital	B083HHLQQY	2	203
+outside weather station and not digital	B07YY51WZB	3	203
+outside weather station and not digital	B0833DB72S	0	203
+outside weather station and not digital	B0836CM7KY	2	203
+outside weather station and not digital	B000TUCK2W	3	203
+outside weather station and not digital	B0015KIFKG	3	203
+outside weather station and not digital	B00MUOIQ8W	2	203
+outside weather station and not digital	B00N1XCA9M	2	203
+outside weather station and not digital	B016TKM6HY	2	203
+outside weather station and not digital	B01ALO500E	2	203
+outside weather station and not digital	B01LDFKEVA	3	203
+outside weather station and not digital	B00T0K8MNI	3	203
+outside weather station and not digital	B07DM63GQ2	3	203
+outside weather station and not digital	B01N5TEHLI	2	203
+outside weather station and not digital	B07Y59J729	2	203
+outside weather station and not digital	B07Y1DSWBH	0	203
+outside weather station and not digital	B07WRV8DC1	0	203
+outside weather station and not digital	B081W2W8JD	0	203
+outside weather station and not digital	B07QZD2BRQ	2	203
+outside weather station and not digital	B07JB74DHZ	2	203
+outside weather station and not digital	B07VWQBCF8	3	203
+proofer for yogourt -brod and not frozen and not automatic	B08SBHH5F2	0	204
+proofer for yogourt -brod and not frozen and not automatic	B01GSAEZ5G	0	204
+proofer for yogourt -brod and not frozen and not automatic	B01K8PEZMU	3	204
+proofer for yogourt -brod and not frozen and not automatic	B01LR22S5Y	0	204
+proofer for yogourt -brod and not frozen and not automatic	B01LY8EUQ4	0	204
+proofer for yogourt -brod and not frozen and not automatic	B01M4S54JJ	0	204
+proofer for yogourt -brod and not frozen and not automatic	B06XB3CSXG	0	204
+proofer for yogourt -brod and not frozen and not automatic	B0722663G9	0	204
+proofer for yogourt -brod and not frozen and not automatic	B01DBTFO98	0	204
+proofer for yogourt -brod and not frozen and not automatic	B07B7NXV4R	0	204
+proofer for yogourt -brod and not frozen and not automatic	B07MYM19VT	3	204
+proofer for yogourt -brod and not frozen and not automatic	B07T61SY9Y	0	204
+proofer for yogourt -brod and not frozen and not automatic	B07VTX1RNQ	0	204
+proofer for yogourt -brod and not frozen and not automatic	B083YKN5ZR	0	204
+proofer for yogourt -brod and not frozen and not automatic	B08667FSG5	0	204
+proofer for yogourt -brod and not frozen and not automatic	B08CN2D42V	0	204
+proofer for yogourt -brod and not frozen and not automatic	B0777RJG6D	3	204
+proofer for yogourt -brod and not frozen and not automatic	B015VEB9AO	0	204
+proofer for yogourt -brod and not frozen and not automatic	B071GW1C6R	0	204
+proofer for yogourt -brod and not frozen and not automatic	B00RP0GHBO	0	204
+proofer for yogourt -brod and not frozen and not automatic	B00UM4XY7K	0	204
+proofer for yogourt -brod and not frozen and not automatic	B00006JKZN	0	204
+proofer for yogourt -brod and not frozen and not automatic	B000EWX4CA	0	204
+proofer for yogourt -brod and not frozen and not automatic	B000VDPV6O	0	204
+proofer for yogourt -brod and not frozen and not automatic	B002RS6JSA	0	204
+proofer for yogourt -brod and not frozen and not automatic	B003KYSLMW	0	204
+proofer for yogourt -brod and not frozen and not automatic	B005FC6S5Y	0	204
+proofer for yogourt -brod and not frozen and not automatic	B005G9E9AW	0	204
+proofer for yogourt -brod and not frozen and not automatic	B0000645YM	0	204
+proofer for yogourt -brod and not frozen and not automatic	B006UKLUFS	0	204
+proofer for yogourt -brod and not frozen and not automatic	B007TUHQWY	0	204
+proofer for yogourt -brod and not frozen and not automatic	B00B4YVU4G	0	204
+proofer for yogourt -brod and not frozen and not automatic	B00CLD728C	0	204
+proofer for yogourt -brod and not frozen and not automatic	B00FLYWNYQ	0	204
+proofer for yogourt -brod and not frozen and not automatic	B00J074W7Q	0	204
+proofer for yogourt -brod and not frozen and not automatic	B00J074W94	0	204
+proofer for yogourt -brod and not frozen and not automatic	B0064OGEZG	0	204
+women red shoes without lacies	B07RMQTMZ1	0	205
+women red shoes without lacies	B07QK6MT9V	2	205
+women red shoes without lacies	B07QV85YN2	3	205
+women red shoes without lacies	B07RHXR898	2	205
+women red shoes without lacies	B07RK8CPCW	0	205
+women red shoes without lacies	B07RLYCH9D	2	205
+women red shoes without lacies	B07RMM2KZD	0	205
+women red shoes without lacies	B07RNXR5RN	2	205
+women red shoes without lacies	B08BFNM9XL	2	205
+women red shoes without lacies	B08FWRPQDB	0	205
+women red shoes without lacies	B07VLKZPP7	0	205
+women red shoes without lacies	B081NC61DM	2	205
+women red shoes without lacies	B084D5X36K	3	205
+women red shoes without lacies	B0851MDGCQ	2	205
+women red shoes without lacies	B0863Q4P2P	2	205
+women red shoes without lacies	B07PL1YTQ7	0	205
+women red shoes without lacies	B08BWDVD6X	0	205
+women red shoes without lacies	B07S57KF1M	2	205
+women red shoes without lacies	B07L3786ND	2	205
+women red shoes without lacies	B07VCLWWGX	2	205
+women red shoes without lacies	B07JKNMHVV	2	205
+women red shoes without lacies	B07KDKV5G6	0	205
+women red shoes without lacies	B0012I95F0	0	205
+women red shoes without lacies	B003UHUL18	0	205
+women red shoes without lacies	B003UHULRW	2	205
+women red shoes without lacies	B005AALNBA	0	205
+women red shoes without lacies	B008L2H9VC	0	205
+women red shoes without lacies	B0099NWSLI	3	205
+women red shoes without lacies	B00K230DIY	2	205
+women red shoes without lacies	B00LH3UF86	3	205
+women red shoes without lacies	B008L2HE3A	2	205
+women red shoes without lacies	B00V3QSVSI	2	205
+women red shoes without lacies	B00NF0GW4A	0	205
+women red shoes without lacies	B07DFFHLL5	2	205
+women red shoes without lacies	B07BL2PRM4	2	205
+women red shoes without lacies	B077ZHCH3Q	3	205
+women red shoes without lacies	B07DVHFPNC	3	205
+women red shoes without lacies	B0716XFVDQ	0	205
+women red shoes without lacies	B0126JJ5IA	0	205
+women red shoes without lacies	B074VJJCH4	0	205
, 1, skullcandy jib wired in-earphone without mic black	B07DGL38ZK	2	206
, 1, skullcandy jib wired in-earphone without mic black	B08X1799TT	0	206
, 1, skullcandy jib wired in-earphone without mic black	B084SBZDL5	0	206
, 1, skullcandy jib wired in-earphone without mic black	B07VPX4W35	2	206
, 1, skullcandy jib wired in-earphone without mic black	B07TDS4SG1	2	206
, 1, skullcandy jib wired in-earphone without mic black	B07R9XR5C6	1	206
, 1, skullcandy jib wired in-earphone without mic black	B07QYKFG6J	2	206
, 1, skullcandy jib wired in-earphone without mic black	B07DGK9M6Q	2	206
, 1, skullcandy jib wired in-earphone without mic black	B07C6FHTSH	2	206
, 1, skullcandy jib wired in-earphone without mic black	B077YSDCB9	0	206
, 1, skullcandy jib wired in-earphone without mic black	B01MA1MJ6H	2	206
, 1, skullcandy jib wired in-earphone without mic black	B0170RBJ9Q	2	206
, 1, skullcandy jib wired in-earphone without mic black	B00XBZY0EI	2	206
, 1, skullcandy jib wired in-earphone without mic black	B00S2P0M1C	2	206
, 1, skullcandy jib wired in-earphone without mic black	B00JG2WRUO	3	206
, 1, skullcandy jib wired in-earphone without mic black	B003EM8008	2	206
, darius the great is not okay	B08GV97W13	3	207
, darius the great is not okay	B088HG3GCR	3	207
, darius the great is not okay	4087735087	3	207
, darius the great is not okay	3125783585	3	207
, darius the great is not okay	1091049270	1	207
, darius the great is not okay	059310823X	2	207
, darius the great is not okay	0525552979	3	207
, darius the great is not okay	170339285X	3	207
, fidget do not yell at that cost 1	B07D3RWJ42	3	208
, fidget do not yell at that cost 1	B07F6G3F1D	0	208
, fidget do not yell at that cost 1	B07F81VDL2	2	208
, fidget do not yell at that cost 1	B07F9NGRKF	2	208
, fidget do not yell at that cost 1	B07FHBBMMG	0	208
, fidget do not yell at that cost 1	B07KDX1FT1	0	208
, fidget do not yell at that cost 1	B07MQRMGD3	3	208
, fidget do not yell at that cost 1	B07MWTJTZX	0	208
, fidget do not yell at that cost 1	B07MX8J9B2	0	208
, fidget do not yell at that cost 1	B07PS6JW56	3	208
, fidget do not yell at that cost 1	B07Q3NS2L6	0	208
, fidget do not yell at that cost 1	B07RRRKXPS	1	208
, fidget do not yell at that cost 1	B07TCGC2N4	0	208
, fidget do not yell at that cost 1	B07VB2ZWNC	0	208
, fidget do not yell at that cost 1	B07ZS53KFT	2	208
, fidget do not yell at that cost 1	B093CWTGCC	3	208
, fidget do not yell at that cost 1	B08XWNGYCD	3	208
, fidget do not yell at that cost 1	B07P9P15YD	0	208
, fidget do not yell at that cost 1	B086SBJCN9	3	208
, fidget do not yell at that cost 1	B079GCM8S2	0	208
, fidget do not yell at that cost 1	B076PMFWVV	2	208
, fidget do not yell at that cost 1	B077CQRP7Y	0	208
, fidget do not yell at that cost 1	B000A6VLXO	3	208
, fidget do not yell at that cost 1	B004LLIKVU	0	208
, fidget do not yell at that cost 1	B007VHKBJU	0	208
, fidget do not yell at that cost 1	B00VZ51SSC	0	208
, fidget do not yell at that cost 1	B00YFQ0M3U	0	208
, fidget do not yell at that cost 1	B00YT168WA	0	208
, fidget do not yell at that cost 1	B00ZY6JHU4	2	208
, fidget do not yell at that cost 1	B00LFOV392	0	208
, fidget do not yell at that cost 1	B01EO2KLDU	0	208
, fidget do not yell at that cost 1	B01K8PEZMU	0	208
, fidget do not yell at that cost 1	B01MAUZ71V	0	208
, fidget do not yell at that cost 1	B01N5P7E49	0	208
, fidget do not yell at that cost 1	B06WLMCG8M	0	208
, fidget do not yell at that cost 1	B071KD3GDR	0	208
, fidget do not yell at that cost 1	B0161KPV7O	0	208
, fidget do not yell at that cost 1	B072ZDN5KJ	3	208
, funny cat suits are not repeated a week	B07PJTH6JJ	3	209
, funny cat suits are not repeated a week	B08FFQCBPR	2	209
, funny cat suits are not repeated a week	B08BHTW996	0	209
, funny cat suits are not repeated a week	B085P291MH	0	209
, funny cat suits are not repeated a week	B07VXL395Z	3	209
, funny cat suits are not repeated a week	B07RV9RLK5	0	209
, funny cat suits are not repeated a week	B076FTC6FQ	0	209
, funny cat suits are not repeated a week	B001ANQVYU	0	209
, funny cat suits are not repeated a week	B01DBTFO98	0	209
, funny cat suits are not repeated a week	B017MY5R8G	0	209
, funny cat suits are not repeated a week	B00XD075HU	3	209
, funny cat suits are not repeated a week	B00VJ8O3SM	0	209
, funny cat suits are not repeated a week	B00TO6E0T8	0	209
, funny cat suits are not repeated a week	B06XWN1R4M	0	209
, i will not die an unlived life	B085P291MH	0	210
, i will not die an unlived life	B07YHT2D7V	0	210
, i will not die an unlived life	B07XG1SNHW	0	210
, i will not die an unlived life	B07CT4QCBK	0	210
, i will not die an unlived life	B07BTSGQQG	0	210
, i will not die an unlived life	B06Y5Y74PG	0	210
, i will not die an unlived life	B01NCTTSS6	0	210
, i will not die an unlived life	B07BV44YNK	0	210
, i will not die an unlived life	B00N43ZXGG	0	210
, i will not die an unlived life	B00CJFA4C8	0	210
, i will not die an unlived life	B0099HD3YA	0	210
, i will not die an unlived life	1891731955	3	210
, i will not die an unlived life	1642501263	0	210
, i will not die an unlived life	1601063385	0	210
, i will not die an unlived life	1573241016	3	210
, i will not die an unlived life	B010TWSH0S	0	210
, pharmaton without yinseng	B07L8NDSMM	0	211
, pharmaton without yinseng	B078K5CZ39	0	211
, pharmaton without yinseng	B078WZDR5S	2	211
, pharmaton without yinseng	B079BVCTLV	0	211
, pharmaton without yinseng	B07D38KRYV	0	211
, pharmaton without yinseng	B07D5RY3TB	3	211
, pharmaton without yinseng	B07D9JJGC3	0	211
, pharmaton without yinseng	B07QCK358T	0	211
, pharmaton without yinseng	B073ZJ5ZNX	0	211
, pharmaton without yinseng	B07TRPXZ8H	0	211
, pharmaton without yinseng	B07VDF36ZL	0	211
, pharmaton without yinseng	B07VVF4C9Z	3	211
, pharmaton without yinseng	B07WGLW6MN	0	211
, pharmaton without yinseng	B082MK454K	3	211
, pharmaton without yinseng	B08G32KPQC	0	211
, pharmaton without yinseng	B08Z46YBRV	1	211
, pharmaton without yinseng	B08ZV5XD53	3	211
, pharmaton without yinseng	B071ZPKLFX	0	211
, pharmaton without yinseng	B07QM8JCWX	3	211
, pharmaton without yinseng	B01N576N82	0	211
, pharmaton without yinseng	B0002E52H0	0	211
, pharmaton without yinseng	B000U39Q5C	0	211
, pharmaton without yinseng	B000U39TZ4	0	211
, pharmaton without yinseng	B000U3I2OI	0	211
, pharmaton without yinseng	B0015HW3PC	2	211
, pharmaton without yinseng	B001E112QA	3	211
, pharmaton without yinseng	B002WKQ5CI	0	211
, pharmaton without yinseng	B003ATIMFI	0	211
, pharmaton without yinseng	B06XGC76MT	0	211
, pharmaton without yinseng	B007Z44AO6	0	211
, pharmaton without yinseng	B0085WEMPO	0	211
, pharmaton without yinseng	B009DGFV56	0	211
, pharmaton without yinseng	B00MRJ8LSU	3	211
, pharmaton without yinseng	B00QPM1UYM	2	211
, pharmaton without yinseng	B01BT4GK72	3	211
, pharmaton without yinseng	B01MECVTDY	3	211
, pharmaton without yinseng	B01MSIN610	0	211
, pharmaton without yinseng	B0066BO2QK	0	211
, rotating extended fans not a ceiling fan	B07J5VBRRT	0	212
, rotating extended fans not a ceiling fan	B07DN5J7Q2	0	212
, rotating extended fans not a ceiling fan	B07119G2W4	0	212
, rotating extended fans not a ceiling fan	B07DK35F3G	0	212
, rotating extended fans not a ceiling fan	B07BNGPWT4	3	212
, rotating extended fans not a ceiling fan	B07L7DYN3F	0	212
, rotating extended fans not a ceiling fan	B08NCBFX9W	0	212
, rotating extended fans not a ceiling fan	B07N5LJ4VD	3	212
, rotating extended fans not a ceiling fan	B07WP2RBXW	0	212
, rotating extended fans not a ceiling fan	B07ST1LHHJ	0	212
, rotating extended fans not a ceiling fan	B07T9FTTRZ	2	212
, rotating extended fans not a ceiling fan	B07V3X1CP7	3	212
, rotating extended fans not a ceiling fan	B0815VK93G	0	212
, rotating extended fans not a ceiling fan	B082B6XHV4	2	212
, rotating extended fans not a ceiling fan	B087JHLQCJ	3	212
, rotating extended fans not a ceiling fan	B08LQRTKH7	3	212
, rotating extended fans not a ceiling fan	B06ZXYW2YN	2	212
, rotating extended fans not a ceiling fan	B07N8H5GL1	2	212
, rotating extended fans not a ceiling fan	B01I9BZ0TW	3	212
, rotating extended fans not a ceiling fan	B07DK4XR2J	0	212
, rotating extended fans not a ceiling fan	B01CDG0UA8	0	212
, rotating extended fans not a ceiling fan	B01H7PYPII	0	212
, rotating extended fans not a ceiling fan	B000JZTHM8	0	212
, rotating extended fans not a ceiling fan	B001B1C8Q6	3	212
, rotating extended fans not a ceiling fan	B001R1RXUG	2	212
, rotating extended fans not a ceiling fan	B001TM9DCE	0	212
, rotating extended fans not a ceiling fan	B0041ICVX6	0	212
, rotating extended fans not a ceiling fan	B00CIDX9KA	0	212
, rotating extended fans not a ceiling fan	B00GYUX610	0	212
, rotating extended fans not a ceiling fan	B002K8DBOC	0	212
, rotating extended fans not a ceiling fan	B00I5T1CF0	3	212
, rotating extended fans not a ceiling fan	B00KGKEZ9G	0	212
, rotating extended fans not a ceiling fan	B00KGKF2N4	0	212
, rotating extended fans not a ceiling fan	B00KGKF2RA	0	212
, rotating extended fans not a ceiling fan	B00NQR1Z0S	0	212
, rotating extended fans not a ceiling fan	B00TV4H2JI	0	212
, rotating extended fans not a ceiling fan	B00UTAN70Q	0	212
, rotating extended fans not a ceiling fan	B00I49D4XO	1	212
, rotating extended fans not a ceiling fan	B01CDFZQXU	0	212
, trading without emotion	B01J2RYK8E	0	213
, trading without emotion	B08CRT3JVN	0	213
, trading without emotion	B07WXPL3FB	0	213
, trading without emotion	B07D4NSSY9	0	213
, trading without emotion	B075CVZ4KY	0	213
, trading without emotion	B06XKNZT1P	0	213
, trading without emotion	B01EWNUUUA	0	213
, trading without emotion	1615192565	0	213
, trading without emotion	1939814456	0	213
, trading without emotion	1517190185	3	213
, trading without emotion	1223081273	0	213
, trading without emotion	0679767398	0	213
, trading without emotion	0312205171	0	213
, trading without emotion	B001SH7SS6	0	213
,e26 bulb base, 60w max x 1 bulbs not included	B07R63JGWS	0	214
,e26 bulb base, 60w max x 1 bulbs not included	B07S49Y9NT	0	214
,e26 bulb base, 60w max x 1 bulbs not included	B07VXFTVH9	3	214
,e26 bulb base, 60w max x 1 bulbs not included	B07VXHL4YK	3	214
,e26 bulb base, 60w max x 1 bulbs not included	B07VYJJ29M	3	214
,e26 bulb base, 60w max x 1 bulbs not included	B07WZJ9JR2	0	214
,e26 bulb base, 60w max x 1 bulbs not included	B0858BKQRC	0	214
,e26 bulb base, 60w max x 1 bulbs not included	B086C2681Y	0	214
,e26 bulb base, 60w max x 1 bulbs not included	B08GP6TXDD	0	214
,e26 bulb base, 60w max x 1 bulbs not included	B08C2YVK69	0	214
,e26 bulb base, 60w max x 1 bulbs not included	B08CVJ94WX	0	214
,e26 bulb base, 60w max x 1 bulbs not included	B08GPF8YFG	0	214
,e26 bulb base, 60w max x 1 bulbs not included	B08JD6D6TS	0	214
,e26 bulb base, 60w max x 1 bulbs not included	B08L36HXY3	3	214
,e26 bulb base, 60w max x 1 bulbs not included	B08Q4444PM	0	214
,e26 bulb base, 60w max x 1 bulbs not included	B08T87BLPB	2	214
,e26 bulb base, 60w max x 1 bulbs not included	B07Q4HQW5M	3	214
,e26 bulb base, 60w max x 1 bulbs not included	B086GB6QCK	3	214
,e26 bulb base, 60w max x 1 bulbs not included	B07PCKGVQT	0	214
,e26 bulb base, 60w max x 1 bulbs not included	B088RB52JX	3	214
,e26 bulb base, 60w max x 1 bulbs not included	B07KK93VD9	0	214
,e26 bulb base, 60w max x 1 bulbs not included	B00BWKCQAY	3	214
,e26 bulb base, 60w max x 1 bulbs not included	B00JRM3YDM	1	214
,e26 bulb base, 60w max x 1 bulbs not included	B013HIF66O	3	214
,e26 bulb base, 60w max x 1 bulbs not included	B01AX2M78C	0	214
,e26 bulb base, 60w max x 1 bulbs not included	B01BDTGFUK	3	214
,e26 bulb base, 60w max x 1 bulbs not included	B01N94CONG	2	214
,e26 bulb base, 60w max x 1 bulbs not included	B06XCJ388P	0	214
,e26 bulb base, 60w max x 1 bulbs not included	B07MFPRYLW	1	214
,e26 bulb base, 60w max x 1 bulbs not included	B06XSNXFG7	0	214
,e26 bulb base, 60w max x 1 bulbs not included	B01DI0EOK0	1	214
,e26 bulb base, 60w max x 1 bulbs not included	B071YJCM2R	2	214
,e26 bulb base, 60w max x 1 bulbs not included	B07142S8R5	3	214
,e26 bulb base, 60w max x 1 bulbs not included	B07GD8BS5B	3	214
,e26 bulb base, 60w max x 1 bulbs not included	B07FNGFXFF	2	214
,e26 bulb base, 60w max x 1 bulbs not included	B07D11MVV8	3	214
,e26 bulb base, 60w max x 1 bulbs not included	B07JLZN1QR	2	214
,e26 bulb base, 60w max x 1 bulbs not included	B0758GXHQK	0	214
,e26 bulb base, 60w max x 1 bulbs not included	B0742Y2N75	3	214
,e26 bulb base, 60w max x 1 bulbs not included	B07B8FTTLM	2	214
,how to view my orders that are not listed	B07YXCVQTN	0	215
,how to view my orders that are not listed	B07KPN8HBB	0	215
,how to view my orders that are not listed	B06XB3CSXG	0	215
,how to view my orders that are not listed	B01M0H2R13	0	215
,how to view my orders that are not listed	B002B6OSWW	0	215
,how to view my orders that are not listed	B00MXUHHGK	0	215
,how to view my orders that are not listed	B00DZPAGZQ	3	215
,how to view my orders that are not listed	B000ORV3NC	0	215
,how to view my orders that are not listed	B0163DF0KW	0	215
,mans, book man without a country	B01G98PY5C	3	216
,mans, book man without a country	B01E4FS4UE	3	216
,mans, book man without a country	B07NYYQXZQ	3	216
,mans, book man without a country	B004TQNNIW	3	216
,mans, book man without a country	B07ZRX3G2F	1	216
,mans, book man without a country	B08Z3X93WR	3	216
,mans, book man without a country	B07P8RHFTL	0	216
,mans, book man without a country	B001BZIWXK	0	216
,mans, book man without a country	1374840262	3	216
,mans, book man without a country	1539055574	3	216
,mans, book man without a country	1494225379	3	216
,mans, book man without a country	1453718516	3	216
,mans, book man without a country	1397918357	3	216
,mans, book man without a country	164572042X	0	216
,mans, book man without a country	081297736X	3	216
,mans, book man without a country	0785105948	3	216
,people should not fear their government.	B076DKK8WH	3	217
,people should not fear their government.	B08PL4YS9T	0	217
,people should not fear their government.	B08K7RP144	3	217
,people should not fear their government.	B08JLF441L	3	217
,people should not fear their government.	B07TB596SL	0	217
,people should not fear their government.	B07C36J67Z	3	217
,people should not fear their government.	B075X2T4PY	3	217
,people should not fear their government.	B076FTC6FQ	0	217
,people should not fear their government.	B06XWN1R4M	0	217
,people should not fear their government.	B017MY5R8G	0	217
,people should not fear their government.	B015G0F03U	0	217
,people should not fear their government.	B015G0EWLG	0	217
,people should not fear their government.	B00VJ8O3SM	0	217
,people should not fear their government.	B00TXSBJG4	0	217
,people should not fear their government.	B00ELJ7JWI	3	217
,people should not fear their government.	B073GKYBM9	3	217
,quick strip to wire connector without stripping wire	B08NVYL8ND	3	218
,quick strip to wire connector without stripping wire	B08L67P43W	3	218
,quick strip to wire connector without stripping wire	B08K44YN8Y	3	218
,quick strip to wire connector without stripping wire	B08H2269ZN	3	218
,quick strip to wire connector without stripping wire	B08J45XQK5	3	218
,quick strip to wire connector without stripping wire	B08NX8TN8C	3	218
,quick strip to wire connector without stripping wire	B08CDT6QC5	3	218
,quick strip to wire connector without stripping wire	B0978P1FS9	3	218
,quick strip to wire connector without stripping wire	B08R67LNBP	3	218
,quick strip to wire connector without stripping wire	B08SBRQKBR	3	218
,quick strip to wire connector without stripping wire	B08R8VG5DR	3	218
,quick strip to wire connector without stripping wire	B08S7CCTDC	3	218
,quick strip to wire connector without stripping wire	B08ZXLBRMM	3	218
,quick strip to wire connector without stripping wire	B08ZY6C135	3	218
,quick strip to wire connector without stripping wire	B0928HCBPV	3	218
,quick strip to wire connector without stripping wire	B093SP68QL	3	218
,quick strip to wire connector without stripping wire	B0949BTQJ1	3	218
,quick strip to wire connector without stripping wire	B08B7QQ1YP	3	218
,quick strip to wire connector without stripping wire	B08R8N5L6Z	3	218
,quick strip to wire connector without stripping wire	B088RHHRVJ	3	218
,quick strip to wire connector without stripping wire	B07MXM1Z84	3	218
,quick strip to wire connector without stripping wire	B07Y35MGWB	3	218
,quick strip to wire connector without stripping wire	B081PVPZZM	3	218
,quick strip to wire connector without stripping wire	B000JNNWQ2	0	218
,quick strip to wire connector without stripping wire	B01MU7FKUK	3	218
,quick strip to wire connector without stripping wire	B01N1W04MT	3	218
,quick strip to wire connector without stripping wire	B01NAGA333	3	218
,quick strip to wire connector without stripping wire	B073RF2W57	3	218
,quick strip to wire connector without stripping wire	B073RMRCC3	3	218
,quick strip to wire connector without stripping wire	B077YB123S	3	218
,quick strip to wire connector without stripping wire	B072KRCJLD	3	218
,quick strip to wire connector without stripping wire	B07G97TGZK	3	218
,quick strip to wire connector without stripping wire	B07MLPBPW5	3	218
,quick strip to wire connector without stripping wire	B07MPP6JV1	3	218
,quick strip to wire connector without stripping wire	B07MXL34TG	3	218
,quick strip to wire connector without stripping wire	B07MXL3M4C	3	218
,quick strip to wire connector without stripping wire	B07NNNVSQT	3	218
,quick strip to wire connector without stripping wire	B07PNN2WDG	3	218
,quick strip to wire connector without stripping wire	B07CP987BN	3	218
,quick strip to wire connector without stripping wire	B07SPZ2HGT	0	218
,usical not necklae pendant	B07RLV6V1G	0	219
,usical not necklae pendant	B07RKPJRR9	2	219
,usical not necklae pendant	B07MZKQS5H	2	219
,usical not necklae pendant	B07PC36C8F	3	219
,usical not necklae pendant	B07N612S2D	2	219
,usical not necklae pendant	B07VWQ9H3K	2	219
,usical not necklae pendant	B07QTFTCV2	2	219
,usical not necklae pendant	B07XDK9X3Z	2	219
,usical not necklae pendant	B082YG66S6	2	219
,usical not necklae pendant	B07YDDV6W5	0	219
,usical not necklae pendant	B07YDM1N8K	2	219
,usical not necklae pendant	B0814YG15Z	0	219
,usical not necklae pendant	B0837LLNN5	3	219
,usical not necklae pendant	B083HFCWRZ	0	219
,usical not necklae pendant	B08HSGBJ7K	2	219
,usical not necklae pendant	B08JZ9RB9L	2	219
,usical not necklae pendant	B07MMTTSYZ	0	219
,usical not necklae pendant	B07YCMRXR7	2	219
,usical not necklae pendant	B07K1J2LG2	2	219
,usical not necklae pendant	B07HL7ZDTJ	3	219
,usical not necklae pendant	B00UY46JLQ	3	219
,usical not necklae pendant	B07FC64JF9	0	219
,usical not necklae pendant	B00XRDL5NS	2	219
,usical not necklae pendant	B010NX78XA	2	219
,usical not necklae pendant	B015GVGEOI	2	219
,usical not necklae pendant	B01CLBM5MG	2	219
,usical not necklae pendant	B01GAWEICW	2	219
,usical not necklae pendant	B01MSYXU3E	3	219
,usical not necklae pendant	B06WRPFTFH	3	219
,usical not necklae pendant	B06ZYHXXVF	2	219
,usical not necklae pendant	B01E3GJL8S	0	219
,usical not necklae pendant	B076G6D1C5	3	219
,usical not necklae pendant	B073NT71GQ	0	219
,usical not necklae pendant	B07CX3TM8Y	2	219
,usical not necklae pendant	B07BB2DH5B	2	219
,usical not necklae pendant	B079BP4XHV	2	219
,usical not necklae pendant	B07DPTCX6J	2	219
,usical not necklae pendant	B077SGNP2V	2	219
,usical not necklae pendant	B076J5SBR2	2	219
,usical not necklae pendant	B078SCH7SB	3	219
- item not packed in kit -	B091F1CRKT	0	220
- item not packed in kit -	B08QJ8SHGV	0	220
- item not packed in kit -	B08HXGZ7LV	0	220
- item not packed in kit -	B08HPJVLHV	0	220
- item not packed in kit -	B08914CRBT	0	220
- item not packed in kit -	B083LDTH1C	0	220
- item not packed in kit -	B07KLHLS2N	0	220
- item not packed in kit -	B0736D7LSP	3	220
- item not packed in kit -	B01N22CM3F	0	220
- item not packed in kit -	B00N1R5SLA	0	220
- item not packed in kit -	B07P829HVG	0	220
- im not myself these days josh kilmer-purcell	B017MY5R8G	0	221
- im not myself these days josh kilmer-purcell	B07S2Z9433	0	221
- im not myself these days josh kilmer-purcell	B07R8GD47V	0	221
- im not myself these days josh kilmer-purcell	B08FRPL9DV	0	221
- im not myself these days josh kilmer-purcell	B076FTC6FQ	0	221
- im not myself these days josh kilmer-purcell	B074Q3P1TD	0	221
- im not myself these days josh kilmer-purcell	B01HFFXLNA	3	221
- im not myself these days josh kilmer-purcell	B015G0F03U	3	221
- im not myself these days josh kilmer-purcell	B00NMFHWLK	3	221
- im not myself these days josh kilmer-purcell	B015G0DCFS	0	221
- im not myself these days josh kilmer-purcell	B012XYJAZ6	0	221
- im not myself these days josh kilmer-purcell	B00P1NBO9C	0	221
- im not myself these days josh kilmer-purcell	B00NMFM0MG	0	221
- im not myself these days josh kilmer-purcell	B00NMFDCOG	0	221
- im not myself these days josh kilmer-purcell	0060817321	3	221
- im not myself these days josh kilmer-purcell	B015G0EWLG	0	221
- dash air vent outlet assembly without air conditioning	B01LXSLF60	0	222
- dash air vent outlet assembly without air conditioning	B0714QP65Y	1	222
- dash air vent outlet assembly without air conditioning	B073LTSXR1	3	222
- dash air vent outlet assembly without air conditioning	B0792QR5YT	0	222
- dash air vent outlet assembly without air conditioning	B07LB1K7KG	3	222
- dash air vent outlet assembly without air conditioning	B07H8R7X2M	0	222
- dash air vent outlet assembly without air conditioning	B07JN2GNX2	3	222
- dash air vent outlet assembly without air conditioning	B07MCG3HFY	3	222
- dash air vent outlet assembly without air conditioning	B07Q4S8L41	0	222
- dash air vent outlet assembly without air conditioning	B01K5UY73A	0	222
- dash air vent outlet assembly without air conditioning	B07H2BMVT6	0	222
- dash air vent outlet assembly without air conditioning	B01K5UXZ8S	1	222
- dash air vent outlet assembly without air conditioning	B07CQ1HHDZ	3	222
- dash air vent outlet assembly without air conditioning	B01ID3JPAQ	3	222
- dash air vent outlet assembly without air conditioning	B01J6GO81A	0	222
- dash air vent outlet assembly without air conditioning	B000SDO140	0	222
- dash air vent outlet assembly without air conditioning	B003VZH2SY	0	222
- dash air vent outlet assembly without air conditioning	B00L3QU294	0	222
- dash air vent outlet assembly without air conditioning	B00LXT23R0	1	222
- dash air vent outlet assembly without air conditioning	B00GHR8QYM	3	222
- dash air vent outlet assembly without air conditioning	B00R8MQHW8	0	222
- dash air vent outlet assembly without air conditioning	B0195UJ3VM	1	222
- dash air vent outlet assembly without air conditioning	B01D8VMCW6	3	222
- dash air vent outlet assembly without air conditioning	B01ELBNCBM	0	222
- dash air vent outlet assembly without air conditioning	B00O94A5DA	0	222
- europe - good morning	B006WT14JY	3	223
- europe - good morning	B07V9YDLM2	2	223
- europe - good morning	B00P756F9I	3	223
- europe - good morning	B00BQECXA4	3	223
- europe - good morning	B009ZXENLA	3	223
- europe - good morning	B00653GZDM	2	223
- europe - good morning	B00BQECWS2	3	223
- europe - good morning	B002XB3VJG	0	223
- europe - good morning	B001K2074G	3	223
- europe - good morning	B000QSRO1Y	0	223
- europe - good morning	B000MTOUXW	3	223
- europe - good morning	0525428372	0	223
- europe - good morning	B003JHEUES	3	223
- hanging do not enter	B089PZ4TG8	2	224
- hanging do not enter	B095PBVVXV	3	224
- hanging do not enter	B08XBGGG1B	2	224
- hanging do not enter	B08R9XH6FM	3	224
- hanging do not enter	B08PVSXL7J	3	224
- hanging do not enter	B08LBG858P	2	224
- hanging do not enter	B08B13XXCY	2	224
- hanging do not enter	B087G5PQW9	3	224
- hanging do not enter	B01N2IGGYJ	2	224
- hanging do not enter	B07LCV9VFG	3	224
- hanging do not enter	B07HYC5YLZ	2	224
- hanging do not enter	B07H4WVB63	2	224
- hanging do not enter	B07BQWWYR6	2	224
- hanging do not enter	B0716YYVZM	3	224
- hanging do not enter	B01E0A8UIY	3	224
- hanging do not enter	B07ZV4NRLM	3	224
- hes just not that into you	B00PSO1NFE	2	225
- hes just not that into you	B089NBRCWF	3	225
- hes just not that into you	B07Y8SRNX5	0	225
- hes just not that into you	B07W57YBNC	2	225
- hes just not that into you	B06WWB8R82	3	225
- hes just not that into you	B01BWBNZGQ	0	225
- hes just not that into you	B017Y56S3G	0	225
- hes just not that into you	B004RYVI3I	3	225
- hes just not that into you	B003FODEDI	0	225
- hes just not that into you	B0035KL9KM	0	225
- hes just not that into you	B0024R1QU0	3	225
- hes just not that into you	B0024DF9MU	3	225
- hes just not that into you	B0006NH9BO	3	225
- hes just not that into you	9123983930	0	225
- hes just not that into you	1419871447	3	225
- hes just not that into you	1416909532	3	225
- horn button without tilt	B0991TKJLS	2	226
- horn button without tilt	B098XJHXY6	0	226
- horn button without tilt	B098XHX911	0	226
- horn button without tilt	B098T83J9Z	1	226
- horn button without tilt	B098T75CYM	0	226
- horn button without tilt	B098NMQZNP	0	226
- horn button without tilt	B098NLTWVB	0	226
- horn button without tilt	B0991SS2G6	3	226
- horn button without tilt	B08KT2HQ8C	2	226
- horn button without tilt	B07RX68J5B	0	226
- horn button without tilt	B0784TZQHK	2	226
- horn button without tilt	B01KN0D2E2	3	226
- horn button without tilt	B01B5CHVMG	3	226
- horn button without tilt	B01B5C5YY8	3	226
- horn button without tilt	B018G7G82C	3	226
- horn button without tilt	B092RPTH98	3	226
- if ever there is a tomorrow when we re not together	B088ZX41J1	3	227
- if ever there is a tomorrow when we re not together	B084L2F28F	3	227
- if ever there is a tomorrow when we re not together	B083QMQQ2V	0	227
- if ever there is a tomorrow when we re not together	B081CGTJB8	0	227
- if ever there is a tomorrow when we re not together	B081YNNGDH	2	227
- if ever there is a tomorrow when we re not together	B08BNJJ8QG	3	227
- if ever there is a tomorrow when we re not together	B07ZYS3PP1	2	227
- if ever there is a tomorrow when we re not together	B083QMJ3GB	2	227
- if ever there is a tomorrow when we re not together	B08F7D4SFG	0	227
- if ever there is a tomorrow when we re not together	B08MCZ3BVJ	0	227
- if ever there is a tomorrow when we re not together	B08H6NT451	0	227
- if ever there is a tomorrow when we re not together	B08MCYKQMG	3	227
- if ever there is a tomorrow when we re not together	B08P1WVJ3J	0	227
- if ever there is a tomorrow when we re not together	B08PB3XZLV	0	227
- if ever there is a tomorrow when we re not together	B08PNZCWFT	3	227
- if ever there is a tomorrow when we re not together	B08XXH4XTK	3	227
- if ever there is a tomorrow when we re not together	B08XXKWYVK	3	227
- if ever there is a tomorrow when we re not together	B07Z3KJ33Q	3	227
- if ever there is a tomorrow when we re not together	B08FD1FFX9	0	227
- if ever there is a tomorrow when we re not together	B07X9Z39B7	3	227
- if ever there is a tomorrow when we re not together	B0162QL1LM	3	227
- if ever there is a tomorrow when we re not together	B07RC791PR	0	227
- if ever there is a tomorrow when we re not together	B006QH2B9E	1	227
- if ever there is a tomorrow when we re not together	B00LT5O23Q	0	227
- if ever there is a tomorrow when we re not together	B00NMFM242	0	227
- if ever there is a tomorrow when we re not together	B016QVRI06	0	227
- if ever there is a tomorrow when we re not together	B01CRC52MO	0	227
- if ever there is a tomorrow when we re not together	B01JAIHILQ	3	227
- if ever there is a tomorrow when we re not together	B01M9DQYPZ	3	227
- if ever there is a tomorrow when we re not together	B0717B8F35	3	227
- if ever there is a tomorrow when we re not together	B017HOB0EQ	3	227
- if ever there is a tomorrow when we re not together	B078WZPYDV	0	227
- if ever there is a tomorrow when we re not together	B078RDNFSC	0	227
- if ever there is a tomorrow when we re not together	B07PNJS6VX	3	227
- if ever there is a tomorrow when we re not together	B07NV1Z9CG	0	227
- if ever there is a tomorrow when we re not together	B07QZ34SMV	0	227
- if ever there is a tomorrow when we re not together	B07JJFHRY8	3	227
- if ever there is a tomorrow when we re not together	B07D4LLMGL	0	227
- if ever there is a tomorrow when we re not together	B07KFMK986	3	227
- if ever there is a tomorrow when we re not together	B07TJWJYKL	3	227
- ignition lock cylinder without thumb wheel	B08DRMDSQ8	3	228
- ignition lock cylinder without thumb wheel	B01N0BQ2KU	3	228
- ignition lock cylinder without thumb wheel	B07YMXTRCW	3	228
- ignition lock cylinder without thumb wheel	B07CYQ8KD7	3	228
- ignition lock cylinder without thumb wheel	B07B6NNFG1	3	228
- ignition lock cylinder without thumb wheel	B074PL4B5C	3	228
- ignition lock cylinder without thumb wheel	B074DQSN83	3	228
- ignition lock cylinder without thumb wheel	B06XYDT8TY	0	228
- ignition lock cylinder without thumb wheel	B01M9B5POV	3	228
- ignition lock cylinder without thumb wheel	B00H7LPKKU	0	228
- ignition lock cylinder without thumb wheel	B00CMXF8VO	3	228
- ignition lock cylinder without thumb wheel	B00BITJ0VM	3	228
- ignition lock cylinder without thumb wheel	B007WAWREI	0	228
- ignition lock cylinder without thumb wheel	B000CSZJ38	0	228
- ignition lock cylinder without thumb wheel	B000C9P2SY	3	228
- ignition lock cylinder without thumb wheel	B01D8VL9FW	3	228
- its not you sara eckel	B01DLPUWL2	0	229
- its not you sara eckel	B07RVKSGGV	0	229
- its not you sara eckel	B07MKPMBCJ	0	229
- its not you sara eckel	B07GSGFBRN	0	229
- its not you sara eckel	B073R59XYF	0	229
- its not you sara eckel	B01ETMVQOI	0	229
- its not you sara eckel	B01ES349CY	0	229
- its not you sara eckel	B01DLPUWGW	0	229
- its not you sara eckel	B00R3FTN1M	0	229
- its not you sara eckel	B00OCEBMFM	0	229
- its not you sara eckel	B00MNV8E0C	0	229
- its not you sara eckel	B00LNCSUSI	0	229
- its not you sara eckel	B00DGZI9O0	3	229
- its not you sara eckel	B00CI05VFO	0	229
- its not you sara eckel	B00ARKS3XO	0	229
- its not you sara eckel	B002UXRXEG	0	229
- just a regular mom trying not to raise liberal	B0957RTRLR	3	230
- just a regular mom trying not to raise liberal	B095HQMXTG	3	230
- just a regular mom trying not to raise liberal	B095HVP7XJ	3	230
- just a regular mom trying not to raise liberal	B095JNQ7TB	3	230
- just a regular mom trying not to raise liberal	B095K97H1X	3	230
- just a regular mom trying not to raise liberal	B095KCYY7M	3	230
- just a regular mom trying not to raise liberal	B095MP2241	3	230
- just a regular mom trying not to raise liberal	B095V94VFX	3	230
- just a regular mom trying not to raise liberal	B095ZN1YQ8	3	230
- just a regular mom trying not to raise liberal	B096SSYFZV	3	230
- just a regular mom trying not to raise liberal	B096BWQFCC	3	230
- just a regular mom trying not to raise liberal	B09537C549	3	230
- just a regular mom trying not to raise liberal	B096YTS3P3	3	230
- just a regular mom trying not to raise liberal	B09721D136	3	230
- just a regular mom trying not to raise liberal	B0976P1S3Z	3	230
- just a regular mom trying not to raise liberal	B098DY7253	3	230
- just a regular mom trying not to raise liberal	B098P2X5RP	3	230
- just a regular mom trying not to raise liberal	B099NZ9TM9	3	230
- just a regular mom trying not to raise liberal	B09643B7PQ	3	230
- just a regular mom trying not to raise liberal	B094PHPK9Y	3	230
- just a regular mom trying not to raise liberal	B093W3B1F3	3	230
- just a regular mom trying not to raise liberal	B094FN7V3H	3	230
- just a regular mom trying not to raise liberal	B093CPYVQW	3	230
- just a regular mom trying not to raise liberal	B093G8HQJ1	3	230
- just a regular mom trying not to raise liberal	B093G99YMZ	3	230
- just a regular mom trying not to raise liberal	B093LVP1HH	3	230
- just a regular mom trying not to raise liberal	B093W2R2DG	3	230
- just a regular mom trying not to raise liberal	B094JXQ4JW	3	230
- just a regular mom trying not to raise liberal	B093YRQCW7	3	230
- just a regular mom trying not to raise liberal	B093YRQNNP	1	230
- just a regular mom trying not to raise liberal	B093X8GTSD	3	230
- just a regular mom trying not to raise liberal	B0941MG3D4	3	230
- just a regular mom trying not to raise liberal	B0944BW6LV	3	230
- just a regular mom trying not to raise liberal	B0946P2RC6	3	230
- just a regular mom trying not to raise liberal	B0946RGS7C	3	230
- just a regular mom trying not to raise liberal	B09474G5GN	3	230
- just a regular mom trying not to raise liberal	B0948WVX5D	3	230
- just a regular mom trying not to raise liberal	B094BS9XVL	3	230
- just a regular mom trying not to raise liberal	B094CYHNDH	3	230
- just a regular mom trying not to raise liberal	B093ZBYDDL	3	230
- love that too painful was not love	B07GSQQW2R	0	231
- love that too painful was not love	B08DXS31NS	0	231
- love that too painful was not love	B08XBW76FS	0	231
- love that too painful was not love	B084QHF8Q8	3	231
- love that too painful was not love	B07P92WZ9H	0	231
- love that too painful was not love	B07P5GM6DX	0	231
- love that too painful was not love	B0784MZQZ9	0	231
- love that too painful was not love	B088ZYNKX2	0	231
- love that too painful was not love	B019D7MQMK	0	231
- love that too painful was not love	B0161J28AI	0	231
- love that too painful was not love	B014JRVJFE	0	231
- love that too painful was not love	B00T0C9XRK	0	231
- love that too painful was not love	B00HYJR9YK	0	231
- love that too painful was not love	B00DI7U88G	0	231
- love that too painful was not love	B0026HDURA	0	231
- love that too painful was not love	B0716887QR	0	231
- mini display iphone to hdmi without bluetooth	B08XW1VLB5	1	232
- mini display iphone to hdmi without bluetooth	B08KDY783Z	3	232
- mini display iphone to hdmi without bluetooth	B085LB5Y8M	0	232
- mini display iphone to hdmi without bluetooth	B07Q4CGCHF	0	232
- mini display iphone to hdmi without bluetooth	B07PNP7GTF	3	232
- mini display iphone to hdmi without bluetooth	B07JW7GT7H	0	232
- mini display iphone to hdmi without bluetooth	B07FKR6KXF	0	232
- mini display iphone to hdmi without bluetooth	B089NHQZGD	0	232
- mini display iphone to hdmi without bluetooth	B01N6M2VN4	0	232
- mini display iphone to hdmi without bluetooth	B017Q8ZVWK	0	232
- mini display iphone to hdmi without bluetooth	B014I8SSD0	0	232
- mini display iphone to hdmi without bluetooth	B013PWQPFS	1	232
- mini display iphone to hdmi without bluetooth	B0134V3KIA	3	232
- mini display iphone to hdmi without bluetooth	B00NH13K8S	0	232
- mini display iphone to hdmi without bluetooth	B009WHV3BM	3	232
- mini display iphone to hdmi without bluetooth	B079QHML21	0	232
- power auto folding mirrors corner lights not painted	B079DNXTGQ	0	233
- power auto folding mirrors corner lights not painted	B08YYRVNSN	3	233
- power auto folding mirrors corner lights not painted	B07BVJJ1QJ	2	233
- power auto folding mirrors corner lights not painted	B07CMVZK7Y	0	233
- power auto folding mirrors corner lights not painted	B07DWFJ111	0	233
- power auto folding mirrors corner lights not painted	B07DXBGN8J	0	233
- power auto folding mirrors corner lights not painted	B07HMR4H8G	0	233
- power auto folding mirrors corner lights not painted	B07L8F4LNY	0	233
- power auto folding mirrors corner lights not painted	B07V9FV1CD	0	233
- power auto folding mirrors corner lights not painted	B07RL26WX3	0	233
- power auto folding mirrors corner lights not painted	B07T3T596J	0	233
- power auto folding mirrors corner lights not painted	B07VNVZ8G4	3	233
- power auto folding mirrors corner lights not painted	B082V1245P	3	233
- power auto folding mirrors corner lights not painted	B086MBPXWJ	0	233
- power auto folding mirrors corner lights not painted	B086XKGMQY	0	233
- power auto folding mirrors corner lights not painted	B08V4Z6NDD	0	233
- power auto folding mirrors corner lights not painted	B077FRZTN4	0	233
- power auto folding mirrors corner lights not painted	B07Q572QBK	1	233
- power auto folding mirrors corner lights not painted	B076ZRFVR7	0	233
- power auto folding mirrors corner lights not painted	B07BMYL5LB	0	233
- power auto folding mirrors corner lights not painted	B06WRNPKYP	0	233
- power auto folding mirrors corner lights not painted	B0007852X0	0	233
- power auto folding mirrors corner lights not painted	B000CMF33U	0	233
- power auto folding mirrors corner lights not painted	B000GTR0GM	3	233
- power auto folding mirrors corner lights not painted	B001ABPKUS	0	233
- power auto folding mirrors corner lights not painted	B001HBY8YK	3	233
- power auto folding mirrors corner lights not painted	B002FTOFVY	0	233
- power auto folding mirrors corner lights not painted	B002VM9KK6	0	233
- power auto folding mirrors corner lights not painted	B071NGCBSN	2	233
- power auto folding mirrors corner lights not painted	B004Z9ZMC8	0	233
- power auto folding mirrors corner lights not painted	B0038B9FBI	3	233
- power auto folding mirrors corner lights not painted	B00902FV5I	0	233
- power auto folding mirrors corner lights not painted	B00L81AGVI	0	233
- power auto folding mirrors corner lights not painted	B00PNI01V2	0	233
- power auto folding mirrors corner lights not painted	B011CR7S1S	0	233
- power auto folding mirrors corner lights not painted	B011TX1ABO	0	233
- power auto folding mirrors corner lights not painted	B01K1VB600	3	233
- power auto folding mirrors corner lights not painted	B01K58KK4W	0	233
- power auto folding mirrors corner lights not painted	B01N786HZ6	3	233
- power auto folding mirrors corner lights not painted	B008Z679F0	0	233
- the life changing magic of not giving a fuck	B088B6H3PR	2	234
- the life changing magic of not giving a fuck	B07TKF982T	2	234
- the life changing magic of not giving a fuck	B07Q8JDQ8P	0	234
- the life changing magic of not giving a fuck	B07MJHJ57T	3	234
- the life changing magic of not giving a fuck	B06XRL84QF	0	234
- the life changing magic of not giving a fuck	B01N3OQGRT	3	234
- the life changing magic of not giving a fuck	178504284X	0	234
- the life changing magic of not giving a fuck	B01MQSTE2O	0	234
- the life changing magic of not giving a fuck	1728206545	2	234
- the life changing magic of not giving a fuck	1473668948	2	234
- the life changing magic of not giving a fuck	0316558923	2	234
- the life changing magic of not giving a fuck	031652915X	2	234
- the life changing magic of not giving a fuck	0316270725	3	234
- the life changing magic of not giving a fuck	0241400430	2	234
- the life changing magic of not giving a fuck	024137183X	2	234
- the life changing magic of not giving a fuck	1784298468	3	234
- w nest cam iq outdoor security camera without the magnet	B07GTPFFWB	2	235
- w nest cam iq outdoor security camera without the magnet	B07W6PXRR8	2	235
- w nest cam iq outdoor security camera without the magnet	B08SQGZZMJ	3	235
- w nest cam iq outdoor security camera without the magnet	B07PM2NBGT	1	235
- w nest cam iq outdoor security camera without the magnet	B07MHM6GJ3	3	235
- w nest cam iq outdoor security camera without the magnet	B07GXW7KR6	2	235
- w nest cam iq outdoor security camera without the magnet	B07GBV9WG9	2	235
- w nest cam iq outdoor security camera without the magnet	B07R5YH7YN	2	235
- w nest cam iq outdoor security camera without the magnet	B07GB2T125	2	235
- w nest cam iq outdoor security camera without the magnet	B07FSQ54SY	1	235
- w nest cam iq outdoor security camera without the magnet	B076VDKKQZ	3	235
- w nest cam iq outdoor security camera without the magnet	B071FLW3SS	1	235
- w nest cam iq outdoor security camera without the magnet	B01MA3RYJ9	2	235
- w nest cam iq outdoor security camera without the magnet	B00XV1RD0K	0	235
- w nest cam iq outdoor security camera without the magnet	B00WBJGUA2	0	235
- w nest cam iq outdoor security camera without the magnet	B07GBRV8W5	2	235
- wash non-chlorine bleach. tumble dry low. do not iron.	B088KDPZ82	0	236
- wash non-chlorine bleach. tumble dry low. do not iron.	B08BL6ZHJ5	0	236
- wash non-chlorine bleach. tumble dry low. do not iron.	B08CF2SDVS	0	236
- wash non-chlorine bleach. tumble dry low. do not iron.	B08JCJ7LD6	0	236
- wash non-chlorine bleach. tumble dry low. do not iron.	B08K8NRTK3	0	236
- wash non-chlorine bleach. tumble dry low. do not iron.	B08WDY8S1B	0	236
- wash non-chlorine bleach. tumble dry low. do not iron.	B08QRB8QWW	0	236
- wash non-chlorine bleach. tumble dry low. do not iron.	B08RJ3SDK1	0	236
- wash non-chlorine bleach. tumble dry low. do not iron.	B088BPPLP6	0	236
- wash non-chlorine bleach. tumble dry low. do not iron.	B08WN78VLJ	0	236
- wash non-chlorine bleach. tumble dry low. do not iron.	B08ZYCWSSN	0	236
- wash non-chlorine bleach. tumble dry low. do not iron.	B08M5NTL8D	0	236
- wash non-chlorine bleach. tumble dry low. do not iron.	B07TVRNR7N	0	236
- wash non-chlorine bleach. tumble dry low. do not iron.	B07PPXTFYB	1	236
- wash non-chlorine bleach. tumble dry low. do not iron.	B00BTMDALO	0	236
- wash non-chlorine bleach. tumble dry low. do not iron.	B071L1XBKC	3	236
- wash non-chlorine bleach. tumble dry low. do not iron.	B06Y2RZRNG	0	236
- wash non-chlorine bleach. tumble dry low. do not iron.	B01EC0FDMI	0	236
- wash non-chlorine bleach. tumble dry low. do not iron.	B01787L9UW	0	236
- wash non-chlorine bleach. tumble dry low. do not iron.	B00WLWMM06	0	236
- wash non-chlorine bleach. tumble dry low. do not iron.	B00MUYAHPW	0	236
- wash non-chlorine bleach. tumble dry low. do not iron.	B00M0QFMSW	3	236
- wash non-chlorine bleach. tumble dry low. do not iron.	B00F5MCL14	0	236
- wash non-chlorine bleach. tumble dry low. do not iron.	B07TQ9GXJW	0	236
- wash non-chlorine bleach. tumble dry low. do not iron.	B00BGNLRS4	0	236
- wash non-chlorine bleach. tumble dry low. do not iron.	B004QGY8R0	3	236
- wash non-chlorine bleach. tumble dry low. do not iron.	B000LS2HEI	0	236
- we are not such things	1544341156	0	237
- we are not such things	1736413902	0	237
- we are not such things	1543971679	0	237
- we are not such things	B08WRDMYTH	2	237
- we are not such things	B09513C138	0	237
- we are not such things	B072J1Y6X7	0	237
- we are not such things	1542044286	0	237
- we are not such things	B07RV4NJ2H	0	237
- we are not such things	0812994507	3	237
- we are not such things	0060740310	0	237
- we are not such things	0385741278	0	237
- we are not such things	0399167897	0	237
- we are not such things	1423133080	3	237
- we are not such things	0762447699	0	237
- we are not such things	080705142X	0	237
- we are not such things	0735218439	0	237
- what i have ordered not what i can order	B01MF9DOWS	0	238
- what i have ordered not what i can order	B07HCNM7KQ	0	238
- what i have ordered not what i can order	B07CGB5QTX	3	238
- what i have ordered not what i can order	B06WRS71N8	0	238
- what i have ordered not what i can order	B00VPVEVSK	3	238
- what i have ordered not what i can order	B00DJUK8HS	0	238
- what i have ordered not what i can order	B006CSPZK4	0	238
- what i have ordered not what i can order	B004LO2AIG	0	238
- what i have ordered not what i can order	B000EJZH8W	3	238
- what i have ordered not what i can order	0310094348	0	238
- what i have ordered not what i can order	B00GNI0DNM	2	238
- wired headsets without mic	B08G84VLJY	0	239
- wired headsets without mic	B09674F2X6	2	239
- wired headsets without mic	B0964TRBDF	2	239
- wired headsets without mic	B09217JC4W	2	239
- wired headsets without mic	B08ZDHGLS4	3	239
- wired headsets without mic	B08L7ZH5BZ	2	239
- wired headsets without mic	B098DZKN9K	3	239
- wired headsets without mic	B089K72JNW	2	239
- wired headsets without mic	B07QV5HF58	0	239
- wired headsets without mic	B07Q8G7K48	2	239
- wired headsets without mic	B07MH24J4B	2	239
- wired headsets without mic	B07KXMMXKP	0	239
- wired headsets without mic	B07HHSSMHP	0	239
- wired headsets without mic	B07DDHT27D	2	239
- wired headsets without mic	B00J0NKZBC	3	239
- wired headsets without mic	B087J7PR83	2	239
- wood hanging do not enter	B089331Q1J	0	240
- wood hanging do not enter	B0866CMG2N	2	240
- wood hanging do not enter	B085XNJ4Q4	0	240
- wood hanging do not enter	B07V3TLWTD	2	240
- wood hanging do not enter	B081S65PT4	2	240
- wood hanging do not enter	B08FTHY89G	2	240
- wood hanging do not enter	B07V2PN3P6	2	240
- wood hanging do not enter	B085Q7NGFZ	2	240
- wood hanging do not enter	B08JTVF1DH	2	240
- wood hanging do not enter	B08R8PWMPT	3	240
- wood hanging do not enter	B08PVSXL7J	2	240
- wood hanging do not enter	B08Q3HS6B6	3	240
- wood hanging do not enter	B08RN6Z83C	2	240
- wood hanging do not enter	B08XBGGG1B	2	240
- wood hanging do not enter	B08YCX1ND3	2	240
- wood hanging do not enter	B08ZNQKL5C	0	240
- wood hanging do not enter	B091Z4NYMD	3	240
- wood hanging do not enter	B07T6HVTHY	2	240
- wood hanging do not enter	B08KSDYKZR	0	240
- wood hanging do not enter	B07SZFFWJ6	2	240
- wood hanging do not enter	B07DQCQXGF	0	240
- wood hanging do not enter	B07RKN6KXL	2	240
- wood hanging do not enter	B01MXQC15C	2	240
- wood hanging do not enter	B0716YYVZM	3	240
- wood hanging do not enter	B074M412P1	0	240
- wood hanging do not enter	B075CZQ1WS	2	240
- wood hanging do not enter	B07BQWWYR6	3	240
- wood hanging do not enter	B07CGLL75F	3	240
- wood hanging do not enter	B07D76JV3V	2	240
- wood hanging do not enter	B07DD28F84	0	240
- wood hanging do not enter	B0185VAKK0	2	240
- wood hanging do not enter	B07DQGT8VD	2	240
- wood hanging do not enter	B07QM4CTSG	0	240
- wood hanging do not enter	B07P5Q43C3	0	240
- wood hanging do not enter	B07JVK8M22	2	240
- wood hanging do not enter	B07SW2TCTF	2	240
- wood hanging do not enter	B07FDG6JCL	2	240
- wood hanging do not enter	B07FD5KHKN	2	240
- wood hanging do not enter	B07F8XY4LZ	3	240
- wood hanging do not enter	B07FDH6JFX	2	240
- y not narural organic pharm oure enu oil	B01K8FBV3Q	2	241
- y not narural organic pharm oure enu oil	B01LY4KSCR	3	241
- y not narural organic pharm oure enu oil	B01M7PHG2R	0	241
- y not narural organic pharm oure enu oil	B01N3340K7	2	241
- y not narural organic pharm oure enu oil	B06XB3CSXG	0	241
- y not narural organic pharm oure enu oil	B06Y2J5QH3	2	241
- y not narural organic pharm oure enu oil	B072YG3FHC	2	241
- y not narural organic pharm oure enu oil	B073RN4CYS	2	241
- y not narural organic pharm oure enu oil	B078SFSH3Q	0	241
- y not narural organic pharm oure enu oil	B078Z2KPT5	2	241
- y not narural organic pharm oure enu oil	B07WQBC91V	0	241
- y not narural organic pharm oure enu oil	B07BHRRZVL	0	241
- y not narural organic pharm oure enu oil	B07GPZYQFT	2	241
- y not narural organic pharm oure enu oil	B07HFFMY2X	2	241
- y not narural organic pharm oure enu oil	B07HQ4Q4GY	0	241
- y not narural organic pharm oure enu oil	B01IB3PKES	2	241
- y not narural organic pharm oure enu oil	B074J7TPCM	0	241
- y not narural organic pharm oure enu oil	B079STF381	3	241
- y not narural organic pharm oure enu oil	B01I7BJD9C	0	241
- y not narural organic pharm oure enu oil	B0187JTHFO	0	241
- y not narural organic pharm oure enu oil	B01GUK7NVW	2	241
- y not narural organic pharm oure enu oil	B000Q48DCW	0	241
- y not narural organic pharm oure enu oil	B000S85GQC	0	241
- y not narural organic pharm oure enu oil	B0016B5NLS	3	241
- y not narural organic pharm oure enu oil	B0026X5KCW	3	241
- y not narural organic pharm oure enu oil	B00390MLIW	0	241
- y not narural organic pharm oure enu oil	B006M1ITU4	2	241
- y not narural organic pharm oure enu oil	B00B4YVU4G	0	241
- y not narural organic pharm oure enu oil	B001MWV40U	3	241
- y not narural organic pharm oure enu oil	B00FK05IQG	3	241
- y not narural organic pharm oure enu oil	B00C6QTSJA	3	241
- y not narural organic pharm oure enu oil	B00WEBVM5U	3	241
- y not narural organic pharm oure enu oil	B00STVN68K	2	241
- y not narural organic pharm oure enu oil	B0186U9736	0	241
- y not narural organic pharm oure enu oil	B00PMR3QF2	0	241
- y not narural organic pharm oure enu oil	B00JHTUE3I	2	241
- y not narural organic pharm oure enu oil	B00QR7FTLU	2	241
-1 3 4 center pop up drain without overflow	B07V1HKVNG	2	242
-1 3 4 center pop up drain without overflow	B07TP9FB7W	3	242
-1 3 4 center pop up drain without overflow	B07QX4Z59G	3	242
-1 3 4 center pop up drain without overflow	B07RXP7FXN	2	242
-1 3 4 center pop up drain without overflow	B07RKT28ND	3	242
-1 3 4 center pop up drain without overflow	B07V5VTZSS	3	242
-1 3 4 center pop up drain without overflow	B07T8HSH25	3	242
-1 3 4 center pop up drain without overflow	B081CCZ9LC	2	242
-1 3 4 center pop up drain without overflow	B08JK7W9QL	3	242
-1 3 4 center pop up drain without overflow	B08BCK2XP9	3	242
-1 3 4 center pop up drain without overflow	B08C26VB9M	3	242
-1 3 4 center pop up drain without overflow	B08HS9JCH4	2	242
-1 3 4 center pop up drain without overflow	B08K6V36T7	0	242
-1 3 4 center pop up drain without overflow	B08K7MSY4Y	3	242
-1 3 4 center pop up drain without overflow	B08N4N1H2D	0	242
-1 3 4 center pop up drain without overflow	B08PQLMBFZ	3	242
-1 3 4 center pop up drain without overflow	B07Q7V81L4	3	242
-1 3 4 center pop up drain without overflow	B089R85GPH	3	242
-1 3 4 center pop up drain without overflow	B07MNLSZ5N	3	242
-1 3 4 center pop up drain without overflow	B07RDHNDY1	2	242
-1 3 4 center pop up drain without overflow	B07F18TQKC	2	242
-1 3 4 center pop up drain without overflow	B07KGW68D1	0	242
-1 3 4 center pop up drain without overflow	B000ANH40Q	3	242
-1 3 4 center pop up drain without overflow	B0027WANOC	0	242
-1 3 4 center pop up drain without overflow	B002X3YQNE	3	242
-1 3 4 center pop up drain without overflow	B0042UD9DY	2	242
-1 3 4 center pop up drain without overflow	B00G0OP4D8	3	242
-1 3 4 center pop up drain without overflow	B00KCGPL56	3	242
-1 3 4 center pop up drain without overflow	B00XBCJOMO	2	242
-1 3 4 center pop up drain without overflow	B01A80Z5ZQ	0	242
-1 3 4 center pop up drain without overflow	B00VWIQVUW	3	242
-1 3 4 center pop up drain without overflow	B01KV1N2X4	0	242
-1 3 4 center pop up drain without overflow	B07F13Y42Z	3	242
-1 3 4 center pop up drain without overflow	B01CNNH47I	3	242
-1 3 4 center pop up drain without overflow	B0781XJDLF	2	242
-1 3 4 center pop up drain without overflow	B06XY2HPQY	2	242
-1 3 4 center pop up drain without overflow	B0798LCQSN	3	242
-1 3 4 center pop up drain without overflow	B06XGXSRXL	2	242
-1 3 4 center pop up drain without overflow	B01NCV8ITS	2	242
-1 3 4 center pop up drain without overflow	B06XQKHWGV	2	242
-10an with 1 8 not hole	B0967D948H	3	243
-10an with 1 8 not hole	B08MVNLJT8	0	243
-10an with 1 8 not hole	B093QP4YXL	0	243
-10an with 1 8 not hole	B092HG1MRL	0	243
-10an with 1 8 not hole	B092H1PLRW	0	243
-10an with 1 8 not hole	B08ZN97V2C	0	243
-10an with 1 8 not hole	B08YYSML6P	0	243
-10an with 1 8 not hole	B08MF87W2S	3	243
-10an with 1 8 not hole	B07KTRW4KJ	0	243
-10an with 1 8 not hole	B089ZZPXLQ	0	243
-10an with 1 8 not hole	B07ZVHXFMX	0	243
-10an with 1 8 not hole	B07ZCTWD47	3	243
-10an with 1 8 not hole	B073R7GG98	0	243
-10an with 1 8 not hole	B0723HJ9KX	0	243
-10an with 1 8 not hole	B0716WMDM4	2	243
-10an with 1 8 not hole	B08JG4D8ZQ	0	243
-18 x do not watch	B092Q8GVLX	0	244
-18 x do not watch	B093D8MB4X	0	244
-18 x do not watch	B094D9RZVX	0	244
-18 x do not watch	B094DG2VWL	0	244
-18 x do not watch	B096PFHGP4	0	244
-18 x do not watch	B0953Q7V12	0	244
-18 x do not watch	B095P35P41	0	244
-18 x do not watch	B096TPSHBL	0	244
-18 x do not watch	B091Z622NW	0	244
-18 x do not watch	B097JWVYML	0	244
-18 x do not watch	B084CQSL3Q	0	244
-18 x do not watch	B00D8P5T0U	0	244
-18 x do not watch	B07KKXQNMY	0	244
-18 x do not watch	B07YVYZ8T5	3	244
-18 x do not watch	B00224BE8O	0	244
-18 x do not watch	B0096E5NN0	0	244
-18 x do not watch	B00D3R682Q	0	244
-18 x do not watch	B0001FTVEK	0	244
-18 x do not watch	B010PEM0GC	0	244
-18 x do not watch	B07GMCBQD1	0	244
-18 x do not watch	B07GN2H8X6	0	244
-18 x do not watch	B00SLUI5SA	0	244
-3.50 not reading glasses	B08QMX14GV	0	245
-3.50 not reading glasses	B086XH9Y6Y	0	245
-3.50 not reading glasses	B086YSRM5L	0	245
-3.50 not reading glasses	B089Q9DR73	0	245
-3.50 not reading glasses	B08FF44MHG	0	245
-3.50 not reading glasses	B08LGS1HFL	0	245
-3.50 not reading glasses	B08PNZXYM6	0	245
-3.50 not reading glasses	B08QZDJYXS	0	245
-3.50 not reading glasses	B08XQ11R3R	2	245
-3.50 not reading glasses	B08TBTXLWV	0	245
-3.50 not reading glasses	B08TWJZM62	3	245
-3.50 not reading glasses	B08549SV4T	0	245
-3.50 not reading glasses	B091GP19ZJ	0	245
-3.50 not reading glasses	B092RWK35M	0	245
-3.50 not reading glasses	B0932NG7FH	0	245
-3.50 not reading glasses	B095HL5QCT	0	245
-3.50 not reading glasses	B095W8V381	0	245
-3.50 not reading glasses	B08T1TY4CR	0	245
-3.50 not reading glasses	B07YBHGT31	0	245
-3.50 not reading glasses	B08H5WJPZD	0	245
-3.50 not reading glasses	B07VJK8SC1	0	245
-3.50 not reading glasses	B07Y2DGW7N	0	245
-3.50 not reading glasses	B00NP4CQE6	3	245
-3.50 not reading glasses	B00NP4CX8K	0	245
-3.50 not reading glasses	B00NUG516Y	2	245
-3.50 not reading glasses	B00P1IGXSY	2	245
-3.50 not reading glasses	B00TLYRH84	0	245
-3.50 not reading glasses	B019WTPQLM	0	245
-3.50 not reading glasses	B01MXF4QXP	1	245
-3.50 not reading glasses	B01MYM6Q7U	0	245
-3.50 not reading glasses	B01030C6U8	0	245
-3.50 not reading glasses	B07DX6P4KZ	3	245
-3.50 not reading glasses	B07F2FB8GJ	2	245
-3.50 not reading glasses	B07FFW4PX2	3	245
-3.50 not reading glasses	B07FGWMTHX	0	245
-3.50 not reading glasses	B07GGDD5P5	0	245
-3.50 not reading glasses	B07GPZ92BV	2	245
-3.50 not reading glasses	B07HK96YD4	0	245
-3.50 not reading glasses	B071YL73PW	0	245
-3.50 not reading glasses	B07KFL9QJ1	3	245
-6 an male to 3 8 not adapter	B08QFV98CV	0	246
-6 an male to 3 8 not adapter	B08R79S6QM	0	246
-6 an male to 3 8 not adapter	B08VNRJ9KP	0	246
-6 an male to 3 8 not adapter	B095PQNSSK	3	246
-6 an male to 3 8 not adapter	B08ZDK48VJ	0	246
-6 an male to 3 8 not adapter	B08PYZZ54V	0	246
-6 an male to 3 8 not adapter	B08YP9VKHZ	0	246
-6 an male to 3 8 not adapter	B08M8P9TRF	0	246
-6 an male to 3 8 not adapter	B001P2CKVY	3	246
-6 an male to 3 8 not adapter	B07MKG12K1	3	246
-6 an male to 3 8 not adapter	B07CGVBZGL	0	246
-6 an male to 3 8 not adapter	B07BSL5ZWR	0	246
-6 an male to 3 8 not adapter	B07BDL12J1	3	246
-6 an male to 3 8 not adapter	B079TJKTXS	3	246
-6 an male to 3 8 not adapter	B000CPIK5U	3	246
-6 an male to 3 8 not adapter	B07TWG7CLN	3	246
-7 refrigerator without freezer	B07S2RBCT5	2	247
-7 refrigerator without freezer	B0934X634K	3	247
-7 refrigerator without freezer	B09B26X41Q	3	247
-7 refrigerator without freezer	B08GFGBPDK	2	247
-7 refrigerator without freezer	B08DJ2W7SC	3	247
-7 refrigerator without freezer	B08D3THHG8	2	247
-7 refrigerator without freezer	B07K9G8QZ3	3	247
-7 refrigerator without freezer	B08LYVG2N3	3	247
-7 refrigerator without freezer	B01DZQI700	2	247
-7 refrigerator without freezer	B019RF0FV2	0	247
-7 refrigerator without freezer	B00P7QI4IM	3	247
-7 refrigerator without freezer	B00MWXSFM8	2	247
-7 refrigerator without freezer	B00MVVI1FC	3	247
-7 refrigerator without freezer	B00IR8H55A	0	247
-7 refrigerator without freezer	B07DC5H7F1	3	247
-a house is not a home without a dog shirt	B07H8581RX	3	248
-a house is not a home without a dog shirt	B07JCQ8GQJ	0	248
-a house is not a home without a dog shirt	B07KPGW1VD	0	248
-a house is not a home without a dog shirt	B07MZ45CVP	0	248
-a house is not a home without a dog shirt	B07RW2CR8F	0	248
-a house is not a home without a dog shirt	B07S2Z9433	2	248
-a house is not a home without a dog shirt	B07VVMBPJX	0	248
-a house is not a home without a dog shirt	B07WVFF55M	0	248
-a house is not a home without a dog shirt	B08616LGD5	0	248
-a house is not a home without a dog shirt	B07YFGN1S4	0	248
-a house is not a home without a dog shirt	B07ZYPY68R	2	248
-a house is not a home without a dog shirt	B07GF3R12L	3	248
-a house is not a home without a dog shirt	B08CPQVPD8	3	248
-a house is not a home without a dog shirt	B08QRN1LN9	0	248
-a house is not a home without a dog shirt	B08VWHV622	0	248
-a house is not a home without a dog shirt	B096PPP7KH	2	248
-a house is not a home without a dog shirt	B096SG8XFG	3	248
-a house is not a home without a dog shirt	B07Y67KGPG	0	248
-a house is not a home without a dog shirt	B07G2BMV89	0	248
-a house is not a home without a dog shirt	B07P1338YB	0	248
-a house is not a home without a dog shirt	B075ZJNQGT	3	248
-a house is not a home without a dog shirt	B07937FP47	0	248
-a house is not a home without a dog shirt	B00738UTS0	0	248
-a house is not a home without a dog shirt	B00BC9PTYK	0	248
-a house is not a home without a dog shirt	B00CKFL93K	0	248
-a house is not a home without a dog shirt	B00IP68NVO	1	248
-a house is not a home without a dog shirt	B00NZCJ65K	0	248
-a house is not a home without a dog shirt	B00VGR4VW4	0	248
-a house is not a home without a dog shirt	B015G0EWLG	0	248
-a house is not a home without a dog shirt	B015XMKZWW	0	248
-a house is not a home without a dog shirt	B0068R86W8	0	248
-a house is not a home without a dog shirt	B01G98Y1BA	0	248
-a house is not a home without a dog shirt	B06XXGWFR3	0	248
-a house is not a home without a dog shirt	B071FC2LH1	0	248
-a house is not a home without a dog shirt	B071G5BSZV	1	248
-a house is not a home without a dog shirt	B074KMKB6D	0	248
-a house is not a home without a dog shirt	B0758YVFG8	2	248
-a house is not a home without a dog shirt	B075C8YH7K	0	248
-a house is not a home without a dog shirt	B01987CT1I	0	248
-headphones without mic	B07HHSSMHP	2	249
-headphones without mic	B08DNHYQTL	3	249
-headphones without mic	B084V2X7LV	3	249
-headphones without mic	B082KGKTP2	2	249
-headphones without mic	B07Y7GVLH6	2	249
-headphones without mic	B07KXMMXKP	2	249
-headphones without mic	B07KQS84WH	2	249
-headphones without mic	B07G748HKJ	2	249
-headphones without mic	B01N6ZJH96	3	249
-headphones without mic	B00S2P0M1C	3	249
-headphones without mic	B00P89DXYI	3	249
-headphones without mic	B00NJ2M33I	3	249
-headphones without mic	B00J0NKZBC	3	249
-headphones without mic	B00HVLUR18	3	249
-headphones without mic	B00B1N06PO	3	249
-headphones without mic	B003ELYQJI	3	249
-i am not responsible for what my face does	B07HG68FZV	2	250
-i am not responsible for what my face does	B07S2Z9433	0	250
-i am not responsible for what my face does	B07T8M7BLW	3	250
-i am not responsible for what my face does	B07TF1QMDP	3	250
-i am not responsible for what my face does	B07TF1S6V8	3	250
-i am not responsible for what my face does	B07V88LQRY	3	250
-i am not responsible for what my face does	B08SVTTCPD	3	250
-i am not responsible for what my face does	B07V8JJH2C	3	250
-i am not responsible for what my face does	B07VJ6J942	3	250
-i am not responsible for what my face does	B07ZBY71P5	3	250
-i am not responsible for what my face does	B07VYP1LGS	0	250
-i am not responsible for what my face does	B07G7YDYH1	2	250
-i am not responsible for what my face does	B082XBSQSK	3	250
-i am not responsible for what my face does	B08313855T	2	250
-i am not responsible for what my face does	B083V52TK5	3	250
-i am not responsible for what my face does	B08CY2CC15	3	250
-i am not responsible for what my face does	B08L4T28QY	3	250
-i am not responsible for what my face does	B08M3CZLWF	3	250
-i am not responsible for what my face does	B07VMNV6Q2	3	250
-i am not responsible for what my face does	B07G2KFDDS	3	250
-i am not responsible for what my face does	B015G0DCFS	2	250
-i am not responsible for what my face does	B07CYVVWHM	0	250
-i am not responsible for what my face does	B07DD45P8C	3	250
-i am not responsible for what my face does	B000G1JX7E	0	250
-i am not responsible for what my face does	B007O2JNCS	3	250
-i am not responsible for what my face does	B00C8SKG5G	0	250
-i am not responsible for what my face does	B00N44E4F6	0	250
-i am not responsible for what my face does	B00NMFQR5C	2	250
-i am not responsible for what my face does	B00O83VIGA	0	250
-i am not responsible for what my face does	B00WAPCEKM	0	250
-i am not responsible for what my face does	B00NMFE0BK	2	250
-i am not responsible for what my face does	B012XY85XO	0	250
-i am not responsible for what my face does	B010TVM42G	2	250
-i am not responsible for what my face does	B077SBQMGN	3	250
-i am not responsible for what my face does	B0758YVFG8	0	250
-i am not responsible for what my face does	B071924PXL	0	250
-i am not responsible for what my face does	B07BTSGQQG	0	250
-i am not responsible for what my face does	B015G0F03U	0	250
-i am not responsible for what my face does	B0155K16A2	0	250
-i am not responsible for what my face does	B01HFFXLNA	0	250
-it s not love i m drunk tshirt	B07RZTPW16	3	251
-it s not love i m drunk tshirt	B079LZK6KM	3	251
-it s not love i m drunk tshirt	B07B1RDWC7	2	251
-it s not love i m drunk tshirt	B07N3FWVP4	2	251
-it s not love i m drunk tshirt	B07NQLN4DG	0	251
-it s not love i m drunk tshirt	B07PFY6GNJ	0	251
-it s not love i m drunk tshirt	B07PMCWVHY	2	251
-it s not love i m drunk tshirt	B07S2Z9433	2	251
-it s not love i m drunk tshirt	B076FTC6FQ	2	251
-it s not love i m drunk tshirt	B07V7B7PSG	2	251
-it s not love i m drunk tshirt	B07VJGVQL3	0	251
-it s not love i m drunk tshirt	B07WQR45JT	2	251
-it s not love i m drunk tshirt	B07ZJNHXD4	2	251
-it s not love i m drunk tshirt	B0844ZQP7F	3	251
-it s not love i m drunk tshirt	B08FRPL9DV	2	251
-it s not love i m drunk tshirt	B08KS7ZTQG	2	251
-it s not love i m drunk tshirt	B09259GXRX	2	251
-it s not love i m drunk tshirt	B07TZTGCLB	0	251
-it s not love i m drunk tshirt	B075X2JJNT	0	251
-it s not love i m drunk tshirt	B07D2FKYHN	2	251
-it s not love i m drunk tshirt	B01JHDAYNS	2	251
-it s not love i m drunk tshirt	B00NMFE0BK	2	251
-it s not love i m drunk tshirt	B00NMFNKIY	2	251
-it s not love i m drunk tshirt	B00NMFY7KE	2	251
-it s not love i m drunk tshirt	B00OSRS4PY	2	251
-it s not love i m drunk tshirt	B00PD5W64A	2	251
-it s not love i m drunk tshirt	B00SNNF9EI	2	251
-it s not love i m drunk tshirt	B00SNNFGGY	2	251
-it s not love i m drunk tshirt	B00XD06M6K	0	251
-it s not love i m drunk tshirt	B012XYPNZ2	2	251
-it s not love i m drunk tshirt	B00MH9ZN2M	3	251
-it s not love i m drunk tshirt	B015G0DCFS	2	251
-it s not love i m drunk tshirt	B015G0EWLG	2	251
-it s not love i m drunk tshirt	B015G0F03U	0	251
-it s not love i m drunk tshirt	B015G0NUU0	0	251
-it s not love i m drunk tshirt	B0758YVFG8	2	251
-it s not love i m drunk tshirt	B017MY5R8G	3	251
-it s not love i m drunk tshirt	B01G2RAE3M	2	251
-it s not love i m drunk tshirt	B01HFFXLNA	2	251
-it s not love i m drunk tshirt	B0155K16A2	2	251
-lazy oaf not for your team sweatshirt in a men s size	B07PZ76QTR	0	252
-lazy oaf not for your team sweatshirt in a men s size	B07LCKWM8X	0	252
-lazy oaf not for your team sweatshirt in a men s size	B07L4LNXWW	2	252
-lazy oaf not for your team sweatshirt in a men s size	B07JG5RPYK	2	252
-lazy oaf not for your team sweatshirt in a men s size	B07KVT35J4	0	252
-lazy oaf not for your team sweatshirt in a men s size	B07JXJTD8P	2	252
-lazy oaf not for your team sweatshirt in a men s size	B07Q19QY3T	3	252
-lazy oaf not for your team sweatshirt in a men s size	B07KWFJSZ9	2	252
-lazy oaf not for your team sweatshirt in a men s size	B07Q2G7THY	2	252
-lazy oaf not for your team sweatshirt in a men s size	B086QD6M89	0	252
-lazy oaf not for your team sweatshirt in a men s size	B08526NF3Q	3	252
-lazy oaf not for your team sweatshirt in a men s size	B085LW7VKG	0	252
-lazy oaf not for your team sweatshirt in a men s size	B088HGDR38	2	252
-lazy oaf not for your team sweatshirt in a men s size	B08FRW2CHC	2	252
-lazy oaf not for your team sweatshirt in a men s size	B08GK6Z9VP	2	252
-lazy oaf not for your team sweatshirt in a men s size	B08S3PFRWH	2	252
-lazy oaf not for your team sweatshirt in a men s size	B08XX84WVY	2	252
-lazy oaf not for your team sweatshirt in a men s size	B07HSL66NS	2	252
-lazy oaf not for your team sweatshirt in a men s size	B07X3G5DD5	2	252
-lazy oaf not for your team sweatshirt in a men s size	B07DVN2TV9	0	252
-lazy oaf not for your team sweatshirt in a men s size	B07D8X98RF	0	252
-lazy oaf not for your team sweatshirt in a men s size	B07D1342F9	0	252
-lazy oaf not for your team sweatshirt in a men s size	B00M1XKC9S	0	252
-lazy oaf not for your team sweatshirt in a men s size	B00NMFIVJC	2	252
-lazy oaf not for your team sweatshirt in a men s size	B00XCZSP0C	0	252
-lazy oaf not for your team sweatshirt in a men s size	B00YSZCUGA	2	252
-lazy oaf not for your team sweatshirt in a men s size	B0155K16A2	3	252
-lazy oaf not for your team sweatshirt in a men s size	B01BQ53SEW	0	252
-lazy oaf not for your team sweatshirt in a men s size	B01JHD9FIS	0	252
-lazy oaf not for your team sweatshirt in a men s size	B01MRKYKL2	2	252
-lazy oaf not for your team sweatshirt in a men s size	B00IVD03W8	0	252
-lazy oaf not for your team sweatshirt in a men s size	B075X2JJNT	0	252
-lazy oaf not for your team sweatshirt in a men s size	B076DLLMXD	2	252
-lazy oaf not for your team sweatshirt in a men s size	B076PQD57R	0	252
-lazy oaf not for your team sweatshirt in a men s size	B078HPMT5D	0	252
-lazy oaf not for your team sweatshirt in a men s size	B078YBZ1NK	3	252
-lazy oaf not for your team sweatshirt in a men s size	B079234P2D	0	252
-lazy oaf not for your team sweatshirt in a men s size	B07BFLFXFZ	0	252
-lazy oaf not for your team sweatshirt in a men s size	B07C6X547X	2	252
-lazy oaf not for your team sweatshirt in a men s size	B01NAQ73BM	2	252
. 5 i have 3 4 turn not spigot	B07VX8XLKS	3	253
. 5 i have 3 4 turn not spigot	B07WRB61B3	3	253
. 5 i have 3 4 turn not spigot	B07XZX23YX	3	253
. 5 i have 3 4 turn not spigot	B07Y7XPPVR	3	253
. 5 i have 3 4 turn not spigot	B083V1TVM3	3	253
. 5 i have 3 4 turn not spigot	B085ZLNZ9C	0	253
. 5 i have 3 4 turn not spigot	B088NCJ47N	0	253
. 5 i have 3 4 turn not spigot	B08PCGBP4D	0	253
. 5 i have 3 4 turn not spigot	B089CJVWXG	0	253
. 5 i have 3 4 turn not spigot	B08JMB1LNW	0	253
. 5 i have 3 4 turn not spigot	B08RF2CL95	0	253
. 5 i have 3 4 turn not spigot	B08XMZZSRT	0	253
. 5 i have 3 4 turn not spigot	B0932ZBGR3	3	253
. 5 i have 3 4 turn not spigot	B07PZYQ6V9	0	253
. 5 i have 3 4 turn not spigot	B08934G3TD	0	253
. 5 i have 3 4 turn not spigot	B07KTRW4KJ	0	253
. 5 i have 3 4 turn not spigot	B008ACWSZU	0	253
. 5 i have 3 4 turn not spigot	B07GT79XD3	0	253
. 5 i have 3 4 turn not spigot	B0007LXTT6	0	253
. 5 i have 3 4 turn not spigot	B07KK6KN1M	0	253
. 5 i have 3 4 turn not spigot	B00IX87W1Q	0	253
. 5 i have 3 4 turn not spigot	B00NX697C0	3	253
. 5 i have 3 4 turn not spigot	B013FWX4HA	0	253
. 5 i have 3 4 turn not spigot	B019YMGNDW	2	253
. 5 i have 3 4 turn not spigot	B01CKIWF8Y	3	253
. 5 i have 3 4 turn not spigot	B00RPBQBQ4	0	253
. 5 i have 3 4 turn not spigot	B01I6WCQTG	3	253
. 5 i have 3 4 turn not spigot	B01KS7OIAC	0	253
. 5 i have 3 4 turn not spigot	B073PB98T5	0	253
. 5 i have 3 4 turn not spigot	B073PBPC51	0	253
. 5 i have 3 4 turn not spigot	B07CJ8PKSW	0	253
. 5 i have 3 4 turn not spigot	B07CZYGVFH	3	253
. 5 i have 3 4 turn not spigot	B01D177WRC	0	253
. do not autofill. do not show. do not purchase anything.	B0922BWSV1	0	254
. do not autofill. do not show. do not purchase anything.	B08LZ2SQBB	0	254
. do not autofill. do not show. do not purchase anything.	B08FTHY89G	0	254
. do not autofill. do not show. do not purchase anything.	B082YDR7MZ	0	254
. do not autofill. do not show. do not purchase anything.	B081S65PT4	3	254
. do not autofill. do not show. do not purchase anything.	B07Y3VBVGJ	3	254
. do not autofill. do not show. do not purchase anything.	B07HP22WB4	0	254
. do not autofill. do not show. do not purchase anything.	B07T6HVTHY	0	254
. do not autofill. do not show. do not purchase anything.	B0781Z7Y3S	0	254
. do not autofill. do not show. do not purchase anything.	B0746SHN97	0	254
. do not autofill. do not show. do not purchase anything.	B01MSPLG83	0	254
. do not autofill. do not show. do not purchase anything.	B01MRZ02TL	3	254
. do not autofill. do not show. do not purchase anything.	B01BUH89AO	0	254
. do not autofill. do not show. do not purchase anything.	B00VY03GEW	0	254
. do not autofill. do not show. do not purchase anything.	B004MNOY7G	0	254
. do not autofill. do not show. do not purchase anything.	B07DN5XQDZ	0	254
. frameless fixed tub door in silver frame without handle	B06XRD66TN	3	255
. frameless fixed tub door in silver frame without handle	B075GXFNY4	0	255
. frameless fixed tub door in silver frame without handle	B075GYNGHL	0	255
. frameless fixed tub door in silver frame without handle	B075H3R7YB	0	255
. frameless fixed tub door in silver frame without handle	B075QFJPBR	3	255
. frameless fixed tub door in silver frame without handle	B075QGK94Q	2	255
. frameless fixed tub door in silver frame without handle	B07615ZWYG	2	255
. frameless fixed tub door in silver frame without handle	B07618DZVF	0	255
. frameless fixed tub door in silver frame without handle	B07TLKR3T6	2	255
. frameless fixed tub door in silver frame without handle	B079YV2QYX	3	255
. frameless fixed tub door in silver frame without handle	B07J3F173T	0	255
. frameless fixed tub door in silver frame without handle	B08YYL5GRC	3	255
. frameless fixed tub door in silver frame without handle	B086VCNCCY	2	255
. frameless fixed tub door in silver frame without handle	B08BGCDWXH	3	255
. frameless fixed tub door in silver frame without handle	B08TFB2XZH	0	255
. frameless fixed tub door in silver frame without handle	B08XQ3X5BN	3	255
. frameless fixed tub door in silver frame without handle	B01N7L5J8F	2	255
. frameless fixed tub door in silver frame without handle	B078JDZT9V	2	255
. frameless fixed tub door in silver frame without handle	B01N75TO8O	3	255
. frameless fixed tub door in silver frame without handle	B085LVS61R	2	255
. frameless fixed tub door in silver frame without handle	B01L01C9U6	3	255
. frameless fixed tub door in silver frame without handle	B002NMOD9C	3	255
. frameless fixed tub door in silver frame without handle	B004WSKGJQ	2	255
. frameless fixed tub door in silver frame without handle	B004WSKGSW	3	255
. frameless fixed tub door in silver frame without handle	B007F89FOM	2	255
. frameless fixed tub door in silver frame without handle	B00CMDKLPW	0	255
. frameless fixed tub door in silver frame without handle	B00CMDL296	2	255
. frameless fixed tub door in silver frame without handle	B00CMT5FB6	2	255
. frameless fixed tub door in silver frame without handle	B00CMT5FW0	3	255
. frameless fixed tub door in silver frame without handle	B00K5BHXDG	3	255
. frameless fixed tub door in silver frame without handle	B01MA2E9ZP	2	255
. frameless fixed tub door in silver frame without handle	B00K5BWBVA	2	255
. frameless fixed tub door in silver frame without handle	B01EYG9HCC	3	255
. frameless fixed tub door in silver frame without handle	B01EP0G4HS	3	255
. frameless fixed tub door in silver frame without handle	B00ZSDCPVG	2	255
. frameless fixed tub door in silver frame without handle	B00K5BHZDO	2	255
. frameless fixed tub door in silver frame without handle	B00TWD0M3G	2	255
. frameless fixed tub door in silver frame without handle	B00NOGJ53U	2	255
. frameless fixed tub door in silver frame without handle	B00K5BWDCC	3	255
. frameless fixed tub door in silver frame without handle	B00ZSDCI5Y	2	255
. getting to yes: negotiating agreement without giving in	B01K3KFSYE	3	256
. getting to yes: negotiating agreement without giving in	B098R8D9BJ	3	256
. getting to yes: negotiating agreement without giving in	B08W5QW2V9	3	256
. getting to yes: negotiating agreement without giving in	B08TTDNBQ1	3	256
. getting to yes: negotiating agreement without giving in	B08MX7CMBY	3	256
. getting to yes: negotiating agreement without giving in	B08M6G3WFC	3	256
. getting to yes: negotiating agreement without giving in	B07SH3C2QB	2	256
. getting to yes: negotiating agreement without giving in	B01G63WW3M	3	256
. getting to yes: negotiating agreement without giving in	B00OJWW828	3	256
. getting to yes: negotiating agreement without giving in	B00BG701NM	3	256
. getting to yes: negotiating agreement without giving in	B000I3WPNY	3	256
. getting to yes: negotiating agreement without giving in	0871023458	3	256
. getting to yes: negotiating agreement without giving in	0395631246	3	256
. getting to yes: negotiating agreement without giving in	0143118757	3	256
. getting to yes: negotiating agreement without giving in	0140065342	3	256
. getting to yes: negotiating agreement without giving in	B0192EWO08	3	256
. getting to yes: negotiating agreements without giving in	B01K3KFSYE	3	257
. getting to yes: negotiating agreements without giving in	B08W5QW2V9	3	257
. getting to yes: negotiating agreements without giving in	B08TTDNBQ1	1	257
. getting to yes: negotiating agreements without giving in	B08MX7CMBY	3	257
. getting to yes: negotiating agreements without giving in	B098R8D9BJ	3	257
. getting to yes: negotiating agreements without giving in	B07SH3C2QB	2	257
. getting to yes: negotiating agreements without giving in	B01G63WW3M	3	257
. getting to yes: negotiating agreements without giving in	B08M6G3WFC	3	257
. getting to yes: negotiating agreements without giving in	B00OJWW828	3	257
. getting to yes: negotiating agreements without giving in	B0192EWO08	3	257
. getting to yes: negotiating agreements without giving in	0140065342	3	257
. getting to yes: negotiating agreements without giving in	0143118757	3	257
. getting to yes: negotiating agreements without giving in	B00BG701NM	3	257
. getting to yes: negotiating agreements without giving in	0871023458	3	257
. getting to yes: negotiating agreements without giving in	B000I3WPNY	3	257
. getting to yes: negotiating agreements without giving in	0395631246	3	257
. iced tea without sucralose without aspartame	B08PG6TLK7	3	258
. iced tea without sucralose without aspartame	B086B859BC	1	258
. iced tea without sucralose without aspartame	B082DZDX87	0	258
. iced tea without sucralose without aspartame	B0814GDJVH	2	258
. iced tea without sucralose without aspartame	B07CGCDGNS	2	258
. iced tea without sucralose without aspartame	B07BMFPCK5	0	258
. iced tea without sucralose without aspartame	B079Z9GVZ7	0	258
. iced tea without sucralose without aspartame	B077FHQMDJ	3	258
. iced tea without sucralose without aspartame	B077FH58XN	3	258
. iced tea without sucralose without aspartame	B00W2YP17E	2	258
. iced tea without sucralose without aspartame	B00VZ3NMAG	0	258
. iced tea without sucralose without aspartame	B071LGDKCD	0	258
. iced tea without sucralose without aspartame	B00FOMDM2C	0	258
. iced tea without sucralose without aspartame	B000E63LQU	3	258
. iced tea without sucralose without aspartame	B003GADBYS	0	258
. iced tea without sucralose without aspartame	B003Q4TWF6	0	258
. iced tea without sucralose without aspartame	B004TANCUW	2	258
. iced tea without sucralose without aspartame	B00294TUQA	2	258
. iced tea without sucralose without aspartame	B00838ENYU	0	258
. iced tea without sucralose without aspartame	B00B04IP5M	2	258
. iced tea without sucralose without aspartame	B00CJQE7UM	0	258
. iced tea without sucralose without aspartame	B00CZBU5PC	3	258
. iced tea without sucralose without aspartame	B0054S5RJM	2	258
. iced tea without sucralose without aspartame	B00IJHU45M	3	258
. its not what you sell, its what you stand for.	B074SM12RP	0	259
. its not what you sell, its what you stand for.	B08XZSRCZ2	0	259
. its not what you sell, its what you stand for.	B08LDTH5B4	0	259
. its not what you sell, its what you stand for.	B0854RGV1N	0	259
. its not what you sell, its what you stand for.	B081CGTJB8	0	259
. its not what you sell, its what you stand for.	B07SRPZ2YX	0	259
. its not what you sell, its what you stand for.	B07PF1Y28C	0	259
. its not what you sell, its what you stand for.	B07D1C1BK4	0	259
. its not what you sell, its what you stand for.	B07459P7BF	0	259
. its not what you sell, its what you stand for.	B01NBKTPTS	0	259
. its not what you sell, its what you stand for.	B01K14E5O6	3	259
. its not what you sell, its what you stand for.	B01B1VC13K	0	259
. its not what you sell, its what you stand for.	B00MNV8E0C	0	259
. its not what you sell, its what you stand for.	B0035LCFNQ	0	259
. its not what you sell, its what you stand for.	1591844479	3	259
. its not what you sell, its what you stand for.	B073R59XYF	0	259
...and the earth did not devour him	B01LXR8EMA	3	260
...and the earth did not devour him	1558858156	3	260
...and the earth did not devour him	B010OV9HNK	3	260
...and the earth did not devour him	B00UAYKMSQ	3	260
...and the earth did not devour him	B00HTJMZFI	3	260
...and the earth did not devour him	B00E32N15W	3	260
...and the earth did not devour him	B00B1YQP0I	3	260
...and the earth did not devour him	155885083X	3	260
...and the earth did not devour him	0028179781	3	260
...and the earth did not devour him	0934770727	3	260
...and the earth did not devour him	0736231811	3	260
...and the earth did not devour him	060637440X	3	260
...and the earth did not devour him	0395783968	3	260
...and the earth did not devour him	0078891612	3	260
...and the earth did not devour him	0078891531	2	260
...and the earth did not devour him	1078372470	3	260
..living without limitation	1978158866	0	261
..living without limitation	B002D8R6G8	0	261
..living without limitation	1933392592	0	261
..living without limitation	B082M41PWQ	2	261
..living without limitation	B077GCPDCR	2	261
..living without limitation	1645070298	0	261
..living without limitation	1646451198	0	261
..living without limitation	1483564061	3	261
..living without limitation	1580625258	0	261
..living without limitation	1475052146	0	261
..living without limitation	1096534983	0	261
..living without limitation	1093528508	3	261
..living without limitation	0997636904	0	261
..living without limitation	0993964869	0	261
.030 lincoln flux core	B082XP6NJS	2	262
.030 lincoln flux core	B07H41RRK9	2	262
.030 lincoln flux core	B07DQT468N	2	262
.030 lincoln flux core	B078756DWP	2	262
.030 lincoln flux core	B01095WM3I	2	262
.030 lincoln flux core	B00G5GHA7E	2	262
.030 lincoln flux core	B00F429RM6	2	262
.030 lincoln flux core	B007P1ZO94	3	262
.030 lincoln flux core	B007P1ZLME	2	262
.030 lincoln flux core	B003XKJ064	2	262
.030 lincoln flux core	B003JDDCXW	2	262
.030 lincoln flux core	B003E2RF0E	2	262
.030 lincoln flux core	B00178UUAO	2	262
.030 lincoln flux core	B0009ZH7KW	2	262
.030 lincoln flux core	B00012Y0E4	2	262
.030 lincoln flux core	B007P1ZNXQ	2	262
.05 ml plastic syringes without needles	B07JZ2HMJ7	2	263
.05 ml plastic syringes without needles	B08FFR6L7K	2	263
.05 ml plastic syringes without needles	B07QM74NWG	2	263
.05 ml plastic syringes without needles	B07PPFLKRD	2	263
.05 ml plastic syringes without needles	B07PLVRZXQ	2	263
.05 ml plastic syringes without needles	B07L3NSPD8	2	263
.05 ml plastic syringes without needles	B07KPT5KGL	0	263
.05 ml plastic syringes without needles	B07HYJN1GB	0	263
.05 ml plastic syringes without needles	B07C71C1LH	0	263
.05 ml plastic syringes without needles	B07BQGVVSC	2	263
.05 ml plastic syringes without needles	B07BQDRDC2	2	263
.05 ml plastic syringes without needles	B078K8SVMN	2	263
.05 ml plastic syringes without needles	B01JJYMOP6	2	263
.05 ml plastic syringes without needles	B01HFTYINS	0	263
.05 ml plastic syringes without needles	B0071S5Y46	0	263
.05 ml plastic syringes without needles	B07GX34NBV	3	263
.05 pen not gel	B071NPPJ37	0	264
.05 pen not gel	B0772XSNXY	2	264
.05 pen not gel	B078MCWLX7	0	264
.05 pen not gel	B07BZ3L66Z	2	264
.05 pen not gel	B07DRG5Y3H	0	264
.05 pen not gel	B07GYKZZNB	2	264
.05 pen not gel	B07HRR3QKC	0	264
.05 pen not gel	B07PSFHBCV	0	264
.05 pen not gel	B07Q792STM	0	264
.05 pen not gel	B07TXGYTJX	2	264
.05 pen not gel	B07RNY4KQW	3	264
.05 pen not gel	B07TBHWJ8Z	2	264
.05 pen not gel	B07YRQ4176	2	264
.05 pen not gel	B08KTSVH4K	0	264
.05 pen not gel	B082PMSSS7	0	264
.05 pen not gel	B082PN4X5J	2	264
.05 pen not gel	B08DTKQFGL	0	264
.05 pen not gel	B08FNMM3SS	2	264
.05 pen not gel	B07R1WKMB3	2	264
.05 pen not gel	B01N4CN1N2	3	264
.05 pen not gel	B001E6D3W6	0	264
.05 pen not gel	B01M62J7CN	0	264
.05 pen not gel	B00006IE8P	1	264
.05 pen not gel	B00006JNJ8	0	264
.05 pen not gel	B001ATEXSU	2	264
.05 pen not gel	B001B0BE76	3	264
.05 pen not gel	B01N3675BA	0	264
.05 pen not gel	B009QYH644	0	264
.05 pen not gel	B00AXX0T3C	0	264
.05 pen not gel	B00CBMMXZ0	2	264
.05 pen not gel	B001GAOTSW	0	264
.05 pen not gel	B00VPJ1TKU	0	264
.05 pen not gel	B018UJ2YWE	0	264
.05 pen not gel	B019QBOD4W	0	264
.05 pen not gel	B019QBODBU	0	264
.05 pen not gel	B019QBOFZO	0	264
.05 pen not gel	B019QBOG3U	0	264
.05 pen not gel	B019QBOGDK	0	264
.05 pen not gel	B019QBOJOG	0	264
.05 pen not gel	B00LPMGULU	3	264
.09 ml syringe without needle	B07QM74NWG	3	265
.09 ml syringe without needle	B08BH4F5V6	2	265
.09 ml syringe without needle	B08FFR6L7K	2	265
.09 ml syringe without needle	B07PPFLKRD	2	265
.09 ml syringe without needle	B08LDL3VV4	2	265
.09 ml syringe without needle	B08P6CVSV2	2	265
.09 ml syringe without needle	B08HM8N7J2	0	265
.09 ml syringe without needle	B07PLVRZXQ	2	265
.09 ml syringe without needle	B07BQDRDC2	3	265
.09 ml syringe without needle	B07KPT5KGL	2	265
.09 ml syringe without needle	B07JZ2HMJ7	0	265
.09 ml syringe without needle	B07GX4RJF3	2	265
.09 ml syringe without needle	B07C71C1LH	0	265
.09 ml syringe without needle	B07BQFTHMQ	2	265
.09 ml syringe without needle	B07L3NSPD8	3	265
.09 ml syringe without needle	B00PXRZRA8	2	265
.1 ml syringe without needle	B08J1NTB1H	0	266
.1 ml syringe without needle	B08BH4F5V6	2	266
.1 ml syringe without needle	B07QM74NWG	3	266
.1 ml syringe without needle	B07PPFLKRD	0	266
.1 ml syringe without needle	B07KPT5KGL	0	266
.1 ml syringe without needle	B07JZ2HMJ7	2	266
.1 ml syringe without needle	B07GX4RJF3	3	266
.1 ml syringe without needle	B08FFR6L7K	3	266
.1 ml syringe without needle	B07C71C1LH	2	266
.1 ml syringe without needle	B07BQFTHMQ	0	266
.1 ml syringe without needle	B07BQDRDC2	3	266
.1 ml syringe without needle	B078K8SVMN	0	266
.1 ml syringe without needle	B073XVXQ6R	0	266
.1 ml syringe without needle	B00PXRZRA8	3	266
.1 ml syringe without needle	B0071S5Y46	0	266
.1 ml syringe without needle	B07DW1WS7D	2	266
.17 cleaning rod	B07SQ86Y4K	2	267
.17 cleaning rod	B07RFHF398	2	267
.17 cleaning rod	B07QLY9VH6	2	267
.17 cleaning rod	B07B3RX9FF	0	267
.17 cleaning rod	B07KN1JWQ6	2	267
.17 cleaning rod	B07Y6BTV6T	1	267
.17 cleaning rod	B078HFRQT4	3	267
.17 cleaning rod	B07NGX7R64	3	267
.17 cleaning rod	B07ZZDQ9LX	0	267
.17 cleaning rod	B08LCZBMCD	2	267
.17 cleaning rod	B08929B1NT	3	267
.17 cleaning rod	B08HGDV49L	2	267
.17 cleaning rod	B08MWDVWQ2	2	267
.17 cleaning rod	B08R6GQK8H	3	267
.17 cleaning rod	B08TH8VZ57	2	267
.17 cleaning rod	B08XW81F2W	3	267
.17 cleaning rod	B0926XRCLQ	3	267
.17 cleaning rod	B0728B18XW	0	267
.17 cleaning rod	B088KMGQ2W	3	267
.17 cleaning rod	B01DL96ZEQ	2	267
.17 cleaning rod	B01B496H70	0	267
.17 cleaning rod	B000VYOKOW	3	267
.17 cleaning rod	B01B496H8E	3	267
.17 cleaning rod	B0000C1COV	0	267
.17 cleaning rod	B0000C517G	0	267
.17 cleaning rod	B000AU2VY8	2	267
.17 cleaning rod	B000PW84I8	3	267
.17 cleaning rod	B000S5SH8O	3	267
.17 cleaning rod	B00117AHM2	3	267
.17 cleaning rod	B0013R6A2G	3	267
.17 cleaning rod	B00162KSCQ	2	267
.17 cleaning rod	B0048KBGXS	3	267
.17 cleaning rod	B0048KI37K	3	267
.17 cleaning rod	B004UC1G8O	2	267
.17 cleaning rod	B0052G62Q8	0	267
.17 cleaning rod	B005BSOQ7Y	2	267
.17 cleaning rod	B00OCO9HG8	3	267
.17 cleaning rod	B00RPADGY0	3	267
.17 cleaning rod	B00XRLXAP6	3	267
.17 cleaning rod	B001ASZMNG	3	267
.177 caliber pellet gun without break barrow	B06Y3KB21J	3	268
.177 caliber pellet gun without break barrow	B071KG3QZ4	3	268
.177 caliber pellet gun without break barrow	B08DDD1MSH	1	268
.177 caliber pellet gun without break barrow	B01B3OIA58	3	268
.177 caliber pellet gun without break barrow	B01GVS1O7M	3	268
.177 caliber pellet gun without break barrow	B01DMJKJ2E	3	268
.177 caliber pellet gun without break barrow	B079VJCK25	3	268
.177 caliber pellet gun without break barrow	B01N2PS0C8	1	268
.177 caliber pellet gun without break barrow	B079VLFD7D	2	268
.177 caliber pellet gun without break barrow	B08B475CSM	3	268
.177 caliber pellet gun without break barrow	B07GH2C7W3	3	268
.177 caliber pellet gun without break barrow	B07JX4Y2SC	0	268
.177 caliber pellet gun without break barrow	B07KN1JWQ6	1	268
.177 caliber pellet gun without break barrow	B07MH44YS5	1	268
.177 caliber pellet gun without break barrow	B07NDBTZW5	3	268
.177 caliber pellet gun without break barrow	B07PJFCDTK	3	268
.177 caliber pellet gun without break barrow	B07QG9Y8FH	2	268
.177 caliber pellet gun without break barrow	B086FBWDYQ	3	268
.177 caliber pellet gun without break barrow	B07FT2LLLK	3	268
.177 caliber pellet gun without break barrow	B01APG0VUC	2	268
.177 caliber pellet gun without break barrow	B00IQANEBI	0	268
.177 caliber pellet gun without break barrow	B01APG0SXM	2	268
.177 caliber pellet gun without break barrow	B01APG0SXW	3	268
.177 caliber pellet gun without break barrow	B0006FRD3Q	1	268
.177 caliber pellet gun without break barrow	B000R41LD4	0	268
.177 caliber pellet gun without break barrow	B000W30UAA	3	268
.177 caliber pellet gun without break barrow	B0015N6I70	1	268
.177 caliber pellet gun without break barrow	B001V67HTY	3	268
.177 caliber pellet gun without break barrow	B0024XEXDQ	1	268
.177 caliber pellet gun without break barrow	B002DM0ZIU	1	268
.177 caliber pellet gun without break barrow	B001DCB61Q	1	268
.177 caliber pellet gun without break barrow	B007UOOWSA	3	268
.177 caliber pellet gun without break barrow	B00C2G58U2	3	268
.177 caliber pellet gun without break barrow	B00E8F72JA	3	268
.177 caliber pellet gun without break barrow	B00EWK00FY	3	268
.177 caliber pellet gun without break barrow	B00GA937U0	3	268
.177 caliber pellet gun without break barrow	B00RR0XV1G	3	268
.177 caliber pellet gun without break barrow	B00TEACIIO	2	268
.177 caliber pellet gun without break barrow	B0047ACL0G	2	268
.177 caliber pellet gun without break barrow	B01AMAOP4E	0	268
.177 pellets not lead	B00B7399TW	3	269
.177 pellets not lead	B00AU6A5S6	3	269
.177 pellets not lead	B00AU6A3D8	3	269
.177 pellets not lead	B007UOOWYE	3	269
.177 pellets not lead	B007UOOXB6	0	269
.177 pellets not lead	B00DOXH8K0	3	269
.177 pellets not lead	B0095I6RMI	3	269
.177 pellets not lead	B00IC963RA	3	269
.177 pellets not lead	B07GC4J8TS	3	269
.177 pellets not lead	B00NW9KL7I	3	269
.177 pellets not lead	B01C3GLQ74	3	269
.177 pellets not lead	B01G7SWZGK	3	269
.177 pellets not lead	B01JQM2ZPU	3	269
.177 pellets not lead	B06ZYH4R28	3	269
.177 pellets not lead	B077BLRMZ6	3	269
.177 pellets not lead	B077BWW1MC	3	269
.177 pellets not lead	B007UOOWSA	3	269
.177 pellets not lead	B07GH2C7W3	3	269
.177 pellets not lead	B00IQANEBI	3	269
.177 pellets not lead	B0077YDE00	0	269
.177 pellets not lead	B003XTKB04	3	269
.177 pellets not lead	B0055B6R42	3	269
.177 pellets not lead	B0002IL89M	3	269
.177 pellets not lead	B00069PPDW	3	269
.177 pellets not lead	B0074MUZZM	0	269
.177 pellets not lead	B0006FRD3Q	3	269
.177 pellets not lead	B000BTNLVK	3	269
.177 pellets not lead	B000FEUUBA	3	269
.177 pellets not lead	B000Q02TMG	2	269
.177 pellets not lead	B001DCB61Q	0	269
.177 pellets not lead	B00069PQCW	3	269
.177 pellets not lead	B0024XEXDQ	3	269
.177 pellets not lead	B002DM0ZIU	0	269
.177 pellets not lead	B0032476YY	3	269
.177 pellets not lead	B003C6W3XG	3	269
.177 pellets not lead	B003DW5KH0	3	269
.177 pellets not lead	B003XEA01O	3	269
.177 pellets not lead	B003XTKAUA	3	269
.177 pellets not lead	B004MYWC8S	0	269
.177 pellets not lead	B001F0IR6I	2	269
.2 syringe without a needle	B07P25XH8Z	3	270
.2 syringe without a needle	B08LZ5BGZ9	3	270
.2 syringe without a needle	B08FFR6L7K	3	270
.2 syringe without a needle	B089M8VJC6	3	270
.2 syringe without a needle	B07SHG3YPY	2	270
.2 syringe without a needle	B07P26ZY8C	3	270
.2 syringe without a needle	B07L3MF7HM	3	270
.2 syringe without a needle	B07QM74NWG	2	270
.2 syringe without a needle	B07BQFTHMQ	2	270
.2 syringe without a needle	B07BQDRDC2	3	270
.2 syringe without a needle	B078K8SVMN	2	270
.2 syringe without a needle	B01JJYYWH4	3	270
.2 syringe without a needle	B013C03JFW	3	270
.2 syringe without a needle	B00PXRZRA8	3	270
.2 syringe without a needle	B00OAC21Y2	3	270
.2 syringe without a needle	B07JZ2HMJ7	3	270
.22 pellets not lead	B00DOXH8K0	0	271
.22 pellets not lead	B00CI1WE7Q	3	271
.22 pellets not lead	B00B7399TW	2	271
.22 pellets not lead	B0088NGFVO	3	271
.22 pellets not lead	B0095I5E5Y	3	271
.22 pellets not lead	B00IC963RA	0	271
.22 pellets not lead	B007VSX3X0	3	271
.22 pellets not lead	B00AU6A5S6	2	271
.22 pellets not lead	B00IQANEBI	0	271
.22 pellets not lead	B01M583FIA	3	271
.22 pellets not lead	B01C3GLQ74	0	271
.22 pellets not lead	B01G7SWYBG	3	271
.22 pellets not lead	B06ZYH4R28	2	271
.22 pellets not lead	B079VDZNCL	3	271
.22 pellets not lead	B07BWJTNTB	0	271
.22 pellets not lead	B07GC4J8TS	0	271
.22 pellets not lead	B07GH2C7W3	0	271
.22 pellets not lead	B007UOOXB6	3	271
.22 pellets not lead	B00TU66PFY	3	271
.22 pellets not lead	B007UOOWYE	2	271
.22 pellets not lead	B0077YDE5A	3	271
.22 pellets not lead	B002APFBUM	0	271
.22 pellets not lead	B00069PPDW	2	271
.22 pellets not lead	B0006FRD3Q	0	271
.22 pellets not lead	B000BTNLVK	2	271
.22 pellets not lead	B000FEUUBA	2	271
.22 pellets not lead	B001F0IR6I	3	271
.22 pellets not lead	B002G3NQCI	3	271
.22 pellets not lead	B0032476YY	3	271
.22 pellets not lead	B003C6W3XG	0	271
.22 pellets not lead	B003C6Q6XY	3	271
.22 pellets not lead	B003XTKB04	0	271
.22 pellets not lead	B004LS3UUO	3	271
.22 pellets not lead	B004MYWC8S	3	271
.22 pellets not lead	B0054JQDDK	3	271
.22 pellets not lead	B006O74XQ0	3	271
.22 pellets not lead	B0074MUZZM	0	271
.22 pellets not lead	B0077YDE00	3	271
.22 pellets not lead	B003XEA01O	0	271
.22 pellets not lead	B007UOOWSA	0	271
.22 pellets test	B01JP7PQXY	3	272
.22 pellets test	B01G7SWYBG	3	272
.22 pellets test	B002HGZO9W	3	272
.22 pellets test	B07BWYSQ66	1	272
.22 pellets test	B07MH44YS5	1	272
.22 pellets test	B014V0MZXY	3	272
.22 pellets test	B0763QRRH1	1	272
.22 pellets test	B00TZOGXWG	3	272
.22 pellets test	B000KOSB34	1	272
.22 pellets test	B007C3W8W6	2	272
.22 pellets test	B006L89CUO	1	272
.22 pellets test	B005IHSTH6	3	272
.22 pellets test	B003M4Q54G	3	272
.22 pellets test	B001R67M3O	1	272
.22 pellets test	B0013R4DBQ	1	272
.22 pellets test	B00AU6EICA	1	272
.24 to .65 not fitting	B07MVK22VT	0	273
.24 to .65 not fitting	B07GD8ZWF6	3	273
.24 to .65 not fitting	B07LF7H65S	3	273
.24 to .65 not fitting	B07Q4XQCVN	3	273
.24 to .65 not fitting	B07D36353P	3	273
.24 to .65 not fitting	B07SDCYLS8	0	273
.24 to .65 not fitting	B07T8DJD45	0	273
.24 to .65 not fitting	B0882CJM45	2	273
.24 to .65 not fitting	B07QXGVHH9	0	273
.24 to .65 not fitting	B079JCZMMK	0	273
.24 to .65 not fitting	B0000CBIQ3	0	273
.24 to .65 not fitting	B00N0W89Z8	0	273
.24 to .65 not fitting	B0006HWYJM	0	273
.24 to .65 not fitting	B0015AOR8K	3	273
.24 to .65 not fitting	B001F0R0DY	0	273
.24 to .65 not fitting	B01ID87Y4U	3	273
.24 to .65 not fitting	B00AHAWWO0	0	273
.24 to .65 not fitting	B00FN0GEAW	0	273
.24 to .65 not fitting	B00KS6X5YY	0	273
.24 to .65 not fitting	B0041NPBYW	0	273
.25 ml syringe without needle	B07GX4RJF3	2	274
.25 ml syringe without needle	B08HM8N7J2	3	274
.25 ml syringe without needle	B08FFR6L7K	2	274
.25 ml syringe without needle	B07VF8CKGL	0	274
.25 ml syringe without needle	B07QM74NWG	2	274
.25 ml syringe without needle	B07KPT5KGL	2	274
.25 ml syringe without needle	B07JZ2HMJ7	2	274
.25 ml syringe without needle	B07C71C1LH	0	274
.25 ml syringe without needle	B07BQDRDC2	0	274
.25 ml syringe without needle	B078K8SVMN	3	274
.25 ml syringe without needle	B073XVXQ6R	0	274
.25 ml syringe without needle	B01JJYMOP6	2	274
.25 ml syringe without needle	B0161V0024	2	274
.25 ml syringe without needle	B00PXRZRA8	0	274
.25 ml syringe without needle	B0071S5Y46	2	274
.25 ml syringe without needle	B07BQFTHMQ	0	274
.25 not to 1.25 npt	B07CQVYXFZ	3	275
.25 not to 1.25 npt	B07QLW62HP	3	275
.25 not to 1.25 npt	B07L4HL72R	3	275
.25 not to 1.25 npt	B07V58GC7L	0	275
.25 not to 1.25 npt	B07DN3L9N2	3	275
.25 not to 1.25 npt	B07DKK2J5G	0	275
.25 not to 1.25 npt	B07CQ8VTSL	3	275
.25 not to 1.25 npt	B07F9JYRBY	2	275
.25 not to 1.25 npt	B07CPNJDRR	3	275
.25 not to 1.25 npt	B07CPJP6JF	0	275
.25 not to 1.25 npt	B01MDQR623	3	275
.25 not to 1.25 npt	B013XUDAJQ	0	275
.25 not to 1.25 npt	B00N2SGFZ6	2	275
.25 not to 1.25 npt	B008FM9YL6	3	275
.25 not to 1.25 npt	B000WXY7RC	3	275
.25 not to 1.25 npt	B07CQ7SDRZ	3	275
.25 syringe without needle	B08FFR6L7K	0	276
.25 syringe without needle	B07VF8CKGL	2	276
.25 syringe without needle	B07QJYGS13	2	276
.25 syringe without needle	B07PY77BHF	3	276
.25 syringe without needle	B07P26ZY8C	3	276
.25 syringe without needle	B07P25XH8Z	1	276
.25 syringe without needle	B07L3MF7HM	2	276
.25 syringe without needle	B07QJYYJFV	3	276
.25 syringe without needle	B07GGQP7CQ	3	276
.25 syringe without needle	B07G3CQBWK	3	276
.25 syringe without needle	B07BQFTHMQ	3	276
.25 syringe without needle	B01N7IJXO5	2	276
.25 syringe without needle	B013C03JFW	3	276
.25 syringe without needle	B00Z7MQBA4	2	276
.25 syringe without needle	B00OAC21Y2	3	276
.25 syringe without needle	B07GX4RJF3	3	276
.2mm magnetic lashes without eyeliner	B08DK7V72N	3	277
.2mm magnetic lashes without eyeliner	B08GC3VZXP	2	277
.2mm magnetic lashes without eyeliner	B08JJ77M25	2	277
.2mm magnetic lashes without eyeliner	B08L3FK9GM	2	277
.2mm magnetic lashes without eyeliner	B08SL31JZB	0	277
.2mm magnetic lashes without eyeliner	B08TKRX1DL	2	277
.2mm magnetic lashes without eyeliner	B08V57Z98B	2	277
.2mm magnetic lashes without eyeliner	B08Z8FYV5B	3	277
.2mm magnetic lashes without eyeliner	B093BMLXFW	3	277
.2mm magnetic lashes without eyeliner	B097YRQFX5	2	277
.2mm magnetic lashes without eyeliner	B0928F8MTB	3	277
.2mm magnetic lashes without eyeliner	B093CQ7NGZ	3	277
.2mm magnetic lashes without eyeliner	B093V5YKFB	2	277
.2mm magnetic lashes without eyeliner	B095H5R38T	3	277
.2mm magnetic lashes without eyeliner	B095LJYJ56	3	277
.2mm magnetic lashes without eyeliner	B095S6H9DF	3	277
.2mm magnetic lashes without eyeliner	B08DK693TH	3	277
.2mm magnetic lashes without eyeliner	B0927GWLNJ	3	277
.2mm magnetic lashes without eyeliner	B08DK5LGRR	3	277
.2mm magnetic lashes without eyeliner	B07ZXYYD3L	2	277
.2mm magnetic lashes without eyeliner	B08B5J8CLW	2	277
.2mm magnetic lashes without eyeliner	B08B613ZDG	2	277
.2mm magnetic lashes without eyeliner	B07D4DCHW2	2	277
.2mm magnetic lashes without eyeliner	B07FH6Y5PL	3	277
.2mm magnetic lashes without eyeliner	B07FNXBDY3	3	277
.2mm magnetic lashes without eyeliner	B07PHN2VQ4	3	277
.2mm magnetic lashes without eyeliner	B07TZ6TKWF	2	277
.2mm magnetic lashes without eyeliner	B07XFB3MNJ	2	277
.2mm magnetic lashes without eyeliner	B07ZYJGLL9	2	277
.2mm magnetic lashes without eyeliner	B07RNJR5VW	2	277
.2mm magnetic lashes without eyeliner	B082MS38KG	3	277
.2mm magnetic lashes without eyeliner	B081SVJBL9	2	277
.2mm magnetic lashes without eyeliner	B089T6TV1L	2	277
.2mm magnetic lashes without eyeliner	B089DY6MRV	2	277
.2mm magnetic lashes without eyeliner	B087C5D4QG	3	277
.2mm magnetic lashes without eyeliner	B08B4VW4YS	2	277
.2mm magnetic lashes without eyeliner	B08358GYCR	0	277
.2mm magnetic lashes without eyeliner	B0834F3P8W	0	277
.2mm magnetic lashes without eyeliner	B08548MYN1	2	277
.3 cc syringe without needle	B08F4KMVNS	2	278
.3 cc syringe without needle	B08MQCYH3N	0	278
.3 cc syringe without needle	B08MN69M6G	3	278
.3 cc syringe without needle	B08MMLXRH1	0	278
.3 cc syringe without needle	B08MJM5Q7P	2	278
.3 cc syringe without needle	B08LZ5BGZ9	0	278
.3 cc syringe without needle	B08F4LQ26H	3	278
.3 cc syringe without needle	B07JZ2HMJ7	2	278
.3 cc syringe without needle	B07GX4RJF3	3	278
.3 cc syringe without needle	B07DMP62H1	0	278
.3 cc syringe without needle	B07C96LS75	0	278
.3 cc syringe without needle	B07C71C1LH	0	278
.3 cc syringe without needle	B07BQFTHMQ	3	278
.3 cc syringe without needle	B07BQDRDC2	2	278
.3 cc syringe without needle	B01CUXWUB6	0	278
.3 cc syringe without needle	B00PXRZRA8	3	278
.32 oz vaniply without sunscreen	B01IAE228U	2	279
.32 oz vaniply without sunscreen	B01KJJ5CDQ	0	279
.32 oz vaniply without sunscreen	B01M0XSD38	0	279
.32 oz vaniply without sunscreen	B01M68GLRH	0	279
.32 oz vaniply without sunscreen	B074JVHCL1	2	279
.32 oz vaniply without sunscreen	B074ZG6Q3X	3	279
.32 oz vaniply without sunscreen	B076FT4R4H	2	279
.32 oz vaniply without sunscreen	B0772P4NWJ	3	279
.32 oz vaniply without sunscreen	B07THXX2K6	0	279
.32 oz vaniply without sunscreen	B07H8ZHH7V	0	279
.32 oz vaniply without sunscreen	B07SMWJFXH	0	279
.32 oz vaniply without sunscreen	B01HTJTV0E	2	279
.32 oz vaniply without sunscreen	B07VS1VLS2	0	279
.32 oz vaniply without sunscreen	B081TTPB9S	3	279
.32 oz vaniply without sunscreen	B081TV3QTQ	0	279
.32 oz vaniply without sunscreen	B08BW46XXK	2	279
.32 oz vaniply without sunscreen	B08KTRF7WZ	0	279
.32 oz vaniply without sunscreen	B07CQ67TT2	2	279
.32 oz vaniply without sunscreen	B01EX9GCGY	0	279
.32 oz vaniply without sunscreen	B08NGK5Z3P	0	279
.32 oz vaniply without sunscreen	B0194EGJRK	2	279
.32 oz vaniply without sunscreen	B01ALT5MKW	0	279
.32 oz vaniply without sunscreen	B0000CC64W	0	279
.32 oz vaniply without sunscreen	B000YJ2SLG	2	279
.32 oz vaniply without sunscreen	B002CML1VG	0	279
.32 oz vaniply without sunscreen	B003XWG880	2	279
.32 oz vaniply without sunscreen	B004Q1B5CG	3	279
.32 oz vaniply without sunscreen	B0081NLR0K	0	279
.32 oz vaniply without sunscreen	B00D58JIJI	0	279
.32 oz vaniply without sunscreen	B00HNJF07E	0	279
.32 oz vaniply without sunscreen	B0065Y5TME	2	279
.32 oz vaniply without sunscreen	B00NDYY4FW	2	279
.32 oz vaniply without sunscreen	B00HNU2ADU	0	279
.32 oz vaniply without sunscreen	B011E07QFQ	3	279
.32 oz vaniply without sunscreen	B010FOFSH0	0	279
.32 oz vaniply without sunscreen	B00WB84IRU	0	279
.32 oz vaniply without sunscreen	B017TGU63I	2	279
.32 oz vaniply without sunscreen	B00S56TKSO	0	279
.32 oz vaniply without sunscreen	B00QMOKVIY	0	279
.32 oz vaniply without sunscreen	B00V9D7O1U	0	279
.3ml syringe without needle	B07VF8CKGL	2	280
.3ml syringe without needle	B08XW1MLWP	2	280
.3ml syringe without needle	B08XVTL8PY	3	280
.3ml syringe without needle	B08FFR6L7K	2	280
.3ml syringe without needle	B08F4LQ26H	3	280
.3ml syringe without needle	B08BH4F5V6	2	280
.3ml syringe without needle	B0832V3QPX	0	280
.3ml syringe without needle	B07QM74NWG	2	280
.3ml syringe without needle	B07JZ2HMJ7	0	280
.3ml syringe without needle	B07GX4RJF3	2	280
.3ml syringe without needle	B07C71C1LH	2	280
.3ml syringe without needle	B07BQFTHMQ	3	280
.3ml syringe without needle	B078K8SVMN	2	280
.3ml syringe without needle	B01JJYMOP6	0	280
.3ml syringe without needle	B01CUXWUB6	1	280
.3ml syringe without needle	B00PXRZRA8	2	280
.4 mm not bleed pen	B07NZ2QLMV	3	281
.4 mm not bleed pen	B07P8V35WC	2	281
.4 mm not bleed pen	B07QFQXLD3	2	281
.4 mm not bleed pen	B07QKQXY78	3	281
.4 mm not bleed pen	B07WY5L89K	2	281
.4 mm not bleed pen	B07X32MGHP	3	281
.4 mm not bleed pen	B0815S4RVD	2	281
.4 mm not bleed pen	B08RJC14XR	3	281
.4 mm not bleed pen	B082PMZDG5	2	281
.4 mm not bleed pen	B0832PY9VK	2	281
.4 mm not bleed pen	B082R8MRK7	0	281
.4 mm not bleed pen	B07MBB32BZ	3	281
.4 mm not bleed pen	B083TBSFTZ	2	281
.4 mm not bleed pen	B083TCVFRS	2	281
.4 mm not bleed pen	B086R5D5C2	3	281
.4 mm not bleed pen	B086R6F7YJ	2	281
.4 mm not bleed pen	B086R75SCG	3	281
.4 mm not bleed pen	B08FCZF5X4	3	281
.4 mm not bleed pen	B082PN4X5J	2	281
.4 mm not bleed pen	B07CJ8QXF8	3	281
.4 mm not bleed pen	B0722Y98KS	2	281
.4 mm not bleed pen	B0794XDT7R	3	281
.4 mm not bleed pen	B07BFP9WDY	2	281
.4 mm not bleed pen	1441322035	3	281
.4 mm not bleed pen	B000J09CO6	2	281
.4 mm not bleed pen	B001B66DXU	3	281
.4 mm not bleed pen	B001CS1QC0	3	281
.4 mm not bleed pen	B005LU2QAQ	2	281
.4 mm not bleed pen	B01ES5D7CU	3	281
.4 mm not bleed pen	B01H5FYNX2	3	281
.4 mm not bleed pen	B002M7Z338	3	281
.4 mm not bleed pen	B071RX8RQ9	3	281
.4 mm not bleed pen	B01MY4RJ2M	2	281
.4 mm not bleed pen	B078WJM15Y	2	281
.4 mm not bleed pen	B078SFWNSP	3	281
.4 mm not bleed pen	B0772XSNXY	2	281
.4 mm not bleed pen	B0793QGV51	3	281
.4 mm not bleed pen	B072WNLF71	2	281
.4 mm not bleed pen	B072V6N5S5	0	281
.4 mm not bleed pen	B075WQPKNK	2	281
.40 cal suppressor oil filter not as it seems	B07DCLX1TJ	0	282
.40 cal suppressor oil filter not as it seems	B00C5T7WPA	2	282
.40 cal suppressor oil filter not as it seems	B00S75VRL6	0	282
.40 cal suppressor oil filter not as it seems	B01G6FPIMW	2	282
.40 cal suppressor oil filter not as it seems	B06XQLKNYD	0	282
.40 cal suppressor oil filter not as it seems	B074F16VH4	0	282
.40 cal suppressor oil filter not as it seems	B0793Q935Y	0	282
.40 cal suppressor oil filter not as it seems	B07DXSCVD4	0	282
.40 cal suppressor oil filter not as it seems	B00BJ4BLMC	3	282
.40 cal suppressor oil filter not as it seems	B07T4GM9YM	0	282
.40 cal suppressor oil filter not as it seems	B07W3B63BM	3	282
.40 cal suppressor oil filter not as it seems	B088WDCRJG	3	282
.40 cal suppressor oil filter not as it seems	B08BS5HD1P	2	282
.40 cal suppressor oil filter not as it seems	B08JSNBJRD	0	282
.40 cal suppressor oil filter not as it seems	B08L87TS6W	0	282
.40 cal suppressor oil filter not as it seems	B08QCRDL95	0	282
.40 cal suppressor oil filter not as it seems	B07FZ3SLVJ	0	282
.40 cal suppressor oil filter not as it seems	B00AJDZJCW	0	282
.40 cal suppressor oil filter not as it seems	B01G6FPCXC	0	282
.40 cal suppressor oil filter not as it seems	B005Z8A0ZW	0	282
.40 cal suppressor oil filter not as it seems	B000C6KLVA	1	282
.40 cal suppressor oil filter not as it seems	B000C9QEF4	2	282
.40 cal suppressor oil filter not as it seems	B000C9TCYY	3	282
.40 cal suppressor oil filter not as it seems	B000C9TV90	3	282
.40 cal suppressor oil filter not as it seems	B000C9WL74	3	282
.40 cal suppressor oil filter not as it seems	B000CSGT32	0	282
.40 cal suppressor oil filter not as it seems	B000CSGV1M	0	282
.40 cal suppressor oil filter not as it seems	B000CSIPUC	3	282
.40 cal suppressor oil filter not as it seems	B0009IQZJS	2	282
.40 cal suppressor oil filter not as it seems	B000E8XFPU	0	282
.40 cal suppressor oil filter not as it seems	B000NKCIKM	0	282
.40 cal suppressor oil filter not as it seems	B000P4ZDTO	3	282
.40 cal suppressor oil filter not as it seems	B001O4GRY4	0	282
.40 cal suppressor oil filter not as it seems	B009ZSKNEG	0	282
.40 cal suppressor oil filter not as it seems	B0034HNNFK	3	282
.40 cal suppressor oil filter not as it seems	B00496MAWC	0	282
.40 cal suppressor oil filter not as it seems	B004W4TCLI	0	282
.40 cal suppressor oil filter not as it seems	B000E8XFJG	3	282
.5 cc syringe without needle	B07QF3GNS2	2	283
.5 cc syringe without needle	B07Q33SG9Z	3	283
.5 cc syringe without needle	B07MVWBHHT	2	283
.5 cc syringe without needle	B07P54R1ZM	2	283
.5 cc syringe without needle	B07P25XH8Z	2	283
.5 cc syringe without needle	B07QJYGS13	2	283
.5 cc syringe without needle	B07PY77BHF	2	283
.5 cc syringe without needle	B07QJYYJFV	2	283
.5 cc syringe without needle	B081QF6T1Q	2	283
.5 cc syringe without needle	B07SFK6Z5J	2	283
.5 cc syringe without needle	B07SHG3YPY	2	283
.5 cc syringe without needle	B081QDDW7Q	2	283
.5 cc syringe without needle	B089M8VJC6	3	283
.5 cc syringe without needle	B08DWLNLXH	3	283
.5 cc syringe without needle	B08M4DLT4D	2	283
.5 cc syringe without needle	B08M63N2FV	3	283
.5 cc syringe without needle	B07LH2BRJX	3	283
.5 cc syringe without needle	B07QJZMN51	2	283
.5 cc syringe without needle	B07KPT5KGL	2	283
.5 cc syringe without needle	B07L3NSPD8	2	283
.5 cc syringe without needle	B07GX4RJF3	3	283
.5 cc syringe without needle	B07J58CXJY	0	283
.5 cc syringe without needle	B00OAC21Y2	2	283
.5 cc syringe without needle	B00Z7MQBA4	0	283
.5 cc syringe without needle	B011W2L1MK	2	283
.5 cc syringe without needle	B013WWFJX0	3	283
.5 cc syringe without needle	B01J4F92QE	2	283
.5 cc syringe without needle	B01JJYMOP6	2	283
.5 cc syringe without needle	B01LX9TPC8	2	283
.5 cc syringe without needle	B01MA5N7EO	0	283
.5 cc syringe without needle	B01JJYYWH4	3	283
.5 cc syringe without needle	B01N7IJXO5	2	283
.5 cc syringe without needle	B07B7HXQ1P	2	283
.5 cc syringe without needle	B07BQDRDC2	2	283
.5 cc syringe without needle	B07DPRJBSX	2	283
.5 cc syringe without needle	B07FCPRV6F	2	283
.5 cc syringe without needle	B07G3CQBWK	2	283
.5 cc syringe without needle	B07GGQP7CQ	3	283
.5 cc syringe without needle	B07GX34NBV	3	283
.5 cc syringe without needle	B01N01TO2O	2	283
.5 female not fitting plastic	B07X7L3XTZ	0	284
.5 female not fitting plastic	B08JCR6QZ8	0	284
.5 female not fitting plastic	B08QFV98CV	3	284
.5 female not fitting plastic	B088PVH61P	2	284
.5 female not fitting plastic	B087GKPMVG	3	284
.5 female not fitting plastic	B082M184TQ	2	284
.5 female not fitting plastic	B07LDQQ86X	2	284
.5 female not fitting plastic	B000JQG338	0	284
.5 female not fitting plastic	B07D2GZ6TC	3	284
.5 female not fitting plastic	B006PKMU7U	0	284
.5 female not fitting plastic	B006PKKVGM	0	284
.5 female not fitting plastic	B0045LKB4A	3	284
.5 female not fitting plastic	B002STYS6I	3	284
.5 female not fitting plastic	B000FPAPM8	3	284
.5 female not fitting plastic	B07FR1R87X	3	284
.5 inch suction cups without hooks	B07Q57XX93	2	285
.5 inch suction cups without hooks	B08R9KDG77	0	285
.5 inch suction cups without hooks	B08K3N2XCK	0	285
.5 inch suction cups without hooks	B08GLF7ZZW	2	285
.5 inch suction cups without hooks	B07Z8P3TCL	0	285
.5 inch suction cups without hooks	B07XG1YSHR	2	285
.5 inch suction cups without hooks	B07X8THYRJ	2	285
.5 inch suction cups without hooks	B07MXX9HLB	0	285
.5 inch suction cups without hooks	B076ZCBVBS	2	285
.5 inch suction cups without hooks	B074Y4V445	0	285
.5 inch suction cups without hooks	B073S5TX8W	2	285
.5 inch suction cups without hooks	B071WFNKTB	2	285
.5 inch suction cups without hooks	B06X934SFK	2	285
.5 inch suction cups without hooks	B01HRKJV7I	2	285
.5 inch suction cups without hooks	B0018N26LY	2	285
.5 inch suction cups without hooks	B07BHD441K	3	285
.5 lead b ain	B00MIIFX8G	2	286
.5 lead b ain	B07X8Z2819	2	286
.5 lead b ain	B076J92WQG	2	286
.5 lead b ain	B01HODH9QI	3	286
.5 lead b ain	B017Q9VRIQ	3	286
.5 lead b ain	B00PQY8XRC	3	286
.5 lead b ain	B00NSNM9QE	2	286
.5 lead b ain	B00N99GWZ6	2	286
.5 lead b ain	B004NNKF0K	2	286
.5 lead b ain	B008JF3RLC	3	286
.5 lead b ain	B004NNPWL2	2	286
.5 lead b ain	B004EHYH2M	3	286
.5 lead b ain	B004EHYH18	2	286
.5 lead b ain	B004EHYH0Y	3	286
.5 lead b ain	B001TQDTOS	2	286
.5 lead b ain	B00006IEGK	2	286
.5 mm pen	B07G2DMV63	3	287
.5 mm pen	B078MCWLX7	3	287
.5 mm pen	B07K9MPWFF	3	287
.5 mm pen	B07R79FGTC	3	287
.5 mm pen	B082PMHSBB	3	287
.5 mm pen	B01NBWOPVU	3	287
.5 mm pen	B07VPVWPBB	3	287
.5 mm pen	B01MDLE5ZJ	3	287
.5 mm pen	B00006IE87	3	287
.5 mm pen	B00CMO1G9G	3	287
.5 mm pen	B005EE4UPS	3	287
.5 mm pen	B002R0DYZ4	3	287
.5 mm pen	B001E6A9M8	3	287
.5 mm pen	B00006JNJ8	2	287
.5 mm pen	B00006IEBI	3	287
.5 mm pen	B00K3KRQM2	3	287
.50 cc syringe without needle	B08M63N2FV	2	288
.50 cc syringe without needle	B07P25XH8Z	3	288
.50 cc syringe without needle	B08DWLNLXH	2	288
.50 cc syringe without needle	B089M8VJC6	2	288
.50 cc syringe without needle	B07SFK6Z5J	2	288
.50 cc syringe without needle	B07QJZMN51	2	288
.50 cc syringe without needle	B07PY77BHF	3	288
.50 cc syringe without needle	B07GX4RJF3	2	288
.50 cc syringe without needle	B00OAC21Y2	2	288
.50 cc syringe without needle	B07BQDRDC2	2	288
.50 cc syringe without needle	B01N7IJXO5	2	288
.50 cc syringe without needle	B01N01TO2O	3	288
.50 cc syringe without needle	B01JJYYWH4	2	288
.50 cc syringe without needle	B013WWFJX0	2	288
.50 cc syringe without needle	B00Z7MQBA4	0	288
.50 cc syringe without needle	B07GGQP7CQ	2	288
.5cc syringe without needle	B08QFS3BM9	3	289
.5cc syringe without needle	B08QFGYYPH	2	289
.5cc syringe without needle	B08LMVB4H6	3	289
.5cc syringe without needle	B08K8KLH34	3	289
.5cc syringe without needle	B08DWKGTQR	3	289
.5cc syringe without needle	B07SFK6Z5J	2	289
.5cc syringe without needle	B07S8YF6KK	3	289
.5cc syringe without needle	B07QJ71JVF	3	289
.5cc syringe without needle	B07GX34NBV	3	289
.5cc syringe without needle	B07KQM36D3	3	289
.5cc syringe without needle	B07G76Z5CJ	2	289
.5cc syringe without needle	B07DK8XBLJ	3	289
.5cc syringe without needle	B01JJYYWH4	3	289
.5cc syringe without needle	B013C03JFW	3	289
.5cc syringe without needle	B00G4L3BRS	3	289
.5cc syringe without needle	B07L3MF7HM	3	289
.5ml syringe without needle	B07PY77BHF	3	290
.5ml syringe without needle	B07KPT5KGL	2	290
.5ml syringe without needle	B07Q33SG9Z	3	290
.5ml syringe without needle	B07JZ2HMJ7	0	290
.5ml syringe without needle	B08DWLNLXH	2	290
.5ml syringe without needle	B08J1NTB1H	3	290
.5ml syringe without needle	B07T8F2RKB	2	290
.5ml syringe without needle	B07GX4RJF3	3	290
.5ml syringe without needle	B07B7HXQ1P	2	290
.5ml syringe without needle	B07BQFTHMQ	2	290
.5ml syringe without needle	B07BQDRDC2	2	290
.5ml syringe without needle	B07C71C1LH	2	290
.5ml syringe without needle	B078K8SVMN	0	290
.5ml syringe without needle	B01MRGNQCS	3	290
.5ml syringe without needle	B013WWFJX0	3	290
.5ml syringe without needle	B00PXRZRA8	3	290
.5mm derma rollers not china	B07QN25CV7	2	291
.5mm derma rollers not china	B07W7RNM87	2	291
.5mm derma rollers not china	B07Y8755QT	3	291
.5mm derma rollers not china	B07YBN9PZQ	1	291
.5mm derma rollers not china	B07Z1RW8N4	3	291
.5mm derma rollers not china	B082PBQ7XK	2	291
.5mm derma rollers not china	B084TM78T9	0	291
.5mm derma rollers not china	B08769H8DS	2	291
.5mm derma rollers not china	B08CXWMWFM	3	291
.5mm derma rollers not china	B08CGVSTB4	2	291
.5mm derma rollers not china	B08CN1WFPB	3	291
.5mm derma rollers not china	B07PXV8NKG	3	291
.5mm derma rollers not china	B08FBXP43G	2	291
.5mm derma rollers not china	B08JLXMTNW	3	291
.5mm derma rollers not china	B08JZD8NTX	2	291
.5mm derma rollers not china	B08PHQ3RTC	3	291
.5mm derma rollers not china	B08PL283BH	2	291
.5mm derma rollers not china	B08BGCRR7F	3	291
.5mm derma rollers not china	B07MGR24XY	3	291
.5mm derma rollers not china	B083DSH2N5	3	291
.5mm derma rollers not china	B07JKJPCST	2	291
.5mm derma rollers not china	B07KC7D7S4	2	291
.5mm derma rollers not china	B00G2TQNZ4	0	291
.5mm derma rollers not china	B00GLOYRXA	3	291
.5mm derma rollers not china	B071JZTV7Y	3	291
.5mm derma rollers not china	B073CFR8R4	2	291
.5mm derma rollers not china	B0753JJV8J	3	291
.5mm derma rollers not china	B078X2HK69	2	291
.5mm derma rollers not china	B0795YCT8F	2	291
.5mm derma rollers not china	B07C9SKHRM	2	291
.5mm derma rollers not china	B077CSD2JW	2	291
.5mm derma rollers not china	B07FB43D57	0	291
.5mm derma rollers not china	B07FMHWFWT	3	291
.5mm derma rollers not china	B07FMSFPVT	3	291
.5mm derma rollers not china	B07GM4SXQX	2	291
.5mm derma rollers not china	B07GMYXGJK	2	291
.5mm derma rollers not china	B07GZWY51J	2	291
.5mm derma rollers not china	B07H7PTNPC	3	291
.5mm derma rollers not china	B07F48HCN2	3	291
.625 width 20 gal metal strapping without holes	B0912QKZHK	0	292
.625 width 20 gal metal strapping without holes	B076LDW2DJ	0	292
.625 width 20 gal metal strapping without holes	B08KXMSH73	0	292
.625 width 20 gal metal strapping without holes	B08B7YV1H1	0	292
.625 width 20 gal metal strapping without holes	B085582KBF	0	292
.625 width 20 gal metal strapping without holes	B07K8N2YBN	2	292
.625 width 20 gal metal strapping without holes	B07JH1FHTC	0	292
.625 width 20 gal metal strapping without holes	B072WC1MXT	0	292
.625 width 20 gal metal strapping without holes	B000FSVUDS	2	292
.625 width 20 gal metal strapping without holes	B01F7KSAGI	0	292
.625 width 20 gal metal strapping without holes	B00GXF083U	0	292
.625 width 20 gal metal strapping without holes	B00AGCTXP0	0	292
.625 width 20 gal metal strapping without holes	B00745VXN2	0	292
.625 width 20 gal metal strapping without holes	B000KKKDMK	2	292
.625 width 20 gal metal strapping without holes	B0007P4JAU	0	292
.625 width 20 gal metal strapping without holes	B06XTKM2GJ	3	292
.65 trimmer not tangle ryobi braided	B07JZ8BCC2	3	293
.65 trimmer not tangle ryobi braided	B0821S1TZG	0	293
.65 trimmer not tangle ryobi braided	B07S8VDGXJ	2	293
.65 trimmer not tangle ryobi braided	B07RSTWX85	3	293
.65 trimmer not tangle ryobi braided	B07PSKCLHQ	3	293
.65 trimmer not tangle ryobi braided	B07MYDB7K3	3	293
.65 trimmer not tangle ryobi braided	B01N9IJYIZ	0	293
.65 trimmer not tangle ryobi braided	B07WQ1VZSY	2	293
.65 trimmer not tangle ryobi braided	B01FARMHE4	3	293
.65 trimmer not tangle ryobi braided	B001JQHVEW	3	293
.65 trimmer not tangle ryobi braided	B00KX01L28	3	293
.65 trimmer not tangle ryobi braided	B00NTCH52W	0	293
.65 trimmer not tangle ryobi braided	B01MXLTLN8	0	293
.65 trimmer not tangle ryobi braided	B017JIWT9U	0	293
.65 trimmer not tangle ryobi braided	B01EMC68RA	0	293
.65 trimmer not tangle ryobi braided	B00WPSE3SU	0	293
.68 paintballs not reusable	B07KV6NRL3	3	294
.68 paintballs not reusable	B07KV6XNHN	3	294
.68 paintballs not reusable	B07KV71P79	3	294
.68 paintballs not reusable	B07QQCPNVL	0	294
.68 paintballs not reusable	B07ZPFHZQG	0	294
.68 paintballs not reusable	B0818BL77F	3	294
.68 paintballs not reusable	B0851PPD8F	1	294
.68 paintballs not reusable	B085Z22G8D	3	294
.68 paintballs not reusable	B08634L9KS	3	294
.68 paintballs not reusable	B0876KZDGP	3	294
.68 paintballs not reusable	B074XMVVC6	3	294
.68 paintballs not reusable	B08G1VZCPP	3	294
.68 paintballs not reusable	B08J5NLWX8	3	294
.68 paintballs not reusable	B08RXXKW8D	0	294
.68 paintballs not reusable	B08VDT816Q	2	294
.68 paintballs not reusable	B08ZHY7H4M	0	294
.68 paintballs not reusable	B09942KBGQ	0	294
.68 paintballs not reusable	B08634HCCX	2	294
.68 paintballs not reusable	B073TS3HQX	3	294
.68 paintballs not reusable	B089DKGJPP	3	294
.68 paintballs not reusable	B071KMT97Z	3	294
.68 paintballs not reusable	B000F4EFGG	3	294
.68 paintballs not reusable	B0046VIIHQ	2	294
.68 paintballs not reusable	B00538WJFS	3	294
.68 paintballs not reusable	B005Q4WRSI	3	294
.68 paintballs not reusable	B005T7MC32	3	294
.68 paintballs not reusable	B009G5X2J6	3	294
.68 paintballs not reusable	B00DQ4HGSQ	3	294
.68 paintballs not reusable	B00IM3FGWY	2	294
.68 paintballs not reusable	B005T7MCRI	3	294
.68 paintballs not reusable	B00L6ATCSO	0	294
.68 paintballs not reusable	B00J4GBX7U	2	294
.68 paintballs not reusable	B01N5FS02N	1	294
.68 paintballs not reusable	B01LY2NOQN	3	294
.68 paintballs not reusable	B01LWATI5U	2	294
.68 paintballs not reusable	B06VY9BGXN	3	294
.68 paintballs not reusable	B011SXUFJS	2	294
.68 paintballs not reusable	B010TRRLAK	2	294
.68 paintballs not reusable	B01H7RQ3KY	3	294
.68 paintballs not reusable	B072JXBDCB	3	294
.7 pens	B019QBOG3U	2	295
.7 pens	B07WHV9YGW	3	295
.7 pens	B07TXGYTJX	2	295
.7 pens	B07P76WGHW	3	295
.7 pens	B07B778S9M	0	295
.7 pens	B01MSBOBM7	2	295
.7 pens	B01IIKUYEU	3	295
.7 pens	B01I8Q3V7Q	3	295
.7 pens	B019QBO630	2	295
.7 pens	B00RKOW49E	3	295
.7 pens	B00OCPFPK4	2	295
.7 pens	B005Y0T8C2	3	295
.7 pens	B002ZZ5L4S	2	295
.7 pens	B001S2RDRM	3	295
.7 pens	B001GAOTSW	0	295
.7 pens	B00WMDLXKE	0	295
.75 carat rings band curved	B07FMQQK2Q	3	296
.75 carat rings band curved	B07KQYJ3LK	3	296
.75 carat rings band curved	B07MFLC9JC	2	296
.75 carat rings band curved	B07N575QB8	3	296
.75 carat rings band curved	B07Y1QBY26	2	296
.75 carat rings band curved	B07Y1QTCTD	2	296
.75 carat rings band curved	B07YQYQV63	2	296
.75 carat rings band curved	B07YQZ8FBQ	2	296
.75 carat rings band curved	B081ZW6Z7T	3	296
.75 carat rings band curved	B08HS82X9M	2	296
.75 carat rings band curved	B084HLXVNR	0	296
.75 carat rings band curved	B08L25FKFB	2	296
.75 carat rings band curved	B08L7V9NH5	0	296
.75 carat rings band curved	B08LKF77TL	2	296
.75 carat rings band curved	B08NJ12YVH	2	296
.75 carat rings band curved	B08SQR39ZH	3	296
.75 carat rings band curved	B098JR5BMM	2	296
.75 carat rings band curved	B07FL7QYLK	2	296
.75 carat rings band curved	B081ZW81W7	2	296
.75 carat rings band curved	B07D3D5CQC	2	296
.75 carat rings band curved	B079Q7K4YT	2	296
.75 carat rings band curved	B07688W2ZR	2	296
.75 carat rings band curved	B008EMFRSG	3	296
.75 carat rings band curved	B00CC6J8LW	2	296
.75 carat rings band curved	B00CDF51PY	2	296
.75 carat rings band curved	B00FXW7076	2	296
.75 carat rings band curved	B00KL39T8K	3	296
.75 carat rings band curved	B00KL3N8XM	3	296
.75 carat rings band curved	B00KL3NICS	3	296
.75 carat rings band curved	B00KM333MM	3	296
.75 carat rings band curved	B005MTHRZK	3	296
.75 carat rings band curved	B00NUXVZ0S	2	296
.75 carat rings band curved	B00VF2UGTM	2	296
.75 carat rings band curved	B0188VY67K	2	296
.75 carat rings band curved	B01MPZOUKH	2	296
.75 carat rings band curved	B01N4SSBUR	2	296
.75 carat rings band curved	B01NBVSJGW	2	296
.75 carat rings band curved	B06VXSBFTD	2	296
.75 carat rings band curved	B07461DQNN	2	296
.75 carat rings band curved	B00MLR65RC	2	296
.8 beading wire plastic not stretchy	B07QYLMVJ1	2	297
.8 beading wire plastic not stretchy	B07QWQCZJQ	3	297
.8 beading wire plastic not stretchy	B07JNSBK4Z	0	297
.8 beading wire plastic not stretchy	B07PHS1T73	0	297
.8 beading wire plastic not stretchy	B07LB4LPRJ	0	297
.8 beading wire plastic not stretchy	B07RXRMJTB	0	297
.8 beading wire plastic not stretchy	B07Q8RTBZ4	0	297
.8 beading wire plastic not stretchy	B07TSC6WL8	2	297
.8 beading wire plastic not stretchy	B07ZHMCK7S	0	297
.8 beading wire plastic not stretchy	B07VVKDH6P	2	297
.8 beading wire plastic not stretchy	B07W2VR4B1	0	297
.8 beading wire plastic not stretchy	B07WSTQP4B	0	297
.8 beading wire plastic not stretchy	B0899PP3RK	3	297
.8 beading wire plastic not stretchy	B08FQRH5VC	0	297
.8 beading wire plastic not stretchy	B08FR8BFG3	3	297
.8 beading wire plastic not stretchy	B08KZPHDPY	2	297
.8 beading wire plastic not stretchy	B07HBPGXJG	0	297
.8 beading wire plastic not stretchy	B07TW51GDB	0	297
.8 beading wire plastic not stretchy	B07H19VJL9	2	297
.8 beading wire plastic not stretchy	B07D4J1MQ4	2	297
.8 beading wire plastic not stretchy	B001TLDEVQ	2	297
.8 beading wire plastic not stretchy	B001RBOY8U	2	297
.8 beading wire plastic not stretchy	B07GB51LHH	2	297
.8 beading wire plastic not stretchy	B002RTKGW4	3	297
.8 beading wire plastic not stretchy	B006DRFACW	3	297
.8 beading wire plastic not stretchy	B00D3KOB2W	2	297
.8 beading wire plastic not stretchy	B00D3KOYTW	0	297
.8 beading wire plastic not stretchy	B00PT3CPI8	0	297
.8 beading wire plastic not stretchy	B015HWXG4M	0	297
.8 beading wire plastic not stretchy	B00E95QXMG	3	297
.8 beading wire plastic not stretchy	B01KQ2JNLI	3	297
.8 beading wire plastic not stretchy	B072L3PZ5L	0	297
.8 beading wire plastic not stretchy	B074DRDMKS	0	297
.8 beading wire plastic not stretchy	B0751YB21D	2	297
.8 beading wire plastic not stretchy	B075VQJ8GP	1	297
.8 beading wire plastic not stretchy	B077KVS98K	2	297
.8 beading wire plastic not stretchy	B079234LMQ	2	297
.8 beading wire plastic not stretchy	B07CVTFQGW	3	297
.8 beading wire plastic not stretchy	B015OCFY5O	1	297
.8chinese not court rat tail	B07V8DC4PP	0	298
.8chinese not court rat tail	B07HL4LS2N	0	298
.8chinese not court rat tail	B07HLQ84PV	0	298
.8chinese not court rat tail	B07JNCZ1KJ	0	298
.8chinese not court rat tail	B07PVN8YXB	3	298
.8chinese not court rat tail	B07TZW1DBW	0	298
.8chinese not court rat tail	B07WZRX8CZ	0	298
.8chinese not court rat tail	B07G543NDB	0	298
.8chinese not court rat tail	B085F31CFK	0	298
.8chinese not court rat tail	B088NGXV9K	3	298
.8chinese not court rat tail	B08BWZJBWR	2	298
.8chinese not court rat tail	B08J9VBT63	0	298
.8chinese not court rat tail	B08MB879XC	2	298
.8chinese not court rat tail	B08WLL8JV7	0	298
.8chinese not court rat tail	B08WX5F1PV	0	298
.8chinese not court rat tail	B07Y3VQ4JX	0	298
.8chinese not court rat tail	B07BHCB9Y2	0	298
.8chinese not court rat tail	B07NWB1FZL	0	298
.8chinese not court rat tail	B0791BTX85	3	298
.8chinese not court rat tail	B0798FZKQG	0	298
.8chinese not court rat tail	B00065VGWK	0	298
.8chinese not court rat tail	B000H69A8K	0	298
.8chinese not court rat tail	B003SZSVCI	0	298
.8chinese not court rat tail	B006DRFACW	0	298
.8chinese not court rat tail	B00BJTGQWC	0	298
.8chinese not court rat tail	B00V9WDMW6	0	298
.8chinese not court rat tail	B0114Z9TUG	0	298
.8chinese not court rat tail	B00O413LC0	3	298
.8chinese not court rat tail	B01FL435H4	0	298
.8chinese not court rat tail	B01JUW30MS	0	298
.8chinese not court rat tail	B01LX79MHV	0	298
.8chinese not court rat tail	B0717899NZ	0	298
.8chinese not court rat tail	B071CPKLSW	0	298
.8chinese not court rat tail	B0761S9FT8	3	298
.8chinese not court rat tail	B078MWMVDK	0	298
.8chinese not court rat tail	B01ESMT146	0	298
.9 lead	B01N3SN1CJ	0	299
.9 lead	B0164F780E	3	299
.9 lead	B018A2MNMW	3	299
.9 lead	B01AIXZS7S	2	299
.9 lead	B01M0FWZQ2	3	299
.9 lead	B01MSI430G	3	299
.9 lead	B01N361I66	3	299
.9 lead	B07H964Q6R	3	299
.9 lead	B08P23KSXL	3	299
.9 lead	B07R8GNMHR	2	299
.9 lead	B07XC3L22C	3	299
.9 lead	B082PKWMFP	3	299
.9 lead	B082QLTLV5	3	299
.9 lead	B086T59DCV	3	299
.9 lead	B08KPHJ9PP	3	299
.9 lead	B011KGJG02	3	299
.9 lead	B097R9655H	2	299
.9 lead	B07NPWYZY2	3	299
.9 lead	B01196LWG4	3	299
.9 lead	B01B9E4YW0	3	299
.9 lead	B00N46V8NU	3	299
.9 lead	B00006IEGS	3	299
.9 lead	B0006NABXW	3	299
.9 lead	B0007L1VN2	2	299
.9 lead	B000HF0GW0	3	299
.9 lead	B000J6BHZ2	3	299
.9 lead	B000KJR2NO	3	299
.9 lead	B0026ZPWVY	3	299
.9 lead	B003787TV0	3	299
.9 lead	B000TXYC5C	3	299
.9 lead	B004GEC2FC	3	299
.9 lead	B004NNPWL2	3	299
.9 lead	B004O7GRVG	3	299
.9 lead	B006CQS5Q2	3	299
.9 lead	B00903C9PW	3	299
.9 lead	B00FGLK3ZK	3	299
.9 lead	B00N46V5CY	3	299
.9 lead	B00N46V6WI	3	299
.9 lead	B0042ET0D8	3	299
.9 lead	B00PV1HZ3I	3	299
