query,pipeline,metric,value
- we are not such things,baseline,dcg,0.0
1-8x scope,baseline,dcg,11.416508275000202
10 inch bookshelf,baseline,dcg,0.9030899869919436
10 magnetic eyelashes without eyeliner,baseline,dcg,8.160558421703625
10.9 inch ipad case without pencil holder,baseline,dcg,3.493450309756155
108 curtains without grommet,baseline,dcg,0.0
11 x 21 plant trays for seedlings without holes,baseline,dcg,11.416508275000202
11 year old girl gifts,baseline,dcg,0.0
12 month xbox live gold digital,baseline,dcg,0.0
12 v cable,baseline,dcg,0.0
12x20 throw pillow covers set of 2,baseline,dcg,18.561907935387037
144hz gaming monitor,baseline,dcg,0.0
2 be or not 2b,baseline,dcg,0.0
2 pin converter,baseline,dcg,0.0
"2.5"" hdd",baseline,dcg,0.0
20g nose ring hoop,baseline,dcg,0.0
27 in curved monitor,baseline,dcg,7.431244181513954
2k digital picture frame,baseline,dcg,31.804915366618417
3 way faucet,baseline,dcg,15.15264710846717
3-6 months denim overalls,baseline,dcg,12.916508275000202
3-inch drawer pulls natural,baseline,dcg,0.0
32 inch curved monitor,baseline,dcg,12.722705557155543
36 bar stools,baseline,dcg,0.0
3d mink lashes,baseline,dcg,2.3333333333333335
3d printer,baseline,dcg,17.409958584756357
3d printer nozzle,baseline,dcg,7.312783341687686
45 inch smart tv,baseline,dcg,6.207969650641791
4k hdmi switch,baseline,dcg,14.03503778058959
4k tv samsung,baseline,dcg,0.0
5 candle,baseline,dcg,12.038189690738966
55 inch tv wall mount,baseline,dcg,2.3333333333333335
6 ft table cover fitted,baseline,dcg,14.02343375778976
6 hole saw for cornhole boards,baseline,dcg,16.208537949220382
600w power supply 80 plus,baseline,dcg,20.42469449127011
70s outfits for women,baseline,dcg,0.0
7xl lab coat,baseline,dcg,11.416508275000202
a deed without a name,baseline,dcg,28.435845889827636
a veterans christmas,baseline,dcg,0.0
a year without autumn,baseline,dcg,7.0
a. c. bhaktivedanta swami prabhupada,baseline,dcg,17.931244181513954
acrylic magnetic frame,baseline,dcg,17.808629930045814
addidas shoes,baseline,dcg,0.0
adjustable hitch,baseline,dcg,7.9165082750002025
air force 1 '07 shoes for women,baseline,dcg,7.0
air fryer oven,baseline,dcg,0.0
air nike jordan 1,baseline,dcg,7.431244181513954
air pods case panda,baseline,dcg,11.416508275000202
ajax dishwashing liquid,baseline,dcg,17.931244181513954
alienware monitor 34,baseline,dcg,11.416508275000202
all the news not fit to print,baseline,dcg,11.416508275000202
almay for sensitive,baseline,dcg,18.290179460104664
alocane emergency burn gel,baseline,dcg,29.697705396970548
amazon basics spoons plastic,baseline,dcg,14.916508275000202
andis t edger,baseline,dcg,7.0
android tablet cases for kids,baseline,dcg,0.0
angel figurine,baseline,dcg,17.781481608828656
anklet,baseline,dcg,0.0
anova precision cooker,baseline,dcg,13.766726445517211
anti trump lawn sign,baseline,dcg,11.416508275000202
aorus mouse pad,baseline,dcg,14.916508275000202
apex pro,baseline,dcg,4.231707921725317
apple power adapter and lightning cable,baseline,dcg,4.600660279404023
apple watch bands silver,baseline,dcg,2.7079696506417914
army sash,baseline,dcg,5.9165082750002025
art supplies for kids 9-12,baseline,dcg,0.0
art supply trolley,baseline,dcg,7.0
ash brown hair balayage short,baseline,dcg,12.916508275000202
audio bible,baseline,dcg,14.940543302981203
aveeno nourishing cleanser,baseline,dcg,29.483798523211167
baby bows,baseline,dcg,0.0
baby flight bed,baseline,dcg,1.0
baby girl clothes photoshoot,baseline,dcg,0.0
baby girl outfits,baseline,dcg,2.1072099696478683
baby interactive toys 6 to 12 months,baseline,dcg,0.0
baby irish clothes,baseline,dcg,14.916508275000202
baby wall art decals,baseline,dcg,7.0
backlit keycaps,baseline,dcg,11.101043398214475
bag for essential oils,baseline,dcg,17.624477925641994
baking sets nonstick,baseline,dcg,0.0
ball trimmer men,baseline,dcg,0.0
bamboo bath sheet,baseline,dcg,27.674251612745334
bar soap scrub pouch,baseline,dcg,3.0
barbie dolls,baseline,dcg,0.0
barcel,baseline,dcg,16.1326641419119
barcelona jersey long sleeve,baseline,dcg,23.132664141911903
bath & shower safety mats,baseline,dcg,12.832083714271029
bathroom hooks for towels,baseline,dcg,2.493450309756155
bathtub hair catcher,baseline,dcg,2.1072099696478683
bathtub tray,baseline,dcg,0.0
battery powered inverter,baseline,dcg,0.0
bb30 shimano bottom bracket,baseline,dcg,14.916508275000202
bbq grill,baseline,dcg,6.207969650641791
bcaa without artificial sweeteners,baseline,dcg,5.7227055571555425
beanies,baseline,dcg,0.0
bearded dragon light bulbs,baseline,dcg,7.0
beats x wireless earbuds,baseline,dcg,0.0
bed frame with drawers king,baseline,dcg,7.0
bedroom lamp,baseline,dcg,0.0
bedskirts full size,baseline,dcg,4.4165082750002025
beeswax wood polish,baseline,dcg,23.388691578476525
beet chips,baseline,dcg,29.697705396970548
belief without borders,baseline,dcg,7.0
best teacher gifts for christmas,baseline,dcg,4.4165082750002025
between the spark and the burn,baseline,dcg,7.0
bevel skin care men,baseline,dcg,7.0
bibs for baby girl waterproof,baseline,dcg,0.0
big dreams daily joys,baseline,dcg,11.416508275000202
big gym towel,baseline,dcg,0.0
bingo game,baseline,dcg,6.523718244648071
biodegradable wipes,baseline,dcg,9.332732063142096
black and white striped door mat,baseline,dcg,0.0
black bodycon short dress,baseline,dcg,0.0
black dress,baseline,dcg,0.0
black fitflop,baseline,dcg,20.11792823539815
black hub caps,baseline,dcg,0.0
black leather laptop backpack for women,baseline,dcg,22.451261568731482
black plastic ribbon,baseline,dcg,7.0
black shirt womens,baseline,dcg,0.0
blank high security check paper,baseline,dcg,19.03190446091798
blessed not lucky,baseline,dcg,31.804915366618417
blood circulation for feet,baseline,dcg,0.0
blower motor,baseline,dcg,2.1072099696478683
blue bathroom rugs,baseline,dcg,14.431244181513954
blue car bed,baseline,dcg,6.207969650641791
bluetooth headset with microphone,baseline,dcg,2.1072099696478683
bluetooth sunglasses,baseline,dcg,14.630663753873083
body back scalp massager,baseline,dcg,19.74329191808969
bodycon dresses for women,baseline,dcg,0.0
boneco a451,baseline,dcg,27.483798523211167
boogie wipes,baseline,dcg,25.5732074448931
book on dogs for 6 year old,baseline,dcg,0.0
bookbag with wheels,baseline,dcg,4.4165082750002025
bookcase,baseline,dcg,4.130663753873083
bottom bracket tool,baseline,dcg,21.85618584736731
boxed turtle,baseline,dcg,7.0
boy doll clothes 15 inch,baseline,dcg,11.916508275000202
boys gray boat shoes,baseline,dcg,7.0
boys queen size sheets,baseline,dcg,18.951261568731482
boys smart watch,baseline,dcg,2.2082541375001012
bra extender 3 hook for plus size,baseline,dcg,4.4165082750002025
braun series 7 replacement head,baseline,dcg,4.4165082750002025
brayer rollers,baseline,dcg,10.5
broadway shirt,baseline,dcg,21.98126504320054
broom and dustpan,baseline,dcg,14.556323377347185
brown leather sofa pillows,baseline,dcg,12.201419960397946
bts merchandise,baseline,dcg,0.0
bulwark flame resistant jacket,baseline,dcg,29.697705396970548
c7 z06 stage 2,baseline,dcg,31.804915366618417
cabinet knobs,baseline,dcg,3.0147359065137516
cable modem,baseline,dcg,0.0
cake mix,baseline,dcg,0.0
calcium,baseline,dcg,0.0
calily dog shampoo,baseline,dcg,7.0
calming bed for dogs,baseline,dcg,5.0381896907389665
camo short short,baseline,dcg,2.3333333333333335
camper courb,baseline,dcg,31.804915366618417
can am maverick x3 roof,baseline,dcg,31.804915366618417
canon camera on sale,baseline,dcg,0.0
canon eos m50 - kit,baseline,dcg,7.841519549603239
canon t8i battery,baseline,dcg,3.396540296748099
car rooftop door step,baseline,dcg,31.804915366618417
carabiner clip,baseline,dcg,2.493450309756155
carbon monoxide detectors,baseline,dcg,0.0
cars coloring book,baseline,dcg,20.139498319014056
cbd,baseline,dcg,18.180152954118114
cd/dvd printers,baseline,dcg,0.0
celtic knot earrings sterling silver,baseline,dcg,25.340918279412
chacheres creole seasoning,baseline,dcg,11.416508275000202
chain extenders,baseline,dcg,15.648216196725517
champion home standby generator,baseline,dcg,17.931244181513954
chapstick total hydration,baseline,dcg,15.32618237289825
charlie brown costume,baseline,dcg,23.088776807878173
charmaine delta kitchen faucet,baseline,dcg,11.416508275000202
cheap laptops windows 10,baseline,dcg,0.0
cheese dome with base,baseline,dcg,11.416508275000202
cheetah mount,baseline,dcg,14.916508275000202
cherry pie,baseline,dcg,15.616460936533633
chia and flax seed blend,baseline,dcg,4.4165082750002025
chicago bears garden flag,baseline,dcg,31.804915366618417
chicago med,baseline,dcg,0.0
christian books children,baseline,dcg,0.0
christian cozy mysteries,baseline,dcg,4.4165082750002025
christmas craft snowman,baseline,dcg,6.207969650641791
christmas music streaming,baseline,dcg,7.0
christmas stockings for girls,baseline,dcg,0.0
christmas+top and dresses+for+women,baseline,dcg,0.0
chromebook protectors,baseline,dcg,4.4165082750002025
chronograph shooting,baseline,dcg,17.931244181513954
"city adventures, no. 3",baseline,dcg,7.0
clear ball ornaments,baseline,dcg,15.216155866911699
clear floral case,baseline,dcg,4.4165082750002025
clip on earrings,baseline,dcg,2.493450309756155
clock mechanism,baseline,dcg,19.347467969655845
coach wallet for women,baseline,dcg,0.0
coffee mugs,baseline,dcg,2.023453784225215
coil incense,baseline,dcg,18.350501887737558
colorful decorations for party,baseline,dcg,0.0
colorful keys and locks,baseline,dcg,11.416508275000202
comfify collapsible colander,baseline,dcg,4.4165082750002025
computer stickers star wars,baseline,dcg,14.431244181513954
conchos for saddles,baseline,dcg,27.674251612745334
connector 6 pin,baseline,dcg,14.06475676820034
converse slip on,baseline,dcg,0.0
cookie monster party supplies,baseline,dcg,11.416508275000202
cool slippers for men,baseline,dcg,0.0
cool watch under 20,baseline,dcg,0.0
cooling fan,baseline,dcg,2.1072099696478683
cotton mask with filter pocket,baseline,dcg,3.0147359065137516
couples octoberfest costume,baseline,dcg,0.0
cow print bedding,baseline,dcg,29.697705396970548
crib sheet set boys,baseline,dcg,2.023453784225215
cricut create,baseline,dcg,17.624477925641994
crkt black knife,baseline,dcg,19.213140332672094
cubes travel luggage organizers,baseline,dcg,2.7079696506417914
cutting board turquoise,baseline,dcg,5.392789260714372
cutting boards for kitchen dishwasher safe,baseline,dcg,2.7079696506417914
cybling womens shoes,baseline,dcg,3.0147359065137516
dammit doll,baseline,dcg,27.388407091618216
dc action figures 6 inch,baseline,dcg,4.4165082750002025
dc court graffik shoes womens,baseline,dcg,11.416508275000202
dc motor,baseline,dcg,16.92469449127011
death march to the parallel world rhapsody light novel,baseline,dcg,27.44812824905987
decorative oil bottle,baseline,dcg,3.0147359065137516
definitely not paid enough for this,baseline,dcg,0.0
delonghi espresso machine,baseline,dcg,9.80344620833859
demon from the dark kresley cole,baseline,dcg,8.892789260714373
denim accessories,baseline,dcg,8.547172028873286
dermaroller,baseline,dcg,7.431244181513954
dessa,baseline,dcg,23.1326641419119
detachable phone lanyard purple,baseline,dcg,11.416508275000202
dial antibacterial hand soap,baseline,dcg,30.543055859475505
diamond dotz,baseline,dcg,16.14224775023746
diana gabaldon,baseline,dcg,8.701419960397946
dinosaur christmas shirt,baseline,dcg,17.04977368710334
dinosaur clothes children,baseline,dcg,2.7079696506417914
dishes with animals on them,baseline,dcg,0.0
dishwasher machine,baseline,dcg,1.1605584217036249
divoom timebox,baseline,dcg,20.639213832155747
dj monitor speakers,baseline,dcg,0.0
do not pet dog patch,baseline,dcg,19.6326641419119
do4u,baseline,dcg,31.804915366618417
dog dinosaur bone,baseline,dcg,0.0
dog doors for exterior doors,baseline,dcg,10.014735906513751
dog sweaters for small dogs girl,baseline,dcg,0.0
doggie screen,baseline,dcg,4.4165082750002025
dokken,baseline,dcg,24.966281962103544
done with chemo,baseline,dcg,14.916508275000202
double wedding ring quilt pattern,baseline,dcg,7.0
drum pendant light,baseline,dcg,22.266461215456594
dry cell batteries,baseline,dcg,3.5
dry itchy skin relief for dogs,baseline,dcg,5.708254137500101
dual monitor docking station for laptop,baseline,dcg,10.624477925641994
dump truck light,baseline,dcg,4.207969650641791
dungeons and dragon miniatures,baseline,dcg,10.5
duramax sticker,baseline,dcg,20.24300743123138
dust cloths reusable,baseline,dcg,2.7079696506417914
dust collectors for woodworking,baseline,dcg,0.0
dutch oven le creuset,baseline,dcg,10.264293027988977
dvd player,baseline,dcg,17.931244181513954
eco friendly cloth napkins,baseline,dcg,10.931244181513954
educational toys for 6 year olds,baseline,dcg,10.5
egyptian makeup,baseline,dcg,7.0
elephant tea mug,baseline,dcg,27.674251612745334
elevation training mask,baseline,dcg,29.096945715976627
embroidery letter patches,baseline,dcg,14.916508275000202
endure book,baseline,dcg,7.0
engraved rolling pin,baseline,dcg,24.349636157123467
erase pro,baseline,dcg,17.931244181513954
esp32 can-bus,baseline,dcg,0.0
evenflo bottles,baseline,dcg,22.94786378863701
exhaust back pressure tester,baseline,dcg,18.91650759986217
extension cord 10 ft usb port,baseline,dcg,0.0
exterior light white,baseline,dcg,17.931244181513954
extra large wire dog crate,baseline,dcg,0.0
face make for 10,baseline,dcg,0.3010299956639812
falling skies,baseline,dcg,0.0
fancy feast wet cat food,baseline,dcg,3.0147359065137516
fangs 2.0 evil teeth dental veneer,baseline,dcg,20.639213832155747
fedora,baseline,dcg,11.03475329373128
feeder baby,baseline,dcg,14.124477925641994
fenwick casting rod,baseline,dcg,26.76672567587945
fire place,baseline,dcg,0.0
first man dvd,baseline,dcg,11.416508275000202
flannel quilt fabric,baseline,dcg,11.416508275000202
flash items,baseline,dcg,3.0147359065137516
flat iron heat resistant mat,baseline,dcg,6.207969650641791
florida maps,baseline,dcg,20.42469449127011
flower art prints,baseline,dcg,2.2082541375001012
fluo bike. tape,baseline,dcg,7.0
flying disc,baseline,dcg,2.493450309756155
fm transmitter bluetooth for car anker,baseline,dcg,29.781461582393202
fob battery,baseline,dcg,18.746708288661925
fogless mirror for shower,baseline,dcg,8.416223788141892
frozen pop up adventure,baseline,dcg,11.416508275000202
full size kids quilt set,baseline,dcg,16.24329191808969
g-spot clitoral sucking vibrator,baseline,dcg,0.0
g6a-8e,baseline,dcg,16.31726495255743
gacha life,baseline,dcg,0.0
garden drill bit for planting,baseline,dcg,23.888407091618216
gasoline container 5 gallon,baseline,dcg,0.0
gate,baseline,dcg,0.0
gatorade bottle,baseline,dcg,13.648797440481303
gaxaly note 9 case,baseline,dcg,0.0
gefilte fish,baseline,dcg,29.053384155024325
gel grip tape clear,baseline,dcg,4.4165082750002025
gel wet look hair,baseline,dcg,11.416508275000202
gh06 tripod,baseline,dcg,7.0
girls bible,baseline,dcg,2.3333333333333335
girls comforter sets full,baseline,dcg,0.0
glass pipes for tobacco,baseline,dcg,0.0
glossy photo paper 4x6,baseline,dcg,20.639213832155747
go pro,baseline,dcg,0.0
godzilla tapestry,baseline,dcg,29.781461582393202
goggle face shield,baseline,dcg,25.290179460104664
gold shirt women,baseline,dcg,0.0
goodthreads long sleeve slim fit,baseline,dcg,13.141963263379148
google chromecast,baseline,dcg,11.416508275000202
gopro,baseline,dcg,2.1072099696478683
grandparents gifts,baseline,dcg,4.4165082750002025
grapes,baseline,dcg,3.0147359065137516
green yeti water bottle,baseline,dcg,1.0
grey sweater,baseline,dcg,0.0
gwent cards,baseline,dcg,14.172232737546583
hair dye white permanent,baseline,dcg,14.431244181513954
hair toner,baseline,dcg,5.607209969647869
haka,baseline,dcg,11.416508275000202
halloween decorations clearance,baseline,dcg,0.0
halloween gown for women,baseline,dcg,0.0
happy 50th birthday decorations,baseline,dcg,12.508186216269905
happy 60th birthday stickers,baseline,dcg,7.0
hasbro,baseline,dcg,0.0
hd20 bulb optoma,baseline,dcg,29.781461582393202
hdmi displayport adapter,baseline,dcg,9.707969650641791
heavy duty wall hooks,baseline,dcg,3.5
heel slip pads,baseline,dcg,7.0
hell costume,baseline,dcg,0.0
hemp wick,baseline,dcg,29.311465056862264
henry and the kite dragon,baseline,dcg,7.0
hercules costume,baseline,dcg,20.42469449127011
here is new york e.b. white,baseline,dcg,7.0
hiboy,baseline,dcg,14.065305715481506
high beach chairs for adults,baseline,dcg,7.0
high quality drone,baseline,dcg,2.7079696506417914
hippie clothing for men,baseline,dcg,0.0
home gym,baseline,dcg,0.0
hose reel,baseline,dcg,0.0
hot thermos for food,baseline,dcg,4.600660279404023
how does a dinosaur,baseline,dcg,0.0
hp 250 g7,baseline,dcg,20.1326641419119
huawei mate 20 case,baseline,dcg,31.804915366618417
humidifiers diffusers,baseline,dcg,3.5
hydraulics pumps,baseline,dcg,8.892789260714373
hydro flask 32 oz,baseline,dcg,2.7079696506417914
if lost or drunk please return to bestie,baseline,dcg,31.804915366618417
ignition coil,baseline,dcg,12.16266761638096
imaginext,baseline,dcg,0.0
imak compression arthritis gloves,baseline,dcg,17.931244181513954
ina may's guide to breastfeeding,baseline,dcg,7.0
inclusion dividend,baseline,dcg,11.416508275000202
individual hand wipes,baseline,dcg,7.0
indoor driving range,baseline,dcg,16.558207077956496
inner pot 6 qt,baseline,dcg,10.014735906513751
instant pot cooker,baseline,dcg,0.0
ipad 6 gen case,baseline,dcg,0.0
iphone 5s case,baseline,dcg,7.0
iphone 6 case glitter silver,baseline,dcg,17.350237427314703
iphone 7 case incipio,baseline,dcg,24.580041621995257
iphone 8 plus case with stand,baseline,dcg,2.1072099696478683
iphone se otterbox,baseline,dcg,7.431244181513954
iphone xr game controller,baseline,dcg,3.0147359065137516
iphone xs max case for women bling,baseline,dcg,15.701419960397946
iphone xs max screen protector edge to edge full coverage,baseline,dcg,12.222990044013851
irish moss seed,baseline,dcg,7.0
iron decor,baseline,dcg,4.4165082750002025
ishi,baseline,dcg,31.804915366618417
italian cookies from italy,baseline,dcg,4.4165082750002025
iwatch bands 40mm womens,baseline,dcg,0.0
japanese candy,baseline,dcg,11.561907935387037
japanese cherry blossom eau-de-parfum,baseline,dcg,11.416508275000202
jeep srt8,baseline,dcg,10.930676558073394
jim mora shirt,baseline,dcg,17.931244181513954
john daly poster,baseline,dcg,15.848069239847085
jull,baseline,dcg,0.0
june june hannah shirt,baseline,dcg,29.781461582393202
ka-bar,baseline,dcg,8.416223788141892
keyboard piano,baseline,dcg,8.62194587616162
kick buttowski,baseline,dcg,27.674251612745334
kid animal plates,baseline,dcg,0.0
kid rain boots,baseline,dcg,0.0
kid rings,baseline,dcg,9.023453784225214
kids chlorine removal shampoo,baseline,dcg,20.639213832155747
king bed sheets cotton,baseline,dcg,3.0147359065137516
king comforter set,baseline,dcg,2.3333333333333335
kino yoga books,baseline,dcg,7.0
kitchen faucets,baseline,dcg,2.2082541375001012
kitchen organizer,baseline,dcg,0.0
kitchen rugs,baseline,dcg,7.0
kitchen set,baseline,dcg,12.357051577981405
kms hair play paste,baseline,dcg,0.0
kotobukiya snowtrooper,baseline,dcg,17.931244181513954
ks resin,baseline,dcg,0.0
lace front wig ombre blonde,baseline,dcg,10.124212695581377
ladies pull on shorts elastic waist,baseline,dcg,0.0
lantern old fashioned,baseline,dcg,12.201419960397946
laptop 14 inch,baseline,dcg,0.0
laptop power adapters,baseline,dcg,0.0
large bracelet mold,baseline,dcg,25.465997475245235
large dog bed cute,baseline,dcg,0.0
large planters,baseline,dcg,0.0
laundry hamper wooden,baseline,dcg,0.0
led edison bulb,baseline,dcg,0.0
led lights strip,baseline,dcg,3.5
legend of zelda breath of the wild,baseline,dcg,10.54948920024503
lego lego movie,baseline,dcg,0.0
leopard stationary,baseline,dcg,8.892789260714373
leotard,baseline,dcg,0.0
lg cx oled 65,baseline,dcg,10.5
lg v20 case,baseline,dcg,6.439962059225417
light box tracer,baseline,dcg,16.748876476129542
light with switch,baseline,dcg,0.0
lillypad floating mat,baseline,dcg,16.1326641419119
lipoic acid,baseline,dcg,16.588759499706722
lock,baseline,dcg,2.3333333333333335
logitech headset,baseline,dcg,5.993450309756155
logitech wireless keyboard,baseline,dcg,8.386356689582604
long crochet hooks,baseline,dcg,29.096945715976627
long sleeve dresses for girl kids,baseline,dcg,0.0
long sleeve t shirt women,baseline,dcg,0.0
long workout tank tops for women loose fit,baseline,dcg,24.39524126872037
lp-e17 watson,baseline,dcg,11.416508275000202
luigi costume kids,baseline,dcg,4.772715462108224
lunch backpack,baseline,dcg,2.493450309756155
lunch ice pack,baseline,dcg,5.708254137500101
ma,baseline,dcg,2.7079696506417914
macbook charger repair,baseline,dcg,0.0
madame x,baseline,dcg,29.781461582393202
magic bullet replacement rubber,baseline,dcg,20.42469449127011
mailbox with locks with keys,baseline,dcg,0.0
make america great again hat,baseline,dcg,4.130663753873083
makeup organizer drawers,baseline,dcg,4.731423434867006
male sex toys,baseline,dcg,0.0
mark the shark book,baseline,dcg,0.0
marker tip pens,baseline,dcg,2.7079696506417914
marshmello costume,baseline,dcg,0.0
mary meyer baby mat,baseline,dcg,27.674251612745334
massage gaming chair,baseline,dcg,17.12411406362924
mastectomy pillow,baseline,dcg,11.832732063142096
math flash cards 4th grade,baseline,dcg,11.68428338390785
mcgraw hill medical spanish,baseline,dcg,11.416508275000202
meat saw electric,baseline,dcg,10.5
medical wipes,baseline,dcg,2.3333333333333335
melissa and doug puzzles,baseline,dcg,9.478732993720168
melting pot,baseline,dcg,8.701419960397946
men plaid pants slim fit,baseline,dcg,22.472831652347388
men shoes athletic basketball,baseline,dcg,0.0
men's elastic waist pants,baseline,dcg,2.493450309756155
men's skechers,baseline,dcg,0.0
mens black wallet trifold,baseline,dcg,10.139213832155745
mens hoodies buffalo,baseline,dcg,0.0
mens nikes shoes,baseline,dcg,0.0
mens pocket square,baseline,dcg,0.0
metal puzzles brain teasers,baseline,dcg,9.538454151161822
mexican dish,baseline,dcg,0.0
michael scott sequin pillow covers,baseline,dcg,7.0
mickey baby costume,baseline,dcg,21.454677939303714
microphone headset podcast,baseline,dcg,2.7920296742201796
microsoft surface,baseline,dcg,7.731707921725317
milwaukee drills,baseline,dcg,0.0
minnie iphone x case,baseline,dcg,19.1326641419119
mirrolure suspending twitchbait,baseline,dcg,7.0
mirror tv,baseline,dcg,14.916508275000202
misswig synthetic curly wig,baseline,dcg,7.0
mobile magnet antenna mount bnc,baseline,dcg,7.0
moisture socks,baseline,dcg,0.0
molding,baseline,dcg,7.0
mosquito patches,baseline,dcg,11.416508275000202
mother's ring,baseline,dcg,5.5234537842252145
motorcycle helmet with sun visor,baseline,dcg,4.440543302981202
mouse pad red lightning,baseline,dcg,16.437717932248074
multi surface cleaner,baseline,dcg,2.493450309756155
mummy decor,baseline,dcg,13.100758911356165
mushroom table,baseline,dcg,10.810885896049497
mustard tops for women,baseline,dcg,0.0
my baby registry,baseline,dcg,0.0
n95 not kn95 masks,baseline,dcg,0.0
nail grinder,baseline,dcg,0.0
nail polish & decoration products,baseline,dcg,0.0
nail tips,baseline,dcg,14.916508275000202
name necklace personalized rose gold,baseline,dcg,11.210332108806965
native deodorant for men,baseline,dcg,7.124477925641994
natural millet,baseline,dcg,25.180152954118114
natural odor eliminator,baseline,dcg,0.0
navistar international,baseline,dcg,31.804915366618417
neck cream,baseline,dcg,14.124477925641994
nerf all guns,baseline,dcg,0.0
neutrogena spray sunscreen 100,baseline,dcg,14.916508275000202
night light,baseline,dcg,0.0
nightmare before christmas sally dress,baseline,dcg,18.72513820504602
nike pants men,baseline,dcg,0.0
nike pullover hoodie men,baseline,dcg,13.523718244648071
nike socks unisex,baseline,dcg,10.014735906513751
ninja maker594,baseline,dcg,7.0
note 10+ camera protector,baseline,dcg,27.364372063637216
note10,baseline,dcg,0.0
number memory game,baseline,dcg,7.0
nutcracker,baseline,dcg,15.186987131220269
office pens,baseline,dcg,0.0
oil free face moisturizer,baseline,dcg,6.624762412500304
one protein bars,baseline,dcg,13.850237427314703
onesies for women,baseline,dcg,0.0
oodies,baseline,dcg,7.0
oranges,baseline,dcg,8.722990044013851
origins grapefruit body wash,baseline,dcg,0.0
outdoor baby swing,baseline,dcg,11.416508275000202
outdoor furniture bistro sets,baseline,dcg,4.4165082750002025
outdoor rugs for patios,baseline,dcg,0.0
outdoor wall covering,baseline,dcg,0.0
outlet cover,baseline,dcg,6.439962059225417
oval tablecloth,baseline,dcg,9.208254137500102
over the door mirror,baseline,dcg,20.016884067545917
over the shoulder wallet,baseline,dcg,0.0
overland gear,baseline,dcg,11.416508275000202
owl banner,baseline,dcg,25.46599747524523
oxford studies in digital politics,baseline,dcg,31.804915366618417
pack of scarfs for women,baseline,dcg,0.0
pagan stickers,baseline,dcg,7.0
pajamas for girls,baseline,dcg,0.0
pajamas women,baseline,dcg,0.0
panasonic th-42pz700u,baseline,dcg,23.132664141911903
panthers phone case,baseline,dcg,14.916508275000202
paperwhite kindle,baseline,dcg,0.0
parasite books,baseline,dcg,7.0
party dress 4t,baseline,dcg,4.231707921725317
patrin,baseline,dcg,29.781461582393202
pebeo vitrail,baseline,dcg,25.465997475245235
pei 3d printer sheet,baseline,dcg,31.804915366618417
pentair pentek big blue,baseline,dcg,20.674251612745334
people magazine home time,baseline,dcg,0.0
percussion massager,baseline,dcg,2.3333333333333335
perfume saint laurent,baseline,dcg,3.5
petite dressy spandex pants,baseline,dcg,4.4165082750002025
pflueger president spinning reel,baseline,dcg,18.353134769338084
phillips norelco replacement blades,baseline,dcg,11.416508275000202
phone case for an lg,baseline,dcg,3.0147359065137516
pink lunch box,baseline,dcg,10.22515823148147
pink toothpicks for appetizers,baseline,dcg,12.722705557155543
pioneer woman cookware,baseline,dcg,25.781462352030964
pj robe kids,baseline,dcg,0.0
plague doctor mask,baseline,dcg,23.748876476129542
plasti dip,baseline,dcg,17.83020001366172
play kitchen for toddlers accessories,baseline,dcg,0.0
plug in room fresheners for home,baseline,dcg,0.0
pocket folders with brads,baseline,dcg,0.0
pokemon super mystery dungeon 3ds,baseline,dcg,11.416508275000202
porcelain figurines collectibles,baseline,dcg,0.0
portable cologne sprayer,baseline,dcg,15.100758911356165
portable lint remover,baseline,dcg,21.304915366618417
powder coat paint,baseline,dcg,14.431244181513954
power steering low pressure return line,baseline,dcg,7.0
princess accesories,baseline,dcg,0.0
princess leia costume women,baseline,dcg,7.0
protector lg q7,baseline,dcg,15.141382019623364
ps4 console,baseline,dcg,0.0
ps4 joystick controller,baseline,dcg,0.0
pumping backpack,baseline,dcg,14.431244181513954
pure dhea 25mg,baseline,dcg,11.416508275000202
pure wave massager,baseline,dcg,7.9165082750002025
purity products,baseline,dcg,31.804915366618417
purple silicone spatula,baseline,dcg,20.740588299172277
push up handles for floor rotating,baseline,dcg,20.639213832155747
queen size blanket cover,baseline,dcg,2.493450309756155
quick read digital thermometer,baseline,dcg,25.340918279412
rabbit drinking bottle,baseline,dcg,11.416508275000202
rae dunn christmas mug,baseline,dcg,13.764293027988977
rainbow loom bands,baseline,dcg,7.0
rc transmitter and receiver,baseline,dcg,17.52343375778976
read it yourself,baseline,dcg,11.416508275000202
real rose petals,baseline,dcg,22.065021228623195
rebel eos t3 macro lens,baseline,dcg,7.0
red casual dress,baseline,dcg,4.916223788141893
red cedar log yearbook,baseline,dcg,31.804915366618417
red hair color permanent,baseline,dcg,0.0
red led 12v,baseline,dcg,2.2082541375001012
red worms live,baseline,dcg,25.46599747524523
removable stove top cover,baseline,dcg,0.0
renaiss oil painting,baseline,dcg,31.804915366618417
renewed,baseline,dcg,0.0
respirator mask dust,baseline,dcg,0.0
retirement party decorations for women,baseline,dcg,20.44812824905987
retractable screen doors,baseline,dcg,9.707969650641791
reusable produce bags,baseline,dcg,2.2082541375001012
reusable water bottles bpa free 16 oz,baseline,dcg,10.5
ribeye steaks,baseline,dcg,14.53475329373128
rice seasoning,baseline,dcg,24.05875602523766
ride on tractor,baseline,dcg,8.31517962028966
rilakkuma lanyard,baseline,dcg,12.916508275000202
ring light for iphone,baseline,dcg,9.147931709867208
ripped capris for women plus size,baseline,dcg,7.0
robert plant,baseline,dcg,10.5
rolling organizer,baseline,dcg,4.4165082750002025
root touch up blonde ),baseline,dcg,5.5234537842252145
rope skipping without rope,baseline,dcg,20.791610835700162
royal blue striped shirt women,baseline,dcg,0.0
rubber grommet plugs,baseline,dcg,0.0
rudin by ivan turgenev,baseline,dcg,26.126840383807167
rug sets 3 piece with runner,baseline,dcg,0.0
s8,baseline,dcg,0.0
sa bodywash,baseline,dcg,0.0
sagittarius,baseline,dcg,11.51690409398137
sailor moon choker,baseline,dcg,0.0
samsung 9 case,baseline,dcg,0.0
samsung fridge water filter rf24fsedbsr,baseline,dcg,7.0
samsung galaxy s9 charger fast charging,baseline,dcg,3.0147359065137516
samsung watch protector 40mm,baseline,dcg,14.03503778058959
sandbox truck,baseline,dcg,10.132269970019635
santa wrapping paper,baseline,dcg,13.523718244648071
satanic hoodie,baseline,dcg,30.60079538396249
sawgrass ink,baseline,dcg,31.804915366618417
scales digital weight food,baseline,dcg,0.0
scallops,baseline,dcg,12.041302983975125
scoutmaster minutes,baseline,dcg,11.416508275000202
screw kit,baseline,dcg,2.3333333333333335
se seat clamp,baseline,dcg,7.0
sea life camera,baseline,dcg,0.0
seanan mcguire,baseline,dcg,28.790179460104664
security camera hd,baseline,dcg,0.0
shampoo buddy,baseline,dcg,7.0
shams,baseline,dcg,6.207969650641791
shazam,baseline,dcg,12.15698365675121
shea moisture body wash,baseline,dcg,23.26672567587945
shilajit honey,baseline,dcg,4.4165082750002025
shiny car decal,baseline,dcg,7.0
shirt pins for women,baseline,dcg,20.264577514847286
shoe s,baseline,dcg,0.0
shoes with wheels for boys,baseline,dcg,2.2082541375001012
shop air filtration system,baseline,dcg,7.0
shoyo drink,baseline,dcg,7.0
shredders for home,baseline,dcg,4.4165082750002025
signal booster band 12,baseline,dcg,5.607209969647869
silk flowers,baseline,dcg,0.0
silk sweaters for petite women,baseline,dcg,0.0
similac milk,baseline,dcg,15.433392342546119
simple womens halloween costumes,baseline,dcg,0.0
size 15 knitting needles,baseline,dcg,23.1326641419119
size 6 diapers,baseline,dcg,18.246159341380757
sketch book binder,baseline,dcg,0.0
skywatcher dobsonian 8,baseline,dcg,7.0
slim leg straight cut jeans,baseline,dcg,0.0
sling backpack purse for women kavu,baseline,dcg,0.0
slots organizer,baseline,dcg,9.333333333333334
small 2 tier bookshelf,baseline,dcg,6.514735906513751
small dog collars with bling,baseline,dcg,17.124762412500303
small pet wood ladder,baseline,dcg,10.624477925641994
small plastic storage cubes,baseline,dcg,2.2082541375001012
"smart watch color women, men black",baseline,dcg,3.0147359065137516
smie,baseline,dcg,11.416508275000202
sml,baseline,dcg,7.0
snacks,baseline,dcg,0.0
snow and rain boots for women,baseline,dcg,0.8671944789536635
snowflake necklace,baseline,dcg,21.180437440976423
sofa cover for dogs,baseline,dcg,2.023453784225215
sog fixed blade knives with sheath,baseline,dcg,11.716155866911699
solar christmas tree,baseline,dcg,2.7079696506417914
sony xperia l1 case,baseline,dcg,29.311465056862264
sound bars for tv,baseline,dcg,5.2014199603979465
spider crop top,baseline,dcg,11.416508275000202
spinnypins,baseline,dcg,7.0
split monitor adapter for computer,baseline,dcg,0.0
splitter cable for headset,baseline,dcg,18.746708288661925
st patricks day door decoration,baseline,dcg,4.4165082750002025
stanley thermos,baseline,dcg,27.073491931751413
star wars edge of the empire,baseline,dcg,31.804915366618417
star wars imperial star destroyer,baseline,dcg,23.1326641419119
stihl ms200,baseline,dcg,31.804915366618417
stocking holder,baseline,dcg,11.826783643089488
story grid,baseline,dcg,19.74329191808969
straight crochet hair,baseline,dcg,12.13294862877021
strawberry sweater,baseline,dcg,7.9165082750002025
stuart woods the short forever,baseline,dcg,19.70783539347981
suction cup holder for desk,baseline,dcg,7.0
sundiata,baseline,dcg,31.804915366618417
sunflower blue hair wreath,baseline,dcg,17.931244181513954
survival kit,baseline,dcg,9.764009891406726
swim caps for women swimming waterproof,baseline,dcg,29.311465056862264
t,baseline,dcg,0.0
tab a case,baseline,dcg,2.1072099696478683
table board reversible cutting board,baseline,dcg,12.993450309756156
table lamp designed,baseline,dcg,7.0
tablet,baseline,dcg,5.833333333333334
tacks for upholstery,baseline,dcg,28.790179460104664
tazo iced tea,baseline,dcg,23.388691578476525
teamsters,baseline,dcg,25.781462352030964
teenage girl gifts,baseline,dcg,0.0
teriyaki sauce,baseline,dcg,0.0
thank you note cards without envelopes,baseline,dcg,14.291888970223773
the big easy,baseline,dcg,14.916508275000202
the female of the species,baseline,dcg,23.1326641419119
the manor house murder,baseline,dcg,11.435278067885411
the school of greatness by lewis howes,baseline,dcg,10.392789260714373
the taking of deborah logan,baseline,dcg,6.514735906513751
through wall heat and a/c,baseline,dcg,0.0
tik tok led lights,baseline,dcg,0.0
timberland for women,baseline,dcg,0.0
tinting wrap tools,baseline,dcg,5.508186216269907
to son from dad,baseline,dcg,9.333333333333334
tool lp,baseline,dcg,12.283702753953866
tooth grinding,baseline,dcg,0.0
top gear,baseline,dcg,5.348069239847085
touch free soap dispenser,baseline,dcg,23.96339581701518
towels bathroom sets clearance prime,baseline,dcg,0.0
toy grill set for boys,baseline,dcg,7.0
translator without internet,baseline,dcg,11.416508275000202
trash cans for office,baseline,dcg,0.0
travel cord roll,baseline,dcg,14.916508275000202
troika: a communicative approach,baseline,dcg,31.804915366618417
troll dolls,baseline,dcg,17.139213832155747
trooper bandana shoe,baseline,dcg,14.916508275000202
turmeric extract,baseline,dcg,9.454697965739168
turquoise blue dress,baseline,dcg,16.008186216269905
tutu skirt for baby girl,baseline,dcg,0.0
tutus for women,baseline,dcg,7.0
twin xl comforter for college girls,baseline,dcg,0.0
ubbi diaper pail,baseline,dcg,4.484455904497469
under armour,baseline,dcg,0.0
under armour rock project,baseline,dcg,17.954677939303714
under counter lighting,baseline,dcg,2.023453784225215
unlocked pixel 3,baseline,dcg,4.356787117558548
unlocked samsung galaxy s9 plus,baseline,dcg,16.639498319014056
urns for human ashes,baseline,dcg,7.630663753873083
ursa major,baseline,dcg,24.804915366618417
usb extension cord,baseline,dcg,0.0
uv filter 49mm,baseline,dcg,28.790179460104664
valenties,baseline,dcg,25.46599747524523
valentines gifts for him,baseline,dcg,0.0
vcr dvd combo,baseline,dcg,21.939942032789965
vegan protein powder,baseline,dcg,4.4165082750002025
velvet dresses for women,baseline,dcg,3.0147359065137516
vest zipper women,baseline,dcg,5.425408678882615
victor mouse trap,baseline,dcg,19.45744739696257
video games,baseline,dcg,4.4165082750002025
vintage veil hat,baseline,dcg,19.27329539255875
vinyl coated weights 10 lb,baseline,dcg,9.707969650641791
vinyl records,baseline,dcg,0.0
vocabulary builder,baseline,dcg,13.207969650641791
voda reve,baseline,dcg,7.0
volt lighting transformer,baseline,dcg,9.630144725324232
vortrak,baseline,dcg,31.804915366618417
voss,baseline,dcg,17.409958584756357
wahl finale,baseline,dcg,10.645665660085209
walk on red sole paint,baseline,dcg,7.0
wall lights bedroom,baseline,dcg,2.493450309756155
wall mounted wooden spice storage rack,baseline,dcg,0.0
wallniture,baseline,dcg,15.01690409398137
water pills sundown,baseline,dcg,25.46599747524523
waterproof limit switch,baseline,dcg,23.1326641419119
waxing strips for men,baseline,dcg,20.535754128903843
wd purple 8tb,baseline,dcg,23.1326641419119
we could've finished last without you,baseline,dcg,7.0
weber grill cover,baseline,dcg,7.308629930045814
weighted blanket without beads,baseline,dcg,6.624762412500304
wella 7r 810,baseline,dcg,7.0
wheelchair for adults,baseline,dcg,2.1072099696478683
white booties,baseline,dcg,10.264293027988977
white collar long sleeve shirt women,baseline,dcg,0.0
white messenger bag,baseline,dcg,5.4165082750002025
white platform bed frame queen,baseline,dcg,7.0
white spandex shorts under dresses,baseline,dcg,0.0
white strobe lights,baseline,dcg,1.0
wifi siren alarm,baseline,dcg,12.319598261992146
window plant holder outdoor,baseline,dcg,8.5
windows 10 for dummies,baseline,dcg,20.639213832155747
windproof lighter rechargeable flexible,baseline,dcg,17.27016207288714
winter cycling shoe covers,baseline,dcg,23.457446721824542
winter jacket,baseline,dcg,0.0
wireless keyboard mouse combo,baseline,dcg,11.231707921725317
womans wallet,baseline,dcg,0.0
women cardigan,baseline,dcg,0.0
women strapless bathing suit,baseline,dcg,7.0
women zip up hoodie,baseline,dcg,0.0
women's crop-top letter printed sweatshirt usa,baseline,dcg,7.0
women's running socks,baseline,dcg,10.264293027988977
womens 3/4 sleeve tops and blouses,baseline,dcg,2.7079696506417914
womens open front hoodie,baseline,dcg,7.0
womens sexy xl shirt,baseline,dcg,7.0
womens summer hat,baseline,dcg,2.493450309756155
womens swimsuits plus size two piece,baseline,dcg,0.0
wood shelves wall mounted,baseline,dcg,0.0
wooden gifts for men,baseline,dcg,0.0
wooden stool,baseline,dcg,0.0
wooden suit hangers for men,baseline,dcg,10.014735906513751
word wall letters,baseline,dcg,7.0
work pants for women office plus size,baseline,dcg,0.0
wrench arborist,baseline,dcg,4.4165082750002025
wrestling shoes,baseline,dcg,4.826783643089488
wrist compression brace,baseline,dcg,9.023453784225214
wristlet crossbody anti theft,baseline,dcg,7.9165082750002025
wusthof knife set without block,baseline,dcg,11.416508275000202
xbox one compatible keyboard and mouse combo,baseline,dcg,10.409958584756357
xlr splitter 2 female 1 male,baseline,dcg,21.790179460104664
yamaha psr ew410,baseline,dcg,23.132664141911903
yogi tea stomach ease,baseline,dcg,21.96599747524523
yongnuo led,baseline,dcg,29.697705396970548
youtu,baseline,dcg,0.0
zinc liquid supplement,baseline,dcg,17.931244181513954
zoom eyepiece for telescope,baseline,dcg,24.174251612745334
zumba shoes,baseline,dcg,11.416508275000202
zyrtec,baseline,dcg,12.618212722256459
- we are not such things,baseline,ndcg,0.0
1-8x scope,baseline,ndcg,0.19337552605478373
10 inch bookshelf,baseline,ndcg,0.04046465472762361
10 magnetic eyelashes without eyeliner,baseline,ndcg,0.18694165798266432
10.9 inch ipad case without pencil holder,baseline,ndcg,0.1290025766804648
108 curtains without grommet,baseline,ndcg,0.0
11 x 21 plant trays for seedlings without holes,baseline,ndcg,0.21819952657550817
11 year old girl gifts,baseline,ndcg,0.0
12 month xbox live gold digital,baseline,ndcg,0.0
12 v cable,baseline,ndcg,0.0
12x20 throw pillow covers set of 2,baseline,ndcg,0.2835695151947709
144hz gaming monitor,baseline,ndcg,0.0
2 be or not 2b,baseline,ndcg,0.0
2 pin converter,baseline,ndcg,0.0
"2.5"" hdd",baseline,ndcg,0.0
20g nose ring hoop,baseline,ndcg,0.0
27 in curved monitor,baseline,ndcg,0.21030251639431768
2k digital picture frame,baseline,ndcg,0.7615501803099929
3 way faucet,baseline,ndcg,0.44394445283835726
3-6 months denim overalls,baseline,ndcg,0.4636218704263563
3-inch drawer pulls natural,baseline,ndcg,0.0
32 inch curved monitor,baseline,ndcg,0.37275167281093696
36 bar stools,baseline,ndcg,0.0
3d mink lashes,baseline,ndcg,0.06031005981458391
3d printer,baseline,ndcg,0.14170677167780119
3d printer nozzle,baseline,ndcg,0.20683183356439339
45 inch smart tv,baseline,ndcg,0.17011756050328802
4k hdmi switch,baseline,ndcg,0.3283665045199519
4k tv samsung,baseline,ndcg,0.0
5 candle,baseline,ndcg,0.28164785384211616
55 inch tv wall mount,baseline,ndcg,0.05459112561892713
6 ft table cover fitted,baseline,ndcg,0.3280950145200875
6 hole saw for cornhole boards,baseline,ndcg,0.4309863832090928
600w power supply 80 plus,baseline,ndcg,0.6858190769033709
70s outfits for women,baseline,ndcg,0.0
7xl lab coat,baseline,ndcg,0.2671028731585959
a deed without a name,baseline,ndcg,0.8804703479646389
a veterans christmas,baseline,ndcg,0.0
a year without autumn,baseline,ndcg,0.5030904516575293
a. c. bhaktivedanta swami prabhupada,baseline,ndcg,0.4195229158357219
acrylic magnetic frame,baseline,ndcg,0.43147241836283606
addidas shoes,baseline,ndcg,0.0
adjustable hitch,baseline,ndcg,0.1852161847302052
air force 1 '07 shoes for women,baseline,ndcg,0.1637733768567814
air fryer oven,baseline,ndcg,0.0
air nike jordan 1,baseline,ndcg,0.10391548995695943
air pods case panda,baseline,ndcg,0.2671028731585959
ajax dishwashing liquid,baseline,ndcg,0.4512190423356
alienware monitor 34,baseline,ndcg,0.4595700595908718
all the news not fit to print,baseline,ndcg,0.48651280590325274
almay for sensitive,baseline,ndcg,0.43794769786950044
alocane emergency burn gel,baseline,ndcg,0.5453565959231937
amazon basics spoons plastic,baseline,ndcg,0.47298946291818983
andis t edger,baseline,ndcg,0.19221374716805112
android tablet cases for kids,baseline,ndcg,0.0
angel figurine,baseline,ndcg,0.42576722400572925
anklet,baseline,ndcg,0.0
anova precision cooker,baseline,ndcg,0.5398128214488269
anti trump lawn sign,baseline,ndcg,0.28728324027692265
aorus mouse pad,baseline,ndcg,0.6487913416300581
apex pro,baseline,ndcg,0.15189185033586713
apple power adapter and lightning cable,baseline,ndcg,0.12476687233999427
apple watch bands silver,baseline,ndcg,0.06335619058732639
army sash,baseline,ndcg,0.34721143879331146
art supplies for kids 9-12,baseline,ndcg,0.0
art supply trolley,baseline,ndcg,0.1637733768567814
ash brown hair balayage short,baseline,ndcg,0.21024957183719528
audio bible,baseline,ndcg,0.3495518898291717
aveeno nourishing cleanser,baseline,ndcg,0.4423294634274222
baby bows,baseline,ndcg,0.0
baby flight bed,baseline,ndcg,0.05062540043444105
baby girl clothes photoshoot,baseline,ndcg,0.0
baby girl outfits,baseline,ndcg,0.05169369115446661
baby interactive toys 6 to 12 months,baseline,ndcg,0.0
baby irish clothes,baseline,ndcg,0.22546352519836096
baby wall art decals,baseline,ndcg,0.1637733768567814
backlit keycaps,baseline,ndcg,0.2658080206813687
bag for essential oils,baseline,ndcg,0.41234575217431296
baking sets nonstick,baseline,ndcg,0.0
ball trimmer men,baseline,ndcg,0.0
bamboo bath sheet,baseline,ndcg,0.6474722340862188
bar soap scrub pouch,baseline,ndcg,0.04295388471944384
barbie dolls,baseline,ndcg,0.0
barcel,baseline,ndcg,0.37744298345960303
barcelona jersey long sleeve,baseline,ndcg,0.6777441493662182
bath & shower safety mats,baseline,ndcg,0.17280278303257413
bathroom hooks for towels,baseline,ndcg,0.05412479622841818
bathtub hair catcher,baseline,ndcg,0.04930069892507245
bathtub tray,baseline,ndcg,0.0
battery powered inverter,baseline,ndcg,0.0
bb30 shimano bottom bracket,baseline,ndcg,0.4011135976278996
bbq grill,baseline,ndcg,0.11722252835572886
bcaa without artificial sweeteners,baseline,ndcg,0.08263898742327157
beanies,baseline,ndcg,0.0
bearded dragon light bulbs,baseline,ndcg,0.17060921827860473
beats x wireless earbuds,baseline,ndcg,0.0
bed frame with drawers king,baseline,ndcg,0.21296018375182635
bedroom lamp,baseline,ndcg,0.0
bedskirts full size,baseline,ndcg,0.10332949630181451
beeswax wood polish,baseline,ndcg,0.5472064285812664
beet chips,baseline,ndcg,0.7676015952202222
belief without borders,baseline,ndcg,0.3334726635238291
best teacher gifts for christmas,baseline,ndcg,0.12939550004470363
between the spark and the burn,baseline,ndcg,1.0
bevel skin care men,baseline,ndcg,0.14832133119424962
bibs for baby girl waterproof,baseline,ndcg,0.0
big dreams daily joys,baseline,ndcg,1.0
big gym towel,baseline,ndcg,0.0
bingo game,baseline,ndcg,0.15620663498818027
biodegradable wipes,baseline,ndcg,0.22746430309947757
black and white striped door mat,baseline,ndcg,0.0
black bodycon short dress,baseline,ndcg,0.0
black dress,baseline,ndcg,0.0
black fitflop,baseline,ndcg,0.4706830060676491
black hub caps,baseline,ndcg,0.0
black leather laptop backpack for women,baseline,ndcg,0.5969809277248416
black plastic ribbon,baseline,ndcg,0.24451687953089446
black shirt womens,baseline,ndcg,0.0
blank high security check paper,baseline,ndcg,0.5338664963250199
blessed not lucky,baseline,ndcg,0.731796386585168
blood circulation for feet,baseline,ndcg,0.0
blower motor,baseline,ndcg,0.04930069892507245
blue bathroom rugs,baseline,ndcg,0.3376362274073312
blue car bed,baseline,ndcg,0.2312806664973829
bluetooth headset with microphone,baseline,ndcg,0.04930069892507245
bluetooth sunglasses,baseline,ndcg,0.3565894437064862
body back scalp massager,baseline,ndcg,0.35917442976921266
bodycon dresses for women,baseline,ndcg,0.0
boneco a451,baseline,ndcg,0.8292601615340153
boogie wipes,baseline,ndcg,0.7304902286363357
book on dogs for 6 year old,baseline,ndcg,0.0
bookbag with wheels,baseline,ndcg,0.10575071917019173
bookcase,baseline,ndcg,0.07073717128739368
bottom bracket tool,baseline,ndcg,0.5113516230618197
boxed turtle,baseline,ndcg,0.1637733768567814
boy doll clothes 15 inch,baseline,ndcg,0.33722621904829786
boys gray boat shoes,baseline,ndcg,0.1637733768567814
boys queen size sheets,baseline,ndcg,0.4433874432581856
boys smart watch,baseline,ndcg,0.052875359585095864
bra extender 3 hook for plus size,baseline,ndcg,0.12046410806704796
braun series 7 replacement head,baseline,ndcg,0.15165262501495227
brayer rollers,baseline,ndcg,0.2575840874616795
broadway shirt,baseline,ndcg,0.5745894146178191
broom and dustpan,baseline,ndcg,0.3485426879740802
brown leather sofa pillows,baseline,ndcg,0.2854668213374439
bts merchandise,baseline,ndcg,0.0
bulwark flame resistant jacket,baseline,ndcg,0.7921980217411079
c7 z06 stage 2,baseline,ndcg,0.7615501803099929
cabinet knobs,baseline,ndcg,0.0705333542487353
cable modem,baseline,ndcg,0.0
cake mix,baseline,ndcg,0.0
calcium,baseline,ndcg,0.0
calily dog shampoo,baseline,ndcg,0.29036290084575983
calming bed for dogs,baseline,ndcg,0.1178744769853348
camo short short,baseline,ndcg,0.06031005981458391
camper courb,baseline,ndcg,0.7441140557478907
can am maverick x3 roof,baseline,ndcg,0.6408208273515668
canon camera on sale,baseline,ndcg,0.0
canon eos m50 - kit,baseline,ndcg,0.2199635131842664
canon t8i battery,baseline,ndcg,0.1574201986641837
car rooftop door step,baseline,ndcg,0.4166728618833761
carabiner clip,baseline,ndcg,0.058337253893336154
carbon monoxide detectors,baseline,ndcg,0.0
cars coloring book,baseline,ndcg,0.494058504422787
cbd,baseline,ndcg,0.3129308819533236
cd/dvd printers,baseline,ndcg,0.0
celtic knot earrings sterling silver,baseline,ndcg,0.5928811084672917
chacheres creole seasoning,baseline,ndcg,0.2671028731585959
chain extenders,baseline,ndcg,0.3661087440461026
champion home standby generator,baseline,ndcg,0.45970943645755863
chapstick total hydration,baseline,ndcg,0.41193871806495036
charlie brown costume,baseline,ndcg,0.6124399817067053
charmaine delta kitchen faucet,baseline,ndcg,0.3996758179753366
cheap laptops windows 10,baseline,ndcg,0.0
cheese dome with base,baseline,ndcg,0.3096081744814155
cheetah mount,baseline,ndcg,0.5557211406951896
cherry pie,baseline,ndcg,0.43889285053277677
chia and flax seed blend,baseline,ndcg,0.1919394082290355
chicago bears garden flag,baseline,ndcg,0.7897116510473011
chicago med,baseline,ndcg,0.0
christian books children,baseline,ndcg,0.0
christian cozy mysteries,baseline,ndcg,0.14695873982490262
christmas craft snowman,baseline,ndcg,0.15816380660347773
christmas music streaming,baseline,ndcg,0.33080622323865533
christmas stockings for girls,baseline,ndcg,0.0
christmas+top and dresses+for+women,baseline,ndcg,0.0
chromebook protectors,baseline,ndcg,0.10332949630181451
chronograph shooting,baseline,ndcg,0.7751482523375255
"city adventures, no. 3",baseline,ndcg,1.0
clear ball ornaments,baseline,ndcg,0.35600017558617925
clear floral case,baseline,ndcg,0.10332949630181451
clip on earrings,baseline,ndcg,0.04270006763257964
clock mechanism,baseline,ndcg,0.5000772645045816
coach wallet for women,baseline,ndcg,0.0
coffee mugs,baseline,ndcg,0.04845042272437554
coil incense,baseline,ndcg,0.42933195159593157
colorful decorations for party,baseline,ndcg,0.0
colorful keys and locks,baseline,ndcg,0.34413368358720625
comfify collapsible colander,baseline,ndcg,0.1308303690594047
computer stickers star wars,baseline,ndcg,0.3455477394561602
conchos for saddles,baseline,ndcg,0.3625574690906418
connector 6 pin,baseline,ndcg,0.35361608514184517
converse slip on,baseline,ndcg,0.0
cookie monster party supplies,baseline,ndcg,0.3228999450811581
cool slippers for men,baseline,ndcg,0.0
cool watch under 20,baseline,ndcg,0.0
cooling fan,baseline,ndcg,0.11428800339559922
cotton mask with filter pocket,baseline,ndcg,0.07586234590649749
couples octoberfest costume,baseline,ndcg,0.0
cow print bedding,baseline,ndcg,0.6948133568228183
crib sheet set boys,baseline,ndcg,0.0473411227365995
cricut create,baseline,ndcg,0.49287821623504624
crkt black knife,baseline,ndcg,0.4770596179558766
cubes travel luggage organizers,baseline,ndcg,0.0648407565921314
cutting board turquoise,baseline,ndcg,0.20464118971080777
cutting boards for kitchen dishwasher safe,baseline,ndcg,0.06335619058732639
cybling womens shoes,baseline,ndcg,0.07395695213498131
dammit doll,baseline,ndcg,0.45761267423758334
dc action figures 6 inch,baseline,ndcg,0.10575071917019173
dc court graffik shoes womens,baseline,ndcg,0.3344825153776215
dc motor,baseline,ndcg,0.39597348130066734
death march to the parallel world rhapsody light novel,baseline,ndcg,0.6572294494826014
decorative oil bottle,baseline,ndcg,0.07531297487081397
definitely not paid enough for this,baseline,ndcg,0.0
delonghi espresso machine,baseline,ndcg,0.19219635574803845
demon from the dark kresley cole,baseline,ndcg,0.3506929715288398
denim accessories,baseline,ndcg,0.19997131796348647
dermaroller,baseline,ndcg,0.1738628505505498
dessa,baseline,ndcg,0.5889255678238342
detachable phone lanyard purple,baseline,ndcg,0.3791369531629889
dial antibacterial hand soap,baseline,ndcg,0.5642580474567005
diamond dotz,baseline,ndcg,0.4062010141223324
diana gabaldon,baseline,ndcg,0.18246489372092609
dinosaur christmas shirt,baseline,ndcg,0.5187032767617973
dinosaur clothes children,baseline,ndcg,0.08993041811658074
dishes with animals on them,baseline,ndcg,0.0
dishwasher machine,baseline,ndcg,0.03098540231316372
divoom timebox,baseline,ndcg,0.4828791064230483
dj monitor speakers,baseline,ndcg,0.0
do not pet dog patch,baseline,ndcg,0.45932967188799373
do4u,baseline,ndcg,0.7441140557478907
dog dinosaur bone,baseline,ndcg,0.0
dog doors for exterior doors,baseline,ndcg,0.23430673110551667
dog sweaters for small dogs girl,baseline,ndcg,0.0
doggie screen,baseline,ndcg,0.11701316241395196
dokken,baseline,ndcg,0.5841160434988925
done with chemo,baseline,ndcg,0.5390031312763821
double wedding ring quilt pattern,baseline,ndcg,0.2073612289146658
drum pendant light,baseline,ndcg,0.5331574493448918
dry cell batteries,baseline,ndcg,0.0818866884283907
dry itchy skin relief for dogs,baseline,ndcg,0.13912582516207192
dual monitor docking station for laptop,baseline,ndcg,0.2485723753175316
dump truck light,baseline,ndcg,0.18854603801410327
dungeons and dragon miniatures,baseline,ndcg,0.2673154472919771
duramax sticker,baseline,ndcg,0.48470702662051635
dust cloths reusable,baseline,ndcg,0.06335619058732639
dust collectors for woodworking,baseline,ndcg,0.0
dutch oven le creuset,baseline,ndcg,0.24577252025716387
dvd player,baseline,ndcg,0.27116870780538266
eco friendly cloth napkins,baseline,ndcg,0.2617422773016363
educational toys for 6 year olds,baseline,ndcg,0.15244000961482582
egyptian makeup,baseline,ndcg,0.43590250202144243
elephant tea mug,baseline,ndcg,0.7438314027190706
elevation training mask,baseline,ndcg,0.6807578651605644
embroidery letter patches,baseline,ndcg,0.3489895615869866
endure book,baseline,ndcg,0.3098731481364648
engraved rolling pin,baseline,ndcg,0.31363350447510524
erase pro,baseline,ndcg,0.5954883158353995
esp32 can-bus,baseline,ndcg,0.0
evenflo bottles,baseline,ndcg,0.6087022017608726
exhaust back pressure tester,baseline,ndcg,0.523654074262131
extension cord 10 ft usb port,baseline,ndcg,0.0
exterior light white,baseline,ndcg,0.4195229158357219
extra large wire dog crate,baseline,ndcg,0.0
face make for 10,baseline,ndcg,0.014732295162907532
falling skies,baseline,ndcg,0.0
fancy feast wet cat food,baseline,ndcg,0.0705333542487353
fangs 2.0 evil teeth dental veneer,baseline,ndcg,0.5487984264631184
fedora,baseline,ndcg,0.25817125852798034
feeder baby,baseline,ndcg,0.3382024000713709
fenwick casting rod,baseline,ndcg,0.6566364388150966
fire place,baseline,ndcg,0.0
first man dvd,baseline,ndcg,0.45522076321396443
flannel quilt fabric,baseline,ndcg,0.2671028731585959
flash items,baseline,ndcg,0.07347739090382172
flat iron heat resistant mat,baseline,ndcg,0.15130526417047127
florida maps,baseline,ndcg,0.47786016972905804
flower art prints,baseline,ndcg,0.052875359585095864
fluo bike. tape,baseline,ndcg,0.20443682063709898
flying disc,baseline,ndcg,0.058337253893336154
fm transmitter bluetooth for car anker,baseline,ndcg,0.6967729330112913
fob battery,baseline,ndcg,0.43860167448331094
fogless mirror for shower,baseline,ndcg,0.19690762716662433
frozen pop up adventure,baseline,ndcg,0.3365195978042655
full size kids quilt set,baseline,ndcg,0.38003125267085913
g-spot clitoral sucking vibrator,baseline,ndcg,0.0
g6a-8e,baseline,ndcg,0.4301257936809202
gacha life,baseline,ndcg,0.0
garden drill bit for planting,baseline,ndcg,0.5588978710176855
gasoline container 5 gallon,baseline,ndcg,0.0
gate,baseline,ndcg,0.0
gatorade bottle,baseline,ndcg,0.3268125078151481
gaxaly note 9 case,baseline,ndcg,0.0
gefilte fish,baseline,ndcg,0.731094844414278
gel grip tape clear,baseline,ndcg,0.11033151395223711
gel wet look hair,baseline,ndcg,0.32308458180416816
gh06 tripod,baseline,ndcg,0.27335460726201305
girls bible,baseline,ndcg,0.05459112561892713
girls comforter sets full,baseline,ndcg,0.0
glass pipes for tobacco,baseline,ndcg,0.0
glossy photo paper 4x6,baseline,ndcg,0.4828791064230483
go pro,baseline,ndcg,0.0
godzilla tapestry,baseline,ndcg,0.7305933909500779
goggle face shield,baseline,ndcg,0.32343039907636906
gold shirt women,baseline,ndcg,0.0
goodthreads long sleeve slim fit,baseline,ndcg,0.1743377274884058
google chromecast,baseline,ndcg,0.34821842482495635
gopro,baseline,ndcg,0.03079934692340868
grandparents gifts,baseline,ndcg,0.10764243204553908
grapes,baseline,ndcg,0.05019834727103789
green yeti water bottle,baseline,ndcg,0.03725544413276451
grey sweater,baseline,ndcg,0.0
gwent cards,baseline,ndcg,0.3563431158142594
hair dye white permanent,baseline,ndcg,0.2603311835611227
hair toner,baseline,ndcg,0.1449305008553118
haka,baseline,ndcg,1.0
halloween decorations clearance,baseline,ndcg,0.0
halloween gown for women,baseline,ndcg,0.0
happy 50th birthday decorations,baseline,ndcg,0.3068485459351087
happy 60th birthday stickers,baseline,ndcg,0.6131471927654584
hasbro,baseline,ndcg,0.0
hd20 bulb optoma,baseline,ndcg,0.7944322510700572
hdmi displayport adapter,baseline,ndcg,0.22712956744410778
heavy duty wall hooks,baseline,ndcg,0.08380546215452389
heel slip pads,baseline,ndcg,0.16761092430904778
hell costume,baseline,ndcg,0.0
hemp wick,baseline,ndcg,0.6857768018545547
henry and the kite dragon,baseline,ndcg,0.6735439182299785
hercules costume,baseline,ndcg,0.6974495294627108
here is new york e.b. white,baseline,ndcg,0.32144124649173067
hiboy,baseline,ndcg,0.4279071556706507
high beach chairs for adults,baseline,ndcg,0.1637733768567814
high quality drone,baseline,ndcg,0.06560943871624222
hippie clothing for men,baseline,ndcg,0.0
home gym,baseline,ndcg,0.0
hose reel,baseline,ndcg,0.0
hot thermos for food,baseline,ndcg,0.1076379528184086
how does a dinosaur,baseline,ndcg,0.0
hp 250 g7,baseline,ndcg,0.6796402418812761
huawei mate 20 case,baseline,ndcg,0.7441140557478907
humidifiers diffusers,baseline,ndcg,0.08799699265292184
hydraulics pumps,baseline,ndcg,0.2767232227338422
hydro flask 32 oz,baseline,ndcg,0.09298538130343073
if lost or drunk please return to bestie,baseline,ndcg,0.7441140557478907
ignition coil,baseline,ndcg,0.2845601638744757
imaginext,baseline,ndcg,0.0
imak compression arthritis gloves,baseline,ndcg,0.6277475137696562
ina may's guide to breastfeeding,baseline,ndcg,0.30421676445363094
inclusion dividend,baseline,ndcg,0.7653606369886218
individual hand wipes,baseline,ndcg,0.17487131226208885
indoor driving range,baseline,ndcg,0.3964766276052722
inner pot 6 qt,baseline,ndcg,0.31656095702445874
instant pot cooker,baseline,ndcg,0.0
ipad 6 gen case,baseline,ndcg,0.0
iphone 5s case,baseline,ndcg,0.1146046310598062
iphone 6 case glitter silver,baseline,ndcg,0.5455206287241073
iphone 7 case incipio,baseline,ndcg,0.7103643131832809
iphone 8 plus case with stand,baseline,ndcg,0.05169369115446661
iphone se otterbox,baseline,ndcg,0.20020214734213046
iphone xr game controller,baseline,ndcg,0.0721860959769207
iphone xs max case for women bling,baseline,ndcg,0.3673535097658346
iphone xs max screen protector edge to edge full coverage,baseline,ndcg,0.2859714792564239
irish moss seed,baseline,ndcg,0.1637733768567814
iron decor,baseline,ndcg,0.10332949630181451
ishi,baseline,ndcg,0.872870994695094
italian cookies from italy,baseline,ndcg,0.10332949630181451
iwatch bands 40mm womens,baseline,ndcg,0.0
japanese candy,baseline,ndcg,0.20390543286341287
japanese cherry blossom eau-de-parfum,baseline,ndcg,0.2950844129738376
jeep srt8,baseline,ndcg,0.5050159787346172
jim mora shirt,baseline,ndcg,0.46347188963014985
john daly poster,baseline,ndcg,0.7678620595110026
jull,baseline,ndcg,0.0
june june hannah shirt,baseline,ndcg,0.7305933909500779
ka-bar,baseline,ndcg,0.19690762716662433
keyboard piano,baseline,ndcg,0.13444257580784122
kick buttowski,baseline,ndcg,0.7382215928042346
kid animal plates,baseline,ndcg,0.0
kid rain boots,baseline,ndcg,0.0
kid rings,baseline,ndcg,0.23993439276888537
kids chlorine removal shampoo,baseline,ndcg,0.5487984264631184
king bed sheets cotton,baseline,ndcg,0.0705333542487353
king comforter set,baseline,ndcg,0.05459112561892713
kino yoga books,baseline,ndcg,0.1637733768567814
kitchen faucets,baseline,ndcg,0.04214302778527281
kitchen organizer,baseline,ndcg,0.0
kitchen rugs,baseline,ndcg,0.12297452411780795
kitchen set,baseline,ndcg,0.2311745216546913
kms hair play paste,baseline,ndcg,0.0
kotobukiya snowtrooper,baseline,ndcg,0.4195229158357219
ks resin,baseline,ndcg,0.0
lace front wig ombre blonde,baseline,ndcg,0.2547641151198941
ladies pull on shorts elastic waist,baseline,ndcg,0.0
lantern old fashioned,baseline,ndcg,0.2921558967778807
laptop 14 inch,baseline,ndcg,0.0
laptop power adapters,baseline,ndcg,0.0
large bracelet mold,baseline,ndcg,0.3529947765484897
large dog bed cute,baseline,ndcg,0.0
large planters,baseline,ndcg,0.0
laundry hamper wooden,baseline,ndcg,0.0
led edison bulb,baseline,ndcg,0.0
led lights strip,baseline,ndcg,0.09546554698454596
legend of zelda breath of the wild,baseline,ndcg,0.2526013765487695
lego lego movie,baseline,ndcg,0.0
leopard stationary,baseline,ndcg,0.3064417927022693
leotard,baseline,ndcg,0.0
lg cx oled 65,baseline,ndcg,0.2642203684565397
lg v20 case,baseline,ndcg,0.150670619038414
light box tracer,baseline,ndcg,0.39186000843612057
light with switch,baseline,ndcg,0.0
lillypad floating mat,baseline,ndcg,0.25470463470272486
lipoic acid,baseline,ndcg,0.3881138801617116
lock,baseline,ndcg,0.05459112561892713
logitech headset,baseline,ndcg,0.15081825230187934
logitech wireless keyboard,baseline,ndcg,0.2229939275996474
long crochet hooks,baseline,ndcg,0.3859922061350022
long sleeve dresses for girl kids,baseline,ndcg,0.0
long sleeve t shirt women,baseline,ndcg,0.0
long workout tank tops for women loose fit,baseline,ndcg,0.33542887380538294
lp-e17 watson,baseline,ndcg,0.5438704889437361
luigi costume kids,baseline,ndcg,0.14518779648471808
lunch backpack,baseline,ndcg,0.0663010528204419
lunch ice pack,baseline,ndcg,0.13668082173961976
ma,baseline,ndcg,0.38685280723454163
macbook charger repair,baseline,ndcg,0.0
madame x,baseline,ndcg,0.743989038285155
magic bullet replacement rubber,baseline,ndcg,0.6858190769033709
mailbox with locks with keys,baseline,ndcg,0.0
make america great again hat,baseline,ndcg,0.10133269082404128
makeup organizer drawers,baseline,ndcg,0.11069731332392588
male sex toys,baseline,ndcg,0.0
mark the shark book,baseline,ndcg,0.0
marker tip pens,baseline,ndcg,0.06335619058732639
marshmello costume,baseline,ndcg,0.0
mary meyer baby mat,baseline,ndcg,0.8108042378328758
massage gaming chair,baseline,ndcg,0.22716386214716533
mastectomy pillow,baseline,ndcg,0.5686292284305039
math flash cards 4th grade,baseline,ndcg,0.5352717435553747
mcgraw hill medical spanish,baseline,ndcg,0.28728324027692265
meat saw electric,baseline,ndcg,0.2748715831527309
medical wipes,baseline,ndcg,0.05459112561892713
melissa and doug puzzles,baseline,ndcg,0.1716850079133013
melting pot,baseline,ndcg,0.2848105855670093
men plaid pants slim fit,baseline,ndcg,0.3418100812749561
men shoes athletic basketball,baseline,ndcg,0.0
men's elastic waist pants,baseline,ndcg,0.06274479614969945
men's skechers,baseline,ndcg,0.0
mens black wallet trifold,baseline,ndcg,0.14290158383687387
mens hoodies buffalo,baseline,ndcg,0.0
mens nikes shoes,baseline,ndcg,0.0
mens pocket square,baseline,ndcg,0.0
metal puzzles brain teasers,baseline,ndcg,0.22316354947562228
mexican dish,baseline,ndcg,0.0
michael scott sequin pillow covers,baseline,ndcg,0.19809840435902779
mickey baby costume,baseline,ndcg,0.5608244481712239
microphone headset podcast,baseline,ndcg,0.07901380334086769
microsoft surface,baseline,ndcg,0.18089255931589746
milwaukee drills,baseline,ndcg,0.0
minnie iphone x case,baseline,ndcg,0.6076661739119278
mirrolure suspending twitchbait,baseline,ndcg,0.21296018375182635
mirror tv,baseline,ndcg,0.46066056189578364
misswig synthetic curly wig,baseline,ndcg,0.2817840919171975
mobile magnet antenna mount bnc,baseline,ndcg,0.1637733768567814
moisture socks,baseline,ndcg,0.0
molding,baseline,ndcg,0.1637733768567814
mosquito patches,baseline,ndcg,0.5316882240417288
mother's ring,baseline,ndcg,0.07594620040648313
motorcycle helmet with sun visor,baseline,ndcg,0.10389182454399959
mouse pad red lightning,baseline,ndcg,0.6482321775327771
multi surface cleaner,baseline,ndcg,0.061168868825674405
mummy decor,baseline,ndcg,0.41740716084014073
mushroom table,baseline,ndcg,0.502861525187049
mustard tops for women,baseline,ndcg,0.0
my baby registry,baseline,ndcg,0.0
n95 not kn95 masks,baseline,ndcg,0.0
nail grinder,baseline,ndcg,0.0
nail polish & decoration products,baseline,ndcg,0.0
nail tips,baseline,ndcg,0.3489895615869866
name necklace personalized rose gold,baseline,ndcg,0.2750098253704197
native deodorant for men,baseline,ndcg,0.2366006127740339
natural millet,baseline,ndcg,0.589119811295169
natural odor eliminator,baseline,ndcg,0.0
navistar international,baseline,ndcg,0.8097090645058168
neck cream,baseline,ndcg,0.33045906374592227
nerf all guns,baseline,ndcg,0.0
neutrogena spray sunscreen 100,baseline,ndcg,0.45380319188281165
night light,baseline,ndcg,0.0
nightmare before christmas sally dress,baseline,ndcg,0.4767160661796157
nike pants men,baseline,ndcg,0.0
nike pullover hoodie men,baseline,ndcg,0.32381755929722805
nike socks unisex,baseline,ndcg,0.23430673110551667
ninja maker594,baseline,ndcg,0.7871546029909718
note 10+ camera protector,baseline,ndcg,0.7299554334326586
note10,baseline,ndcg,0.0
number memory game,baseline,ndcg,0.22196389258043595
nutcracker,baseline,ndcg,0.2600755166850067
office pens,baseline,ndcg,0.0
oil free face moisturizer,baseline,ndcg,0.1586260787552876
one protein bars,baseline,ndcg,0.33163587101314074
onesies for women,baseline,ndcg,0.0
oodies,baseline,ndcg,0.4318711546920674
oranges,baseline,ndcg,0.2365617366091422
origins grapefruit body wash,baseline,ndcg,0.0
outdoor baby swing,baseline,ndcg,0.2671028731585959
outdoor furniture bistro sets,baseline,ndcg,0.10332949630181451
outdoor rugs for patios,baseline,ndcg,0.0
outdoor wall covering,baseline,ndcg,0.0
outlet cover,baseline,ndcg,0.150670619038414
oval tablecloth,baseline,ndcg,0.26978476535526974
over the door mirror,baseline,ndcg,0.29912222155681173
over the shoulder wallet,baseline,ndcg,0.0
overland gear,baseline,ndcg,0.3791369531629889
owl banner,baseline,ndcg,0.7483890170952514
oxford studies in digital politics,baseline,ndcg,0.7441140557478907
pack of scarfs for women,baseline,ndcg,0.0
pagan stickers,baseline,ndcg,0.23246675850553572
pajamas for girls,baseline,ndcg,0.0
pajamas women,baseline,ndcg,0.0
panasonic th-42pz700u,baseline,ndcg,0.8358912271816662
panthers phone case,baseline,ndcg,0.3753566964291025
paperwhite kindle,baseline,ndcg,0.0
parasite books,baseline,ndcg,0.1637733768567814
party dress 4t,baseline,ndcg,0.10313834007270505
patrin,baseline,ndcg,0.7581947356101209
pebeo vitrail,baseline,ndcg,0.5958074859353115
pei 3d printer sheet,baseline,ndcg,0.7897116510473011
pentair pentek big blue,baseline,ndcg,0.3090197238811629
people magazine home time,baseline,ndcg,0.0
percussion massager,baseline,ndcg,0.05686973942620158
perfume saint laurent,baseline,ndcg,0.0818866884283907
petite dressy spandex pants,baseline,ndcg,0.05515816874252109
pflueger president spinning reel,baseline,ndcg,0.5097677829730799
phillips norelco replacement blades,baseline,ndcg,0.2950844129738376
phone case for an lg,baseline,ndcg,0.08531633894917734
pink lunch box,baseline,ndcg,0.2392298132092336
pink toothpicks for appetizers,baseline,ndcg,0.31211109533176656
pioneer woman cookware,baseline,ndcg,0.8222511641792404
pj robe kids,baseline,ndcg,0.0
plague doctor mask,baseline,ndcg,0.6046134797998552
plasti dip,baseline,ndcg,0.41715886660988705
play kitchen for toddlers accessories,baseline,ndcg,0.0
plug in room fresheners for home,baseline,ndcg,0.0
pocket folders with brads,baseline,ndcg,0.0
pokemon super mystery dungeon 3ds,baseline,ndcg,0.43728404732947945
porcelain figurines collectibles,baseline,ndcg,0.0
portable cologne sprayer,baseline,ndcg,0.4138074785018674
portable lint remover,baseline,ndcg,0.3475995053423758
powder coat paint,baseline,ndcg,0.5214682725103095
power steering low pressure return line,baseline,ndcg,0.1637733768567814
princess accesories,baseline,ndcg,0.0
princess leia costume women,baseline,ndcg,0.20736122891466585
protector lg q7,baseline,ndcg,0.35425075194746725
ps4 console,baseline,ndcg,0.0
ps4 joystick controller,baseline,ndcg,0.0
pumping backpack,baseline,ndcg,0.3376362274073312
pure dhea 25mg,baseline,ndcg,0.20594711543813402
pure wave massager,baseline,ndcg,0.1852161847302052
purity products,baseline,ndcg,0.7441140557478907
purple silicone spatula,baseline,ndcg,0.5869539210762215
push up handles for floor rotating,baseline,ndcg,0.29575997348160377
queen size blanket cover,baseline,ndcg,0.08729217096219641
quick read digital thermometer,baseline,ndcg,0.3210337474548055
rabbit drinking bottle,baseline,ndcg,0.2671028731585959
rae dunn christmas mug,baseline,ndcg,0.365993705795558
rainbow loom bands,baseline,ndcg,0.23246675850553572
rc transmitter and receiver,baseline,ndcg,0.4099817029484782
read it yourself,baseline,ndcg,0.47964611780800936
real rose petals,baseline,ndcg,0.5162375767183125
rebel eos t3 macro lens,baseline,ndcg,0.21674376980490204
red casual dress,baseline,ndcg,0.11502093873823364
red cedar log yearbook,baseline,ndcg,0.7441140557478907
red hair color permanent,baseline,ndcg,0.0
red led 12v,baseline,ndcg,0.052875359585095864
red worms live,baseline,ndcg,0.5958074859353115
removable stove top cover,baseline,ndcg,0.0
renaiss oil painting,baseline,ndcg,0.7441140557478907
renewed,baseline,ndcg,0.0
respirator mask dust,baseline,ndcg,0.0
retirement party decorations for women,baseline,ndcg,0.47840843053558274
retractable screen doors,baseline,ndcg,0.22712956744410778
reusable produce bags,baseline,ndcg,0.051664748150907255
reusable water bottles bpa free 16 oz,baseline,ndcg,0.33294583887065393
ribeye steaks,baseline,ndcg,0.3608959146360441
rice seasoning,baseline,ndcg,0.6054107982470751
ride on tractor,baseline,ndcg,0.19454357794078955
rilakkuma lanyard,baseline,ndcg,0.42895125855703226
ring light for iphone,baseline,ndcg,0.1650264134380875
ripped capris for women plus size,baseline,ndcg,0.1231515475172089
robert plant,baseline,ndcg,0.24566006528517206
rolling organizer,baseline,ndcg,0.10764243204553908
root touch up blonde ),baseline,ndcg,0.1292278111649902
rope skipping without rope,baseline,ndcg,0.3176325960305926
royal blue striped shirt women,baseline,ndcg,0.0
rubber grommet plugs,baseline,ndcg,0.0
rudin by ivan turgenev,baseline,ndcg,0.7085426788426443
rug sets 3 piece with runner,baseline,ndcg,0.0
s8,baseline,ndcg,0.0
sa bodywash,baseline,ndcg,0.0
sagittarius,baseline,ndcg,0.26945175348671707
sailor moon choker,baseline,ndcg,0.0
samsung 9 case,baseline,ndcg,0.0
samsung fridge water filter rf24fsedbsr,baseline,ndcg,0.1637733768567814
samsung galaxy s9 charger fast charging,baseline,ndcg,0.0705333542487353
samsung watch protector 40mm,baseline,ndcg,0.3420724034652962
sandbox truck,baseline,ndcg,0.35471645013233827
santa wrapping paper,baseline,ndcg,0.3296101425627874
satanic hoodie,baseline,ndcg,0.8136777152371016
sawgrass ink,baseline,ndcg,0.7441140557478907
scales digital weight food,baseline,ndcg,0.0
scallops,baseline,ndcg,0.38181921172336253
scoutmaster minutes,baseline,ndcg,0.3202459998449349
screw kit,baseline,ndcg,0.06603280145300927
se seat clamp,baseline,ndcg,0.46935768458245514
sea life camera,baseline,ndcg,0.0
seanan mcguire,baseline,ndcg,0.5494409870340958
security camera hd,baseline,ndcg,0.0
shampoo buddy,baseline,ndcg,0.18672776492534798
shams,baseline,ndcg,0.14524287901571709
shazam,baseline,ndcg,0.31422360493010765
shea moisture body wash,baseline,ndcg,0.5571081994541727
shilajit honey,baseline,ndcg,0.4966392596877323
shiny car decal,baseline,ndcg,0.18814672540721936
shirt pins for women,baseline,ndcg,0.4939033897934694
shoe s,baseline,ndcg,0.0
shoes with wheels for boys,baseline,ndcg,0.10172613240670578
shop air filtration system,baseline,ndcg,0.17380903214517365
shoyo drink,baseline,ndcg,0.313648237909089
shredders for home,baseline,ndcg,0.10332949630181451
signal booster band 12,baseline,ndcg,0.13118738735346316
silk flowers,baseline,ndcg,0.0
silk sweaters for petite women,baseline,ndcg,0.0
similac milk,baseline,ndcg,0.36954359367976214
simple womens halloween costumes,baseline,ndcg,0.0
size 15 knitting needles,baseline,ndcg,0.5412163603163844
size 6 diapers,baseline,ndcg,0.3205446802834278
sketch book binder,baseline,ndcg,0.0
skywatcher dobsonian 8,baseline,ndcg,0.26811948606118813
slim leg straight cut jeans,baseline,ndcg,0.0
sling backpack purse for women kavu,baseline,ndcg,0.0
slots organizer,baseline,ndcg,0.13179780179612438
small 2 tier bookshelf,baseline,ndcg,0.17852390428885567
small dog collars with bling,baseline,ndcg,0.40065430973789384
small pet wood ladder,baseline,ndcg,0.3332643851806405
small plastic storage cubes,baseline,ndcg,0.056219089761923684
"smart watch color women, men black",baseline,ndcg,0.0705333542487353
smie,baseline,ndcg,0.4935232796777482
sml,baseline,ndcg,0.3359885388550594
snacks,baseline,ndcg,0.0
snow and rain boots for women,baseline,ndcg,0.028153188500937364
snowflake necklace,baseline,ndcg,0.4955416804303591
sofa cover for dogs,baseline,ndcg,0.0473411227365995
sog fixed blade knives with sheath,baseline,ndcg,0.27411348715778855
solar christmas tree,baseline,ndcg,0.06335619058732639
sony xperia l1 case,baseline,ndcg,0.8222198248312103
sound bars for tv,baseline,ndcg,0.08242028763336331
spider crop top,baseline,ndcg,0.24253376692409936
spinnypins,baseline,ndcg,0.186727764925348
split monitor adapter for computer,baseline,ndcg,0.0
splitter cable for headset,baseline,ndcg,0.43860167448331094
st patricks day door decoration,baseline,ndcg,0.10332949630181451
stanley thermos,baseline,ndcg,0.648259000993486
star wars edge of the empire,baseline,ndcg,0.8220670063536581
star wars imperial star destroyer,baseline,ndcg,0.553898174079517
stihl ms200,baseline,ndcg,0.7441140557478907
stocking holder,baseline,ndcg,0.27670175636904465
story grid,baseline,ndcg,0.7134173741846355
straight crochet hair,baseline,ndcg,0.2838648525947932
strawberry sweater,baseline,ndcg,0.24248137784850515
stuart woods the short forever,baseline,ndcg,0.6884140589603145
suction cup holder for desk,baseline,ndcg,0.22480342897713854
sundiata,baseline,ndcg,1.0
sunflower blue hair wreath,baseline,ndcg,0.4195229158357219
survival kit,baseline,ndcg,0.1625517786440709
swim caps for women swimming waterproof,baseline,ndcg,0.37754393732055336
t,baseline,ndcg,0.0
tab a case,baseline,ndcg,0.04930069892507245
table board reversible cutting board,baseline,ndcg,0.32696516460623914
table lamp designed,baseline,ndcg,0.1637733768567814
tablet,baseline,ndcg,0.040093481949883686
tacks for upholstery,baseline,ndcg,0.6975364419131064
tazo iced tea,baseline,ndcg,0.6618946402488044
teamsters,baseline,ndcg,0.6401501455276762
teenage girl gifts,baseline,ndcg,0.0
teriyaki sauce,baseline,ndcg,0.0
thank you note cards without envelopes,baseline,ndcg,0.2508886039242244
the big easy,baseline,ndcg,0.7227265726449517
the female of the species,baseline,ndcg,0.9585623868910822
the manor house murder,baseline,ndcg,0.5123792594275303
the school of greatness by lewis howes,baseline,ndcg,0.41836038347388593
the taking of deborah logan,baseline,ndcg,0.57064171895532
through wall heat and a/c,baseline,ndcg,0.0
tik tok led lights,baseline,ndcg,0.0
timberland for women,baseline,ndcg,0.0
tinting wrap tools,baseline,ndcg,0.13934391116046424
to son from dad,baseline,ndcg,0.22747895770480633
tool lp,baseline,ndcg,0.4576348016934139
tooth grinding,baseline,ndcg,0.0
top gear,baseline,ndcg,0.1422056095407645
touch free soap dispenser,baseline,ndcg,0.30358247779557973
towels bathroom sets clearance prime,baseline,ndcg,0.0
toy grill set for boys,baseline,ndcg,0.22633506074674944
translator without internet,baseline,ndcg,0.31332071848250664
trash cans for office,baseline,ndcg,0.0
travel cord roll,baseline,ndcg,0.36592906401243025
troika: a communicative approach,baseline,ndcg,0.8728709946950942
troll dolls,baseline,ndcg,0.41038849604829164
trooper bandana shoe,baseline,ndcg,0.4324081144976351
turmeric extract,baseline,ndcg,0.2212039732871493
turquoise blue dress,baseline,ndcg,0.5752036042893832
tutu skirt for baby girl,baseline,ndcg,0.0
tutus for women,baseline,ndcg,0.17172272497445298
twin xl comforter for college girls,baseline,ndcg,0.0
ubbi diaper pail,baseline,ndcg,0.2409056621261924
under armour,baseline,ndcg,0.0
under armour rock project,baseline,ndcg,0.5128694482784918
under counter lighting,baseline,ndcg,0.0473411227365995
unlocked pixel 3,baseline,ndcg,0.10687990799439234
unlocked samsung galaxy s9 plus,baseline,ndcg,0.4081971419355605
urns for human ashes,baseline,ndcg,0.11898544770857918
ursa major,baseline,ndcg,0.5803406788911093
usb extension cord,baseline,ndcg,0.0
uv filter 49mm,baseline,ndcg,0.6975364419131064
valenties,baseline,ndcg,0.5958074859353115
valentines gifts for him,baseline,ndcg,0.0
vcr dvd combo,baseline,ndcg,0.6521485540430753
vegan protein powder,baseline,ndcg,0.10575071917019173
velvet dresses for women,baseline,ndcg,0.05753418364124443
vest zipper women,baseline,ndcg,0.07900284338903894
victor mouse trap,baseline,ndcg,0.4552302664591073
video games,baseline,ndcg,0.09586820699422144
vintage veil hat,baseline,ndcg,0.45092180994251324
vinyl coated weights 10 lb,baseline,ndcg,0.22712956744410778
vinyl records,baseline,ndcg,0.0
vocabulary builder,baseline,ndcg,0.4623923485846713
voda reve,baseline,ndcg,0.5030904516575293
volt lighting transformer,baseline,ndcg,0.3785502329443598
vortrak,baseline,ndcg,0.8003339482759028
voss,baseline,ndcg,0.5084623686415938
wahl finale,baseline,ndcg,0.25015500229870474
walk on red sole paint,baseline,ndcg,0.18672776492534798
wall lights bedroom,baseline,ndcg,0.058337253893336154
wall mounted wooden spice storage rack,baseline,ndcg,0.0
wallniture,baseline,ndcg,0.3513384419151077
water pills sundown,baseline,ndcg,0.7747490716788243
waterproof limit switch,baseline,ndcg,0.5412163603163844
waxing strips for men,baseline,ndcg,0.4917166758469882
wd purple 8tb,baseline,ndcg,0.6637534341498917
we could've finished last without you,baseline,ndcg,1.0
weber grill cover,baseline,ndcg,0.170994143405735
weighted blanket without beads,baseline,ndcg,0.11245169315382891
wella 7r 810,baseline,ndcg,0.1637733768567814
wheelchair for adults,baseline,ndcg,0.0536466452928127
white booties,baseline,ndcg,0.18978331463073023
white collar long sleeve shirt women,baseline,ndcg,0.0
white messenger bag,baseline,ndcg,0.18962429871149433
white platform bed frame queen,baseline,ndcg,0.23827450749053591
white spandex shorts under dresses,baseline,ndcg,0.0
white strobe lights,baseline,ndcg,0.03170912751149085
wifi siren alarm,baseline,ndcg,0.3486418225778423
window plant holder outdoor,baseline,ndcg,0.22601571275301205
windows 10 for dummies,baseline,ndcg,0.6854187339519804
windproof lighter rechargeable flexible,baseline,ndcg,0.4236684702723753
winter cycling shoe covers,baseline,ndcg,0.6428065593941965
winter jacket,baseline,ndcg,0.0
wireless keyboard mouse combo,baseline,ndcg,0.2026172181748163
womans wallet,baseline,ndcg,0.0
women cardigan,baseline,ndcg,0.0
women strapless bathing suit,baseline,ndcg,0.20230031619772842
women zip up hoodie,baseline,ndcg,0.0
women's crop-top letter printed sweatshirt usa,baseline,ndcg,0.19809840435902779
women's running socks,baseline,ndcg,0.13349213644224003
womens 3/4 sleeve tops and blouses,baseline,ndcg,0.0681429275106382
womens open front hoodie,baseline,ndcg,0.18093017944375173
womens sexy xl shirt,baseline,ndcg,0.09451789770254629
womens summer hat,baseline,ndcg,0.0644486302826085
womens swimsuits plus size two piece,baseline,ndcg,0.0
wood shelves wall mounted,baseline,ndcg,0.0
wooden gifts for men,baseline,ndcg,0.0
wooden stool,baseline,ndcg,0.0
wooden suit hangers for men,baseline,ndcg,0.1305781215732039
word wall letters,baseline,ndcg,0.16761092430904778
work pants for women office plus size,baseline,ndcg,0.0
wrench arborist,baseline,ndcg,0.2960819109658653
wrestling shoes,baseline,ndcg,0.11292837951226327
wrist compression brace,baseline,ndcg,0.21111449959338088
wristlet crossbody anti theft,baseline,ndcg,0.1852161847302052
wusthof knife set without block,baseline,ndcg,0.18133812001630714
xbox one compatible keyboard and mouse combo,baseline,ndcg,0.24355343862354134
xlr splitter 2 female 1 male,baseline,ndcg,0.3498457618388593
yamaha psr ew410,baseline,ndcg,0.7904416055376964
yogi tea stomach ease,baseline,ndcg,0.5527489472785443
yongnuo led,baseline,ndcg,0.7110942644920043
youtu,baseline,ndcg,0.0
zinc liquid supplement,baseline,ndcg,0.4293532016106841
zoom eyepiece for telescope,baseline,ndcg,0.7582882808273954
zumba shoes,baseline,ndcg,0.28006770152520377
zyrtec,baseline,ndcg,0.3457780380739949
- we are not such things,baseline,prec@10,0.0
1-8x scope,baseline,prec@10,0.2
10 inch bookshelf,baseline,prec@10,0.1
10 magnetic eyelashes without eyeliner,baseline,prec@10,0.2
10.9 inch ipad case without pencil holder,baseline,prec@10,0.2
108 curtains without grommet,baseline,prec@10,0.0
11 x 21 plant trays for seedlings without holes,baseline,prec@10,0.2
11 year old girl gifts,baseline,prec@10,0.0
12 month xbox live gold digital,baseline,prec@10,0.0
12 v cable,baseline,prec@10,0.0
12x20 throw pillow covers set of 2,baseline,prec@10,0.5
144hz gaming monitor,baseline,prec@10,0.0
2 be or not 2b,baseline,prec@10,0.0
2 pin converter,baseline,prec@10,0.0
"2.5"" hdd",baseline,prec@10,0.0
20g nose ring hoop,baseline,prec@10,0.0
27 in curved monitor,baseline,prec@10,0.2
2k digital picture frame,baseline,prec@10,1.0
3 way faucet,baseline,prec@10,0.5
3-6 months denim overalls,baseline,prec@10,0.3
3-inch drawer pulls natural,baseline,prec@10,0.0
32 inch curved monitor,baseline,prec@10,0.3
36 bar stools,baseline,prec@10,0.0
3d mink lashes,baseline,prec@10,0.1
3d printer,baseline,prec@10,0.4
3d printer nozzle,baseline,prec@10,0.4
45 inch smart tv,baseline,prec@10,0.2
4k hdmi switch,baseline,prec@10,0.4
4k tv samsung,baseline,prec@10,0.0
5 candle,baseline,prec@10,0.3
55 inch tv wall mount,baseline,prec@10,0.1
6 ft table cover fitted,baseline,prec@10,0.4
6 hole saw for cornhole boards,baseline,prec@10,0.4
600w power supply 80 plus,baseline,prec@10,0.5
70s outfits for women,baseline,prec@10,0.0
7xl lab coat,baseline,prec@10,0.2
a deed without a name,baseline,prec@10,0.9
a veterans christmas,baseline,prec@10,0.0
a year without autumn,baseline,prec@10,0.1
a. c. bhaktivedanta swami prabhupada,baseline,prec@10,0.4
acrylic magnetic frame,baseline,prec@10,0.5
addidas shoes,baseline,prec@10,0.0
adjustable hitch,baseline,prec@10,0.2
air force 1 '07 shoes for women,baseline,prec@10,0.1
air fryer oven,baseline,prec@10,0.0
air nike jordan 1,baseline,prec@10,0.2
air pods case panda,baseline,prec@10,0.2
ajax dishwashing liquid,baseline,prec@10,0.4
alienware monitor 34,baseline,prec@10,0.2
all the news not fit to print,baseline,prec@10,0.2
almay for sensitive,baseline,prec@10,0.7
alocane emergency burn gel,baseline,prec@10,0.9
amazon basics spoons plastic,baseline,prec@10,0.3
andis t edger,baseline,prec@10,0.1
android tablet cases for kids,baseline,prec@10,0.0
angel figurine,baseline,prec@10,0.6
anklet,baseline,prec@10,0.0
anova precision cooker,baseline,prec@10,0.5
anti trump lawn sign,baseline,prec@10,0.2
aorus mouse pad,baseline,prec@10,0.3
apex pro,baseline,prec@10,0.2
apple power adapter and lightning cable,baseline,prec@10,0.2
apple watch bands silver,baseline,prec@10,0.1
army sash,baseline,prec@10,0.1
art supplies for kids 9-12,baseline,prec@10,0.0
art supply trolley,baseline,prec@10,0.1
ash brown hair balayage short,baseline,prec@10,0.3
audio bible,baseline,prec@10,0.4
aveeno nourishing cleanser,baseline,prec@10,0.9
baby bows,baseline,prec@10,0.0
baby flight bed,baseline,prec@10,0.0
baby girl clothes photoshoot,baseline,prec@10,0.0
baby girl outfits,baseline,prec@10,0.1
baby interactive toys 6 to 12 months,baseline,prec@10,0.0
baby irish clothes,baseline,prec@10,0.3
baby wall art decals,baseline,prec@10,0.1
backlit keycaps,baseline,prec@10,0.3
bag for essential oils,baseline,prec@10,0.4
baking sets nonstick,baseline,prec@10,0.0
ball trimmer men,baseline,prec@10,0.0
bamboo bath sheet,baseline,prec@10,0.8
bar soap scrub pouch,baseline,prec@10,0.1
barbie dolls,baseline,prec@10,0.0
barcel,baseline,prec@10,0.5
barcelona jersey long sleeve,baseline,prec@10,0.6
bath & shower safety mats,baseline,prec@10,0.5
bathroom hooks for towels,baseline,prec@10,0.1
bathtub hair catcher,baseline,prec@10,0.1
bathtub tray,baseline,prec@10,0.0
battery powered inverter,baseline,prec@10,0.0
bb30 shimano bottom bracket,baseline,prec@10,0.3
bbq grill,baseline,prec@10,0.2
bcaa without artificial sweeteners,baseline,prec@10,0.2
beanies,baseline,prec@10,0.0
bearded dragon light bulbs,baseline,prec@10,0.1
beats x wireless earbuds,baseline,prec@10,0.0
bed frame with drawers king,baseline,prec@10,0.1
bedroom lamp,baseline,prec@10,0.0
bedskirts full size,baseline,prec@10,0.1
beeswax wood polish,baseline,prec@10,0.7
beet chips,baseline,prec@10,0.9
belief without borders,baseline,prec@10,0.1
best teacher gifts for christmas,baseline,prec@10,0.1
between the spark and the burn,baseline,prec@10,0.1
bevel skin care men,baseline,prec@10,0.1
bibs for baby girl waterproof,baseline,prec@10,0.0
big dreams daily joys,baseline,prec@10,0.2
big gym towel,baseline,prec@10,0.0
bingo game,baseline,prec@10,0.2
biodegradable wipes,baseline,prec@10,0.3
black and white striped door mat,baseline,prec@10,0.0
black bodycon short dress,baseline,prec@10,0.0
black dress,baseline,prec@10,0.0
black fitflop,baseline,prec@10,0.5
black hub caps,baseline,prec@10,0.0
black leather laptop backpack for women,baseline,prec@10,0.6
black plastic ribbon,baseline,prec@10,0.1
black shirt womens,baseline,prec@10,0.0
blank high security check paper,baseline,prec@10,0.5
blessed not lucky,baseline,prec@10,1.0
blood circulation for feet,baseline,prec@10,0.0
blower motor,baseline,prec@10,0.1
blue bathroom rugs,baseline,prec@10,0.3
blue car bed,baseline,prec@10,0.2
bluetooth headset with microphone,baseline,prec@10,0.1
bluetooth sunglasses,baseline,prec@10,0.4
body back scalp massager,baseline,prec@10,0.5
bodycon dresses for women,baseline,prec@10,0.0
boneco a451,baseline,prec@10,0.8
boogie wipes,baseline,prec@10,0.8
book on dogs for 6 year old,baseline,prec@10,0.0
bookbag with wheels,baseline,prec@10,0.1
bookcase,baseline,prec@10,0.2
bottom bracket tool,baseline,prec@10,0.6
boxed turtle,baseline,prec@10,0.1
boy doll clothes 15 inch,baseline,prec@10,0.2
boys gray boat shoes,baseline,prec@10,0.1
boys queen size sheets,baseline,prec@10,0.5
boys smart watch,baseline,prec@10,0.1
bra extender 3 hook for plus size,baseline,prec@10,0.1
braun series 7 replacement head,baseline,prec@10,0.1
brayer rollers,baseline,prec@10,0.2
broadway shirt,baseline,prec@10,0.6
broom and dustpan,baseline,prec@10,0.4
brown leather sofa pillows,baseline,prec@10,0.3
bts merchandise,baseline,prec@10,0.0
bulwark flame resistant jacket,baseline,prec@10,0.9
c7 z06 stage 2,baseline,prec@10,1.0
cabinet knobs,baseline,prec@10,0.1
cable modem,baseline,prec@10,0.0
cake mix,baseline,prec@10,0.0
calcium,baseline,prec@10,0.0
calily dog shampoo,baseline,prec@10,0.1
calming bed for dogs,baseline,prec@10,0.2
camo short short,baseline,prec@10,0.1
camper courb,baseline,prec@10,1.0
can am maverick x3 roof,baseline,prec@10,1.0
canon camera on sale,baseline,prec@10,0.0
canon eos m50 - kit,baseline,prec@10,0.3
canon t8i battery,baseline,prec@10,0.2
car rooftop door step,baseline,prec@10,1.0
carabiner clip,baseline,prec@10,0.1
carbon monoxide detectors,baseline,prec@10,0.0
cars coloring book,baseline,prec@10,0.5
cbd,baseline,prec@10,0.7
cd/dvd printers,baseline,prec@10,0.0
celtic knot earrings sterling silver,baseline,prec@10,0.7
chacheres creole seasoning,baseline,prec@10,0.2
chain extenders,baseline,prec@10,0.4
champion home standby generator,baseline,prec@10,0.4
chapstick total hydration,baseline,prec@10,0.5
charlie brown costume,baseline,prec@10,0.7
charmaine delta kitchen faucet,baseline,prec@10,0.2
cheap laptops windows 10,baseline,prec@10,0.0
cheese dome with base,baseline,prec@10,0.2
cheetah mount,baseline,prec@10,0.3
cherry pie,baseline,prec@10,0.4
chia and flax seed blend,baseline,prec@10,0.1
chicago bears garden flag,baseline,prec@10,1.0
chicago med,baseline,prec@10,0.0
christian books children,baseline,prec@10,0.0
christian cozy mysteries,baseline,prec@10,0.1
christmas craft snowman,baseline,prec@10,0.2
christmas music streaming,baseline,prec@10,0.1
christmas stockings for girls,baseline,prec@10,0.0
christmas+top and dresses+for+women,baseline,prec@10,0.0
chromebook protectors,baseline,prec@10,0.1
chronograph shooting,baseline,prec@10,0.4
"city adventures, no. 3",baseline,prec@10,0.1
clear ball ornaments,baseline,prec@10,0.4
clear floral case,baseline,prec@10,0.1
clip on earrings,baseline,prec@10,0.1
clock mechanism,baseline,prec@10,0.5
coach wallet for women,baseline,prec@10,0.0
coffee mugs,baseline,prec@10,0.1
coil incense,baseline,prec@10,0.5
colorful decorations for party,baseline,prec@10,0.0
colorful keys and locks,baseline,prec@10,0.2
comfify collapsible colander,baseline,prec@10,0.1
computer stickers star wars,baseline,prec@10,0.3
conchos for saddles,baseline,prec@10,0.8
connector 6 pin,baseline,prec@10,0.4
converse slip on,baseline,prec@10,0.0
cookie monster party supplies,baseline,prec@10,0.2
cool slippers for men,baseline,prec@10,0.0
cool watch under 20,baseline,prec@10,0.0
cooling fan,baseline,prec@10,0.1
cotton mask with filter pocket,baseline,prec@10,0.1
couples octoberfest costume,baseline,prec@10,0.0
cow print bedding,baseline,prec@10,0.9
crib sheet set boys,baseline,prec@10,0.1
cricut create,baseline,prec@10,0.4
crkt black knife,baseline,prec@10,0.6
cubes travel luggage organizers,baseline,prec@10,0.1
cutting board turquoise,baseline,prec@10,0.2
cutting boards for kitchen dishwasher safe,baseline,prec@10,0.1
cybling womens shoes,baseline,prec@10,0.1
dammit doll,baseline,prec@10,0.9
dc action figures 6 inch,baseline,prec@10,0.1
dc court graffik shoes womens,baseline,prec@10,0.2
dc motor,baseline,prec@10,0.4
death march to the parallel world rhapsody light novel,baseline,prec@10,0.8
decorative oil bottle,baseline,prec@10,0.1
definitely not paid enough for this,baseline,prec@10,0.0
delonghi espresso machine,baseline,prec@10,0.4
demon from the dark kresley cole,baseline,prec@10,0.2
denim accessories,baseline,prec@10,0.3
dermaroller,baseline,prec@10,0.2
dessa,baseline,prec@10,0.6
detachable phone lanyard purple,baseline,prec@10,0.2
dial antibacterial hand soap,baseline,prec@10,1.0
diamond dotz,baseline,prec@10,0.5
diana gabaldon,baseline,prec@10,0.3
dinosaur christmas shirt,baseline,prec@10,0.5
dinosaur clothes children,baseline,prec@10,0.1
dishes with animals on them,baseline,prec@10,0.0
dishwasher machine,baseline,prec@10,0.1
divoom timebox,baseline,prec@10,0.5
dj monitor speakers,baseline,prec@10,0.0
do not pet dog patch,baseline,prec@10,0.5
do4u,baseline,prec@10,1.0
dog dinosaur bone,baseline,prec@10,0.0
dog doors for exterior doors,baseline,prec@10,0.2
dog sweaters for small dogs girl,baseline,prec@10,0.0
doggie screen,baseline,prec@10,0.1
dokken,baseline,prec@10,0.7
done with chemo,baseline,prec@10,0.3
double wedding ring quilt pattern,baseline,prec@10,0.1
drum pendant light,baseline,prec@10,0.7
dry cell batteries,baseline,prec@10,0.1
dry itchy skin relief for dogs,baseline,prec@10,0.2
dual monitor docking station for laptop,baseline,prec@10,0.3
dump truck light,baseline,prec@10,0.2
dungeons and dragon miniatures,baseline,prec@10,0.2
duramax sticker,baseline,prec@10,0.6
dust cloths reusable,baseline,prec@10,0.1
dust collectors for woodworking,baseline,prec@10,0.0
dutch oven le creuset,baseline,prec@10,0.4
dvd player,baseline,prec@10,0.4
eco friendly cloth napkins,baseline,prec@10,0.3
educational toys for 6 year olds,baseline,prec@10,0.2
egyptian makeup,baseline,prec@10,0.1
elephant tea mug,baseline,prec@10,0.8
elevation training mask,baseline,prec@10,0.9
embroidery letter patches,baseline,prec@10,0.3
endure book,baseline,prec@10,0.1
engraved rolling pin,baseline,prec@10,0.7
erase pro,baseline,prec@10,0.4
esp32 can-bus,baseline,prec@10,0.0
evenflo bottles,baseline,prec@10,0.7
exhaust back pressure tester,baseline,prec@10,0.5
extension cord 10 ft usb port,baseline,prec@10,0.0
exterior light white,baseline,prec@10,0.4
extra large wire dog crate,baseline,prec@10,0.0
face make for 10,baseline,prec@10,0.0
falling skies,baseline,prec@10,0.0
fancy feast wet cat food,baseline,prec@10,0.1
fangs 2.0 evil teeth dental veneer,baseline,prec@10,0.5
fedora,baseline,prec@10,0.4
feeder baby,baseline,prec@10,0.3
fenwick casting rod,baseline,prec@10,0.8
fire place,baseline,prec@10,0.0
first man dvd,baseline,prec@10,0.2
flannel quilt fabric,baseline,prec@10,0.2
flash items,baseline,prec@10,0.1
flat iron heat resistant mat,baseline,prec@10,0.2
florida maps,baseline,prec@10,0.5
flower art prints,baseline,prec@10,0.1
fluo bike. tape,baseline,prec@10,0.1
flying disc,baseline,prec@10,0.1
fm transmitter bluetooth for car anker,baseline,prec@10,0.9
fob battery,baseline,prec@10,0.5
fogless mirror for shower,baseline,prec@10,0.3
frozen pop up adventure,baseline,prec@10,0.2
full size kids quilt set,baseline,prec@10,0.4
g-spot clitoral sucking vibrator,baseline,prec@10,0.0
g6a-8e,baseline,prec@10,0.4
gacha life,baseline,prec@10,0.0
garden drill bit for planting,baseline,prec@10,0.8
gasoline container 5 gallon,baseline,prec@10,0.0
gate,baseline,prec@10,0.0
gatorade bottle,baseline,prec@10,0.4
gaxaly note 9 case,baseline,prec@10,0.0
gefilte fish,baseline,prec@10,1.0
gel grip tape clear,baseline,prec@10,0.1
gel wet look hair,baseline,prec@10,0.2
gh06 tripod,baseline,prec@10,0.1
girls bible,baseline,prec@10,0.1
girls comforter sets full,baseline,prec@10,0.0
glass pipes for tobacco,baseline,prec@10,0.0
glossy photo paper 4x6,baseline,prec@10,0.5
go pro,baseline,prec@10,0.0
godzilla tapestry,baseline,prec@10,0.9
goggle face shield,baseline,prec@10,0.8
gold shirt women,baseline,prec@10,0.0
goodthreads long sleeve slim fit,baseline,prec@10,0.5
google chromecast,baseline,prec@10,0.2
gopro,baseline,prec@10,0.1
grandparents gifts,baseline,prec@10,0.1
grapes,baseline,prec@10,0.1
green yeti water bottle,baseline,prec@10,0.1
grey sweater,baseline,prec@10,0.0
gwent cards,baseline,prec@10,0.3
hair dye white permanent,baseline,prec@10,0.3
hair toner,baseline,prec@10,0.2
haka,baseline,prec@10,0.2
halloween decorations clearance,baseline,prec@10,0.0
halloween gown for women,baseline,prec@10,0.0
happy 50th birthday decorations,baseline,prec@10,0.3
happy 60th birthday stickers,baseline,prec@10,0.1
hasbro,baseline,prec@10,0.0
hd20 bulb optoma,baseline,prec@10,0.9
hdmi displayport adapter,baseline,prec@10,0.2
heavy duty wall hooks,baseline,prec@10,0.1
heel slip pads,baseline,prec@10,0.1
hell costume,baseline,prec@10,0.0
hemp wick,baseline,prec@10,0.9
henry and the kite dragon,baseline,prec@10,0.1
hercules costume,baseline,prec@10,0.5
here is new york e.b. white,baseline,prec@10,0.1
hiboy,baseline,prec@10,0.5
high beach chairs for adults,baseline,prec@10,0.1
high quality drone,baseline,prec@10,0.1
hippie clothing for men,baseline,prec@10,0.0
home gym,baseline,prec@10,0.0
hose reel,baseline,prec@10,0.0
hot thermos for food,baseline,prec@10,0.2
how does a dinosaur,baseline,prec@10,0.0
hp 250 g7,baseline,prec@10,0.5
huawei mate 20 case,baseline,prec@10,1.0
humidifiers diffusers,baseline,prec@10,0.1
hydraulics pumps,baseline,prec@10,0.2
hydro flask 32 oz,baseline,prec@10,0.1
if lost or drunk please return to bestie,baseline,prec@10,1.0
ignition coil,baseline,prec@10,0.4
imaginext,baseline,prec@10,0.0
imak compression arthritis gloves,baseline,prec@10,0.4
ina may's guide to breastfeeding,baseline,prec@10,0.1
inclusion dividend,baseline,prec@10,0.2
individual hand wipes,baseline,prec@10,0.1
indoor driving range,baseline,prec@10,0.5
inner pot 6 qt,baseline,prec@10,0.2
instant pot cooker,baseline,prec@10,0.0
ipad 6 gen case,baseline,prec@10,0.0
iphone 5s case,baseline,prec@10,0.1
iphone 6 case glitter silver,baseline,prec@10,0.5
iphone 7 case incipio,baseline,prec@10,0.7
iphone 8 plus case with stand,baseline,prec@10,0.1
iphone se otterbox,baseline,prec@10,0.2
iphone xr game controller,baseline,prec@10,0.1
iphone xs max case for women bling,baseline,prec@10,0.4
iphone xs max screen protector edge to edge full coverage,baseline,prec@10,0.3
irish moss seed,baseline,prec@10,0.1
iron decor,baseline,prec@10,0.1
ishi,baseline,prec@10,1.0
italian cookies from italy,baseline,prec@10,0.1
iwatch bands 40mm womens,baseline,prec@10,0.0
japanese candy,baseline,prec@10,0.4
japanese cherry blossom eau-de-parfum,baseline,prec@10,0.2
jeep srt8,baseline,prec@10,0.2
jim mora shirt,baseline,prec@10,0.4
john daly poster,baseline,prec@10,0.4
jull,baseline,prec@10,0.0
june june hannah shirt,baseline,prec@10,0.9
ka-bar,baseline,prec@10,0.3
keyboard piano,baseline,prec@10,0.3
kick buttowski,baseline,prec@10,0.8
kid animal plates,baseline,prec@10,0.0
kid rain boots,baseline,prec@10,0.0
kid rings,baseline,prec@10,0.2
kids chlorine removal shampoo,baseline,prec@10,0.5
king bed sheets cotton,baseline,prec@10,0.1
king comforter set,baseline,prec@10,0.1
kino yoga books,baseline,prec@10,0.1
kitchen faucets,baseline,prec@10,0.1
kitchen organizer,baseline,prec@10,0.0
kitchen rugs,baseline,prec@10,0.1
kitchen set,baseline,prec@10,0.4
kms hair play paste,baseline,prec@10,0.0
kotobukiya snowtrooper,baseline,prec@10,0.4
ks resin,baseline,prec@10,0.0
lace front wig ombre blonde,baseline,prec@10,0.4
ladies pull on shorts elastic waist,baseline,prec@10,0.0
lantern old fashioned,baseline,prec@10,0.3
laptop 14 inch,baseline,prec@10,0.0
laptop power adapters,baseline,prec@10,0.0
large bracelet mold,baseline,prec@10,0.7
large dog bed cute,baseline,prec@10,0.0
large planters,baseline,prec@10,0.0
laundry hamper wooden,baseline,prec@10,0.0
led edison bulb,baseline,prec@10,0.0
led lights strip,baseline,prec@10,0.1
legend of zelda breath of the wild,baseline,prec@10,0.4
lego lego movie,baseline,prec@10,0.0
leopard stationary,baseline,prec@10,0.2
leotard,baseline,prec@10,0.0
lg cx oled 65,baseline,prec@10,0.2
lg v20 case,baseline,prec@10,0.2
light box tracer,baseline,prec@10,0.6
light with switch,baseline,prec@10,0.0
lillypad floating mat,baseline,prec@10,0.5
lipoic acid,baseline,prec@10,0.6
lock,baseline,prec@10,0.1
logitech headset,baseline,prec@10,0.2
logitech wireless keyboard,baseline,prec@10,0.4
long crochet hooks,baseline,prec@10,0.9
long sleeve dresses for girl kids,baseline,prec@10,0.0
long sleeve t shirt women,baseline,prec@10,0.0
long workout tank tops for women loose fit,baseline,prec@10,0.7
lp-e17 watson,baseline,prec@10,0.2
luigi costume kids,baseline,prec@10,0.1
lunch backpack,baseline,prec@10,0.1
lunch ice pack,baseline,prec@10,0.2
ma,baseline,prec@10,0.1
macbook charger repair,baseline,prec@10,0.0
madame x,baseline,prec@10,0.9
magic bullet replacement rubber,baseline,prec@10,0.5
mailbox with locks with keys,baseline,prec@10,0.0
make america great again hat,baseline,prec@10,0.2
makeup organizer drawers,baseline,prec@10,0.2
male sex toys,baseline,prec@10,0.0
mark the shark book,baseline,prec@10,0.0
marker tip pens,baseline,prec@10,0.1
marshmello costume,baseline,prec@10,0.0
mary meyer baby mat,baseline,prec@10,0.8
massage gaming chair,baseline,prec@10,0.5
mastectomy pillow,baseline,prec@10,0.4
math flash cards 4th grade,baseline,prec@10,0.8
mcgraw hill medical spanish,baseline,prec@10,0.2
meat saw electric,baseline,prec@10,0.2
medical wipes,baseline,prec@10,0.1
melissa and doug puzzles,baseline,prec@10,0.4
melting pot,baseline,prec@10,0.3
men plaid pants slim fit,baseline,prec@10,0.6
men shoes athletic basketball,baseline,prec@10,0.0
men's elastic waist pants,baseline,prec@10,0.1
men's skechers,baseline,prec@10,0.0
mens black wallet trifold,baseline,prec@10,0.3
mens hoodies buffalo,baseline,prec@10,0.0
mens nikes shoes,baseline,prec@10,0.0
mens pocket square,baseline,prec@10,0.0
metal puzzles brain teasers,baseline,prec@10,0.3
mexican dish,baseline,prec@10,0.0
michael scott sequin pillow covers,baseline,prec@10,0.1
mickey baby costume,baseline,prec@10,0.6
microphone headset podcast,baseline,prec@10,0.2
microsoft surface,baseline,prec@10,0.3
milwaukee drills,baseline,prec@10,0.0
minnie iphone x case,baseline,prec@10,0.6
mirrolure suspending twitchbait,baseline,prec@10,0.1
mirror tv,baseline,prec@10,0.3
misswig synthetic curly wig,baseline,prec@10,0.1
mobile magnet antenna mount bnc,baseline,prec@10,0.1
moisture socks,baseline,prec@10,0.0
molding,baseline,prec@10,0.1
mosquito patches,baseline,prec@10,0.2
mother's ring,baseline,prec@10,0.2
motorcycle helmet with sun visor,baseline,prec@10,0.2
mouse pad red lightning,baseline,prec@10,0.6
multi surface cleaner,baseline,prec@10,0.1
mummy decor,baseline,prec@10,0.4
mushroom table,baseline,prec@10,0.3
mustard tops for women,baseline,prec@10,0.0
my baby registry,baseline,prec@10,0.0
n95 not kn95 masks,baseline,prec@10,0.0
nail grinder,baseline,prec@10,0.0
nail polish & decoration products,baseline,prec@10,0.0
nail tips,baseline,prec@10,0.3
name necklace personalized rose gold,baseline,prec@10,0.5
native deodorant for men,baseline,prec@10,0.2
natural millet,baseline,prec@10,0.8
natural odor eliminator,baseline,prec@10,0.0
navistar international,baseline,prec@10,1.0
neck cream,baseline,prec@10,0.3
nerf all guns,baseline,prec@10,0.0
neutrogena spray sunscreen 100,baseline,prec@10,0.3
night light,baseline,prec@10,0.0
nightmare before christmas sally dress,baseline,prec@10,0.5
nike pants men,baseline,prec@10,0.0
nike pullover hoodie men,baseline,prec@10,0.3
nike socks unisex,baseline,prec@10,0.2
ninja maker594,baseline,prec@10,0.1
note 10+ camera protector,baseline,prec@10,0.8
note10,baseline,prec@10,0.0
number memory game,baseline,prec@10,0.1
nutcracker,baseline,prec@10,0.6
office pens,baseline,prec@10,0.0
oil free face moisturizer,baseline,prec@10,0.2
one protein bars,baseline,prec@10,0.4
onesies for women,baseline,prec@10,0.0
oodies,baseline,prec@10,0.1
oranges,baseline,prec@10,0.3
origins grapefruit body wash,baseline,prec@10,0.0
outdoor baby swing,baseline,prec@10,0.2
outdoor furniture bistro sets,baseline,prec@10,0.1
outdoor rugs for patios,baseline,prec@10,0.0
outdoor wall covering,baseline,prec@10,0.0
outlet cover,baseline,prec@10,0.2
oval tablecloth,baseline,prec@10,0.2
over the door mirror,baseline,prec@10,0.6
over the shoulder wallet,baseline,prec@10,0.0
overland gear,baseline,prec@10,0.2
owl banner,baseline,prec@10,0.7
oxford studies in digital politics,baseline,prec@10,1.0
pack of scarfs for women,baseline,prec@10,0.0
pagan stickers,baseline,prec@10,0.1
pajamas for girls,baseline,prec@10,0.0
pajamas women,baseline,prec@10,0.0
panasonic th-42pz700u,baseline,prec@10,0.6
panthers phone case,baseline,prec@10,0.3
paperwhite kindle,baseline,prec@10,0.0
parasite books,baseline,prec@10,0.1
party dress 4t,baseline,prec@10,0.2
patrin,baseline,prec@10,0.9
pebeo vitrail,baseline,prec@10,0.7
pei 3d printer sheet,baseline,prec@10,1.0
pentair pentek big blue,baseline,prec@10,0.7
people magazine home time,baseline,prec@10,0.0
percussion massager,baseline,prec@10,0.1
perfume saint laurent,baseline,prec@10,0.1
petite dressy spandex pants,baseline,prec@10,0.1
pflueger president spinning reel,baseline,prec@10,0.6
phillips norelco replacement blades,baseline,prec@10,0.2
phone case for an lg,baseline,prec@10,0.1
pink lunch box,baseline,prec@10,0.4
pink toothpicks for appetizers,baseline,prec@10,0.3
pioneer woman cookware,baseline,prec@10,0.7
pj robe kids,baseline,prec@10,0.0
plague doctor mask,baseline,prec@10,0.7
plasti dip,baseline,prec@10,0.5
play kitchen for toddlers accessories,baseline,prec@10,0.0
plug in room fresheners for home,baseline,prec@10,0.0
pocket folders with brads,baseline,prec@10,0.0
pokemon super mystery dungeon 3ds,baseline,prec@10,0.2
porcelain figurines collectibles,baseline,prec@10,0.0
portable cologne sprayer,baseline,prec@10,0.4
portable lint remover,baseline,prec@10,0.8
powder coat paint,baseline,prec@10,0.3
power steering low pressure return line,baseline,prec@10,0.1
princess accesories,baseline,prec@10,0.0
princess leia costume women,baseline,prec@10,0.1
protector lg q7,baseline,prec@10,0.5
ps4 console,baseline,prec@10,0.0
ps4 joystick controller,baseline,prec@10,0.0
pumping backpack,baseline,prec@10,0.3
pure dhea 25mg,baseline,prec@10,0.2
pure wave massager,baseline,prec@10,0.2
purity products,baseline,prec@10,1.0
purple silicone spatula,baseline,prec@10,0.7
push up handles for floor rotating,baseline,prec@10,0.5
queen size blanket cover,baseline,prec@10,0.1
quick read digital thermometer,baseline,prec@10,0.7
rabbit drinking bottle,baseline,prec@10,0.2
rae dunn christmas mug,baseline,prec@10,0.5
rainbow loom bands,baseline,prec@10,0.1
rc transmitter and receiver,baseline,prec@10,0.5
read it yourself,baseline,prec@10,0.2
real rose petals,baseline,prec@10,0.6
rebel eos t3 macro lens,baseline,prec@10,0.1
red casual dress,baseline,prec@10,0.2
red cedar log yearbook,baseline,prec@10,1.0
red hair color permanent,baseline,prec@10,0.0
red led 12v,baseline,prec@10,0.1
red worms live,baseline,prec@10,0.7
removable stove top cover,baseline,prec@10,0.0
renaiss oil painting,baseline,prec@10,1.0
renewed,baseline,prec@10,0.0
respirator mask dust,baseline,prec@10,0.0
retirement party decorations for women,baseline,prec@10,0.7
retractable screen doors,baseline,prec@10,0.2
reusable produce bags,baseline,prec@10,0.1
reusable water bottles bpa free 16 oz,baseline,prec@10,0.2
ribeye steaks,baseline,prec@10,0.4
rice seasoning,baseline,prec@10,0.7
ride on tractor,baseline,prec@10,0.3
rilakkuma lanyard,baseline,prec@10,0.3
ring light for iphone,baseline,prec@10,0.3
ripped capris for women plus size,baseline,prec@10,0.1
robert plant,baseline,prec@10,0.2
rolling organizer,baseline,prec@10,0.1
root touch up blonde ),baseline,prec@10,0.2
rope skipping without rope,baseline,prec@10,0.7
royal blue striped shirt women,baseline,prec@10,0.0
rubber grommet plugs,baseline,prec@10,0.0
rudin by ivan turgenev,baseline,prec@10,0.8
rug sets 3 piece with runner,baseline,prec@10,0.0
s8,baseline,prec@10,0.0
sa bodywash,baseline,prec@10,0.0
sagittarius,baseline,prec@10,0.3
sailor moon choker,baseline,prec@10,0.0
samsung 9 case,baseline,prec@10,0.0
samsung fridge water filter rf24fsedbsr,baseline,prec@10,0.1
samsung galaxy s9 charger fast charging,baseline,prec@10,0.1
samsung watch protector 40mm,baseline,prec@10,0.4
sandbox truck,baseline,prec@10,0.4
santa wrapping paper,baseline,prec@10,0.3
satanic hoodie,baseline,prec@10,1.0
sawgrass ink,baseline,prec@10,1.0
scales digital weight food,baseline,prec@10,0.0
scallops,baseline,prec@10,0.3
scoutmaster minutes,baseline,prec@10,0.2
screw kit,baseline,prec@10,0.1
se seat clamp,baseline,prec@10,0.1
sea life camera,baseline,prec@10,0.0
seanan mcguire,baseline,prec@10,0.9
security camera hd,baseline,prec@10,0.0
shampoo buddy,baseline,prec@10,0.1
shams,baseline,prec@10,0.2
shazam,baseline,prec@10,0.5
shea moisture body wash,baseline,prec@10,0.7
shilajit honey,baseline,prec@10,0.1
shiny car decal,baseline,prec@10,0.1
shirt pins for women,baseline,prec@10,0.5
shoe s,baseline,prec@10,0.0
shoes with wheels for boys,baseline,prec@10,0.1
shop air filtration system,baseline,prec@10,0.1
shoyo drink,baseline,prec@10,0.1
shredders for home,baseline,prec@10,0.1
signal booster band 12,baseline,prec@10,0.2
silk flowers,baseline,prec@10,0.0
silk sweaters for petite women,baseline,prec@10,0.0
similac milk,baseline,prec@10,0.6
simple womens halloween costumes,baseline,prec@10,0.0
size 15 knitting needles,baseline,prec@10,0.6
size 6 diapers,baseline,prec@10,0.5
sketch book binder,baseline,prec@10,0.0
skywatcher dobsonian 8,baseline,prec@10,0.1
slim leg straight cut jeans,baseline,prec@10,0.0
sling backpack purse for women kavu,baseline,prec@10,0.0
slots organizer,baseline,prec@10,0.2
small 2 tier bookshelf,baseline,prec@10,0.2
small dog collars with bling,baseline,prec@10,0.4
small pet wood ladder,baseline,prec@10,0.3
small plastic storage cubes,baseline,prec@10,0.1
"smart watch color women, men black",baseline,prec@10,0.1
smie,baseline,prec@10,0.2
sml,baseline,prec@10,0.1
snacks,baseline,prec@10,0.0
snow and rain boots for women,baseline,prec@10,0.1
snowflake necklace,baseline,prec@10,0.7
sofa cover for dogs,baseline,prec@10,0.1
sog fixed blade knives with sheath,baseline,prec@10,0.4
solar christmas tree,baseline,prec@10,0.1
sony xperia l1 case,baseline,prec@10,0.9
sound bars for tv,baseline,prec@10,0.2
spider crop top,baseline,prec@10,0.2
spinnypins,baseline,prec@10,0.1
split monitor adapter for computer,baseline,prec@10,0.0
splitter cable for headset,baseline,prec@10,0.5
st patricks day door decoration,baseline,prec@10,0.1
stanley thermos,baseline,prec@10,0.8
star wars edge of the empire,baseline,prec@10,1.0
star wars imperial star destroyer,baseline,prec@10,0.6
stihl ms200,baseline,prec@10,1.0
stocking holder,baseline,prec@10,0.3
story grid,baseline,prec@10,0.5
straight crochet hair,baseline,prec@10,0.4
strawberry sweater,baseline,prec@10,0.2
stuart woods the short forever,baseline,prec@10,0.6
suction cup holder for desk,baseline,prec@10,0.1
sundiata,baseline,prec@10,1.0
sunflower blue hair wreath,baseline,prec@10,0.4
survival kit,baseline,prec@10,0.2
swim caps for women swimming waterproof,baseline,prec@10,0.9
t,baseline,prec@10,0.0
tab a case,baseline,prec@10,0.1
table board reversible cutting board,baseline,prec@10,0.3
table lamp designed,baseline,prec@10,0.1
tablet,baseline,prec@10,0.2
tacks for upholstery,baseline,prec@10,0.9
tazo iced tea,baseline,prec@10,0.7
teamsters,baseline,prec@10,0.7
teenage girl gifts,baseline,prec@10,0.0
teriyaki sauce,baseline,prec@10,0.0
thank you note cards without envelopes,baseline,prec@10,0.5
the big easy,baseline,prec@10,0.3
the female of the species,baseline,prec@10,0.6
the manor house murder,baseline,prec@10,0.6
the school of greatness by lewis howes,baseline,prec@10,0.3
the taking of deborah logan,baseline,prec@10,0.2
through wall heat and a/c,baseline,prec@10,0.0
tik tok led lights,baseline,prec@10,0.0
timberland for women,baseline,prec@10,0.0
tinting wrap tools,baseline,prec@10,0.2
to son from dad,baseline,prec@10,0.2
tool lp,baseline,prec@10,0.3
tooth grinding,baseline,prec@10,0.0
top gear,baseline,prec@10,0.2
touch free soap dispenser,baseline,prec@10,0.7
towels bathroom sets clearance prime,baseline,prec@10,0.0
toy grill set for boys,baseline,prec@10,0.1
translator without internet,baseline,prec@10,0.2
trash cans for office,baseline,prec@10,0.0
travel cord roll,baseline,prec@10,0.3
troika: a communicative approach,baseline,prec@10,1.0
troll dolls,baseline,prec@10,0.4
trooper bandana shoe,baseline,prec@10,0.3
turmeric extract,baseline,prec@10,0.3
turquoise blue dress,baseline,prec@10,0.4
tutu skirt for baby girl,baseline,prec@10,0.0
tutus for women,baseline,prec@10,0.1
twin xl comforter for college girls,baseline,prec@10,0.0
ubbi diaper pail,baseline,prec@10,0.1
under armour,baseline,prec@10,0.0
under armour rock project,baseline,prec@10,0.6
under counter lighting,baseline,prec@10,0.1
unlocked pixel 3,baseline,prec@10,0.2
unlocked samsung galaxy s9 plus,baseline,prec@10,0.4
urns for human ashes,baseline,prec@10,0.3
ursa major,baseline,prec@10,0.9
usb extension cord,baseline,prec@10,0.0
uv filter 49mm,baseline,prec@10,0.9
valenties,baseline,prec@10,0.7
valentines gifts for him,baseline,prec@10,0.0
vcr dvd combo,baseline,prec@10,0.6
vegan protein powder,baseline,prec@10,0.1
velvet dresses for women,baseline,prec@10,0.1
vest zipper women,baseline,prec@10,0.3
victor mouse trap,baseline,prec@10,0.6
video games,baseline,prec@10,0.1
vintage veil hat,baseline,prec@10,0.5
vinyl coated weights 10 lb,baseline,prec@10,0.2
vinyl records,baseline,prec@10,0.0
vocabulary builder,baseline,prec@10,0.3
voda reve,baseline,prec@10,0.1
volt lighting transformer,baseline,prec@10,0.3
vortrak,baseline,prec@10,1.0
voss,baseline,prec@10,0.4
wahl finale,baseline,prec@10,0.2
walk on red sole paint,baseline,prec@10,0.1
wall lights bedroom,baseline,prec@10,0.1
wall mounted wooden spice storage rack,baseline,prec@10,0.0
wallniture,baseline,prec@10,0.4
water pills sundown,baseline,prec@10,0.7
waterproof limit switch,baseline,prec@10,0.6
waxing strips for men,baseline,prec@10,0.6
wd purple 8tb,baseline,prec@10,0.6
we could've finished last without you,baseline,prec@10,0.1
weber grill cover,baseline,prec@10,0.3
weighted blanket without beads,baseline,prec@10,0.2
wella 7r 810,baseline,prec@10,0.1
wheelchair for adults,baseline,prec@10,0.1
white booties,baseline,prec@10,0.4
white collar long sleeve shirt women,baseline,prec@10,0.0
white messenger bag,baseline,prec@10,0.2
white platform bed frame queen,baseline,prec@10,0.1
white spandex shorts under dresses,baseline,prec@10,0.0
white strobe lights,baseline,prec@10,0.1
wifi siren alarm,baseline,prec@10,0.3
window plant holder outdoor,baseline,prec@10,0.2
windows 10 for dummies,baseline,prec@10,0.5
windproof lighter rechargeable flexible,baseline,prec@10,0.6
winter cycling shoe covers,baseline,prec@10,0.8
winter jacket,baseline,prec@10,0.0
wireless keyboard mouse combo,baseline,prec@10,0.3
womans wallet,baseline,prec@10,0.0
women cardigan,baseline,prec@10,0.0
women strapless bathing suit,baseline,prec@10,0.1
women zip up hoodie,baseline,prec@10,0.0
women's crop-top letter printed sweatshirt usa,baseline,prec@10,0.1
women's running socks,baseline,prec@10,0.4
womens 3/4 sleeve tops and blouses,baseline,prec@10,0.1
womens open front hoodie,baseline,prec@10,0.1
womens sexy xl shirt,baseline,prec@10,0.1
womens summer hat,baseline,prec@10,0.1
womens swimsuits plus size two piece,baseline,prec@10,0.0
wood shelves wall mounted,baseline,prec@10,0.0
wooden gifts for men,baseline,prec@10,0.0
wooden stool,baseline,prec@10,0.0
wooden suit hangers for men,baseline,prec@10,0.2
word wall letters,baseline,prec@10,0.1
work pants for women office plus size,baseline,prec@10,0.0
wrench arborist,baseline,prec@10,0.1
wrestling shoes,baseline,prec@10,0.2
wrist compression brace,baseline,prec@10,0.2
wristlet crossbody anti theft,baseline,prec@10,0.2
wusthof knife set without block,baseline,prec@10,0.2
xbox one compatible keyboard and mouse combo,baseline,prec@10,0.3
xlr splitter 2 female 1 male,baseline,prec@10,0.8
yamaha psr ew410,baseline,prec@10,0.6
yogi tea stomach ease,baseline,prec@10,0.6
yongnuo led,baseline,prec@10,0.9
youtu,baseline,prec@10,0.0
zinc liquid supplement,baseline,prec@10,0.4
zoom eyepiece for telescope,baseline,prec@10,0.7
zumba shoes,baseline,prec@10,0.2
zyrtec,baseline,prec@10,0.4
- we are not such things,baseline,ratio_of_ratings,0.0
1-8x scope,baseline,ratio_of_ratings,0.3333333333333333
10 inch bookshelf,baseline,ratio_of_ratings,0.1
10 magnetic eyelashes without eyeliner,baseline,ratio_of_ratings,0.42857142857142855
10.9 inch ipad case without pencil holder,baseline,ratio_of_ratings,0.4444444444444444
108 curtains without grommet,baseline,ratio_of_ratings,0.0
11 x 21 plant trays for seedlings without holes,baseline,ratio_of_ratings,1.0
11 year old girl gifts,baseline,ratio_of_ratings,0.0
12 month xbox live gold digital,baseline,ratio_of_ratings,0.0
12 v cable,baseline,ratio_of_ratings,0.0
12x20 throw pillow covers set of 2,baseline,ratio_of_ratings,0.5
144hz gaming monitor,baseline,ratio_of_ratings,0.0
2 be or not 2b,baseline,ratio_of_ratings,0.0
2 pin converter,baseline,ratio_of_ratings,0.2
"2.5"" hdd",baseline,ratio_of_ratings,0.0
20g nose ring hoop,baseline,ratio_of_ratings,0.0
27 in curved monitor,baseline,ratio_of_ratings,0.2
2k digital picture frame,baseline,ratio_of_ratings,1.0
3 way faucet,baseline,ratio_of_ratings,0.5
3-6 months denim overalls,baseline,ratio_of_ratings,0.5
3-inch drawer pulls natural,baseline,ratio_of_ratings,0.0
32 inch curved monitor,baseline,ratio_of_ratings,0.3
36 bar stools,baseline,ratio_of_ratings,0.0
3d mink lashes,baseline,ratio_of_ratings,0.1
3d printer,baseline,ratio_of_ratings,0.4
3d printer nozzle,baseline,ratio_of_ratings,0.4
45 inch smart tv,baseline,ratio_of_ratings,0.2
4k hdmi switch,baseline,ratio_of_ratings,0.4
4k tv samsung,baseline,ratio_of_ratings,0.0
5 candle,baseline,ratio_of_ratings,0.3
55 inch tv wall mount,baseline,ratio_of_ratings,0.1
6 ft table cover fitted,baseline,ratio_of_ratings,0.4
6 hole saw for cornhole boards,baseline,ratio_of_ratings,1.0
600w power supply 80 plus,baseline,ratio_of_ratings,0.8333333333333334
70s outfits for women,baseline,ratio_of_ratings,0.0
7xl lab coat,baseline,ratio_of_ratings,0.6666666666666666
a deed without a name,baseline,ratio_of_ratings,0.9
a veterans christmas,baseline,ratio_of_ratings,0.0
a year without autumn,baseline,ratio_of_ratings,0.1
a. c. bhaktivedanta swami prabhupada,baseline,ratio_of_ratings,1.0
acrylic magnetic frame,baseline,ratio_of_ratings,0.5
addidas shoes,baseline,ratio_of_ratings,0.0
adjustable hitch,baseline,ratio_of_ratings,0.2
air force 1 '07 shoes for women,baseline,ratio_of_ratings,1.0
air fryer oven,baseline,ratio_of_ratings,0.0
air nike jordan 1,baseline,ratio_of_ratings,0.2
air pods case panda,baseline,ratio_of_ratings,1.0
ajax dishwashing liquid,baseline,ratio_of_ratings,1.0
alienware monitor 34,baseline,ratio_of_ratings,1.0
all the news not fit to print,baseline,ratio_of_ratings,0.6666666666666666
almay for sensitive,baseline,ratio_of_ratings,0.7
alocane emergency burn gel,baseline,ratio_of_ratings,0.9
amazon basics spoons plastic,baseline,ratio_of_ratings,1.0
andis t edger,baseline,ratio_of_ratings,0.5
android tablet cases for kids,baseline,ratio_of_ratings,0.0
angel figurine,baseline,ratio_of_ratings,0.6
anklet,baseline,ratio_of_ratings,0.0
anova precision cooker,baseline,ratio_of_ratings,0.75
anti trump lawn sign,baseline,ratio_of_ratings,0.6666666666666666
aorus mouse pad,baseline,ratio_of_ratings,1.0
apex pro,baseline,ratio_of_ratings,0.2
apple power adapter and lightning cable,baseline,ratio_of_ratings,0.2
apple watch bands silver,baseline,ratio_of_ratings,0.1
army sash,baseline,ratio_of_ratings,0.8333333333333334
art supplies for kids 9-12,baseline,ratio_of_ratings,0.0
art supply trolley,baseline,ratio_of_ratings,1.0
ash brown hair balayage short,baseline,ratio_of_ratings,1.0
audio bible,baseline,ratio_of_ratings,0.4
aveeno nourishing cleanser,baseline,ratio_of_ratings,1.0
baby bows,baseline,ratio_of_ratings,0.0
baby flight bed,baseline,ratio_of_ratings,0.2
baby girl clothes photoshoot,baseline,ratio_of_ratings,0.0
baby girl outfits,baseline,ratio_of_ratings,0.1
baby interactive toys 6 to 12 months,baseline,ratio_of_ratings,0.0
baby irish clothes,baseline,ratio_of_ratings,0.5
baby wall art decals,baseline,ratio_of_ratings,0.1
backlit keycaps,baseline,ratio_of_ratings,0.3
bag for essential oils,baseline,ratio_of_ratings,0.4
baking sets nonstick,baseline,ratio_of_ratings,0.0
ball trimmer men,baseline,ratio_of_ratings,0.0
bamboo bath sheet,baseline,ratio_of_ratings,0.8
bar soap scrub pouch,baseline,ratio_of_ratings,0.25
barbie dolls,baseline,ratio_of_ratings,0.0
barcel,baseline,ratio_of_ratings,0.5
barcelona jersey long sleeve,baseline,ratio_of_ratings,1.0
bath & shower safety mats,baseline,ratio_of_ratings,0.5
bathroom hooks for towels,baseline,ratio_of_ratings,0.1
bathtub hair catcher,baseline,ratio_of_ratings,0.1
bathtub tray,baseline,ratio_of_ratings,0.0
battery powered inverter,baseline,ratio_of_ratings,0.0
bb30 shimano bottom bracket,baseline,ratio_of_ratings,1.0
bbq grill,baseline,ratio_of_ratings,0.2
bcaa without artificial sweeteners,baseline,ratio_of_ratings,0.25
beanies,baseline,ratio_of_ratings,0.0
bearded dragon light bulbs,baseline,ratio_of_ratings,0.3333333333333333
beats x wireless earbuds,baseline,ratio_of_ratings,0.0
bed frame with drawers king,baseline,ratio_of_ratings,0.25
bedroom lamp,baseline,ratio_of_ratings,0.0
bedskirts full size,baseline,ratio_of_ratings,0.1
beeswax wood polish,baseline,ratio_of_ratings,0.7
beet chips,baseline,ratio_of_ratings,0.9
belief without borders,baseline,ratio_of_ratings,0.5
best teacher gifts for christmas,baseline,ratio_of_ratings,0.1
between the spark and the burn,baseline,ratio_of_ratings,0.25
bevel skin care men,baseline,ratio_of_ratings,1.0
bibs for baby girl waterproof,baseline,ratio_of_ratings,0.0
big dreams daily joys,baseline,ratio_of_ratings,1.0
big gym towel,baseline,ratio_of_ratings,0.0
bingo game,baseline,ratio_of_ratings,0.2
biodegradable wipes,baseline,ratio_of_ratings,0.3
black and white striped door mat,baseline,ratio_of_ratings,0.0
black bodycon short dress,baseline,ratio_of_ratings,0.0
black dress,baseline,ratio_of_ratings,0.0
black fitflop,baseline,ratio_of_ratings,0.5
black hub caps,baseline,ratio_of_ratings,0.0
black leather laptop backpack for women,baseline,ratio_of_ratings,0.6
black plastic ribbon,baseline,ratio_of_ratings,0.1
black shirt womens,baseline,ratio_of_ratings,0.0
blank high security check paper,baseline,ratio_of_ratings,0.5555555555555556
blessed not lucky,baseline,ratio_of_ratings,1.0
blood circulation for feet,baseline,ratio_of_ratings,0.1
blower motor,baseline,ratio_of_ratings,0.1
blue bathroom rugs,baseline,ratio_of_ratings,0.3
blue car bed,baseline,ratio_of_ratings,0.2
bluetooth headset with microphone,baseline,ratio_of_ratings,0.1
bluetooth sunglasses,baseline,ratio_of_ratings,0.4
body back scalp massager,baseline,ratio_of_ratings,0.5555555555555556
bodycon dresses for women,baseline,ratio_of_ratings,0.0
boneco a451,baseline,ratio_of_ratings,1.0
boogie wipes,baseline,ratio_of_ratings,0.8
book on dogs for 6 year old,baseline,ratio_of_ratings,0.0
bookbag with wheels,baseline,ratio_of_ratings,0.3333333333333333
bookcase,baseline,ratio_of_ratings,0.2
bottom bracket tool,baseline,ratio_of_ratings,0.6
boxed turtle,baseline,ratio_of_ratings,1.0
boy doll clothes 15 inch,baseline,ratio_of_ratings,1.0
boys gray boat shoes,baseline,ratio_of_ratings,1.0
boys queen size sheets,baseline,ratio_of_ratings,0.5
boys smart watch,baseline,ratio_of_ratings,0.1
bra extender 3 hook for plus size,baseline,ratio_of_ratings,0.3333333333333333
braun series 7 replacement head,baseline,ratio_of_ratings,0.5
brayer rollers,baseline,ratio_of_ratings,0.6666666666666666
broadway shirt,baseline,ratio_of_ratings,0.6
broom and dustpan,baseline,ratio_of_ratings,0.4
brown leather sofa pillows,baseline,ratio_of_ratings,0.3
bts merchandise,baseline,ratio_of_ratings,0.0
bulwark flame resistant jacket,baseline,ratio_of_ratings,0.9
c7 z06 stage 2,baseline,ratio_of_ratings,1.0
cabinet knobs,baseline,ratio_of_ratings,0.1
cable modem,baseline,ratio_of_ratings,0.0
cake mix,baseline,ratio_of_ratings,0.0
calcium,baseline,ratio_of_ratings,0.0
calily dog shampoo,baseline,ratio_of_ratings,1.0
calming bed for dogs,baseline,ratio_of_ratings,0.2
camo short short,baseline,ratio_of_ratings,0.1
camper courb,baseline,ratio_of_ratings,1.0
can am maverick x3 roof,baseline,ratio_of_ratings,1.0
canon camera on sale,baseline,ratio_of_ratings,0.0
canon eos m50 - kit,baseline,ratio_of_ratings,0.3
canon t8i battery,baseline,ratio_of_ratings,0.3
car rooftop door step,baseline,ratio_of_ratings,1.0
carabiner clip,baseline,ratio_of_ratings,0.1
carbon monoxide detectors,baseline,ratio_of_ratings,0.0
cars coloring book,baseline,ratio_of_ratings,0.5
cbd,baseline,ratio_of_ratings,0.8
cd/dvd printers,baseline,ratio_of_ratings,0.0
celtic knot earrings sterling silver,baseline,ratio_of_ratings,0.7
chacheres creole seasoning,baseline,ratio_of_ratings,1.0
chain extenders,baseline,ratio_of_ratings,0.4
champion home standby generator,baseline,ratio_of_ratings,1.0
chapstick total hydration,baseline,ratio_of_ratings,0.5
charlie brown costume,baseline,ratio_of_ratings,0.8
charmaine delta kitchen faucet,baseline,ratio_of_ratings,1.0
cheap laptops windows 10,baseline,ratio_of_ratings,0.0
cheese dome with base,baseline,ratio_of_ratings,0.5
cheetah mount,baseline,ratio_of_ratings,0.75
cherry pie,baseline,ratio_of_ratings,0.6
chia and flax seed blend,baseline,ratio_of_ratings,0.5
chicago bears garden flag,baseline,ratio_of_ratings,1.0
chicago med,baseline,ratio_of_ratings,0.0
christian books children,baseline,ratio_of_ratings,0.0
christian cozy mysteries,baseline,ratio_of_ratings,0.5
christmas craft snowman,baseline,ratio_of_ratings,0.2
christmas music streaming,baseline,ratio_of_ratings,0.5
christmas stockings for girls,baseline,ratio_of_ratings,0.0
christmas+top and dresses+for+women,baseline,ratio_of_ratings,0.0
chromebook protectors,baseline,ratio_of_ratings,0.5
chronograph shooting,baseline,ratio_of_ratings,1.0
"city adventures, no. 3",baseline,ratio_of_ratings,0.1111111111111111
clear ball ornaments,baseline,ratio_of_ratings,0.4
clear floral case,baseline,ratio_of_ratings,0.1
clip on earrings,baseline,ratio_of_ratings,0.1
clock mechanism,baseline,ratio_of_ratings,0.5
coach wallet for women,baseline,ratio_of_ratings,0.0
coffee mugs,baseline,ratio_of_ratings,0.1
coil incense,baseline,ratio_of_ratings,0.5
colorful decorations for party,baseline,ratio_of_ratings,0.0
colorful keys and locks,baseline,ratio_of_ratings,0.5
comfify collapsible colander,baseline,ratio_of_ratings,0.5
computer stickers star wars,baseline,ratio_of_ratings,0.75
conchos for saddles,baseline,ratio_of_ratings,0.8888888888888888
connector 6 pin,baseline,ratio_of_ratings,0.4
converse slip on,baseline,ratio_of_ratings,0.0
cookie monster party supplies,baseline,ratio_of_ratings,0.3333333333333333
cool slippers for men,baseline,ratio_of_ratings,0.0
cool watch under 20,baseline,ratio_of_ratings,0.0
cooling fan,baseline,ratio_of_ratings,0.1
cotton mask with filter pocket,baseline,ratio_of_ratings,0.1
couples octoberfest costume,baseline,ratio_of_ratings,0.0
cow print bedding,baseline,ratio_of_ratings,0.9
crib sheet set boys,baseline,ratio_of_ratings,0.1
cricut create,baseline,ratio_of_ratings,0.4
crkt black knife,baseline,ratio_of_ratings,0.6
cubes travel luggage organizers,baseline,ratio_of_ratings,0.1
cutting board turquoise,baseline,ratio_of_ratings,0.3333333333333333
cutting boards for kitchen dishwasher safe,baseline,ratio_of_ratings,0.1
cybling womens shoes,baseline,ratio_of_ratings,0.8333333333333334
dammit doll,baseline,ratio_of_ratings,0.9
dc action figures 6 inch,baseline,ratio_of_ratings,0.25
dc court graffik shoes womens,baseline,ratio_of_ratings,1.0
dc motor,baseline,ratio_of_ratings,0.4
death march to the parallel world rhapsody light novel,baseline,ratio_of_ratings,0.8
decorative oil bottle,baseline,ratio_of_ratings,0.1
definitely not paid enough for this,baseline,ratio_of_ratings,0.0
delonghi espresso machine,baseline,ratio_of_ratings,0.4
demon from the dark kresley cole,baseline,ratio_of_ratings,0.6666666666666666
denim accessories,baseline,ratio_of_ratings,0.3
dermaroller,baseline,ratio_of_ratings,0.2
dessa,baseline,ratio_of_ratings,0.6666666666666666
detachable phone lanyard purple,baseline,ratio_of_ratings,1.0
dial antibacterial hand soap,baseline,ratio_of_ratings,1.0
diamond dotz,baseline,ratio_of_ratings,0.5
diana gabaldon,baseline,ratio_of_ratings,0.3
dinosaur christmas shirt,baseline,ratio_of_ratings,0.5
dinosaur clothes children,baseline,ratio_of_ratings,0.1
dishes with animals on them,baseline,ratio_of_ratings,0.0
dishwasher machine,baseline,ratio_of_ratings,0.1
divoom timebox,baseline,ratio_of_ratings,1.0
dj monitor speakers,baseline,ratio_of_ratings,0.0
do not pet dog patch,baseline,ratio_of_ratings,0.5
do4u,baseline,ratio_of_ratings,1.0
dog dinosaur bone,baseline,ratio_of_ratings,0.0
dog doors for exterior doors,baseline,ratio_of_ratings,0.2857142857142857
dog sweaters for small dogs girl,baseline,ratio_of_ratings,0.0
doggie screen,baseline,ratio_of_ratings,0.14285714285714285
dokken,baseline,ratio_of_ratings,0.7
done with chemo,baseline,ratio_of_ratings,0.6
double wedding ring quilt pattern,baseline,ratio_of_ratings,1.0
drum pendant light,baseline,ratio_of_ratings,0.7
dry cell batteries,baseline,ratio_of_ratings,0.1
dry itchy skin relief for dogs,baseline,ratio_of_ratings,0.2
dual monitor docking station for laptop,baseline,ratio_of_ratings,0.3
dump truck light,baseline,ratio_of_ratings,0.2
dungeons and dragon miniatures,baseline,ratio_of_ratings,0.5
duramax sticker,baseline,ratio_of_ratings,0.75
dust cloths reusable,baseline,ratio_of_ratings,0.1
dust collectors for woodworking,baseline,ratio_of_ratings,0.0
dutch oven le creuset,baseline,ratio_of_ratings,0.4
dvd player,baseline,ratio_of_ratings,0.4
eco friendly cloth napkins,baseline,ratio_of_ratings,0.3
educational toys for 6 year olds,baseline,ratio_of_ratings,0.2
egyptian makeup,baseline,ratio_of_ratings,0.2
elephant tea mug,baseline,ratio_of_ratings,0.8
elevation training mask,baseline,ratio_of_ratings,0.9
embroidery letter patches,baseline,ratio_of_ratings,0.5
endure book,baseline,ratio_of_ratings,0.1
engraved rolling pin,baseline,ratio_of_ratings,0.7
erase pro,baseline,ratio_of_ratings,0.4
esp32 can-bus,baseline,ratio_of_ratings,0.0
evenflo bottles,baseline,ratio_of_ratings,0.7
exhaust back pressure tester,baseline,ratio_of_ratings,1.0
extension cord 10 ft usb port,baseline,ratio_of_ratings,0.0
exterior light white,baseline,ratio_of_ratings,0.4
extra large wire dog crate,baseline,ratio_of_ratings,0.0
face make for 10,baseline,ratio_of_ratings,0.1
falling skies,baseline,ratio_of_ratings,0.0
fancy feast wet cat food,baseline,ratio_of_ratings,0.1
fangs 2.0 evil teeth dental veneer,baseline,ratio_of_ratings,1.0
fedora,baseline,ratio_of_ratings,0.4
feeder baby,baseline,ratio_of_ratings,0.3
fenwick casting rod,baseline,ratio_of_ratings,0.8888888888888888
fire place,baseline,ratio_of_ratings,0.0
first man dvd,baseline,ratio_of_ratings,0.2
flannel quilt fabric,baseline,ratio_of_ratings,0.5
flash items,baseline,ratio_of_ratings,0.1
flat iron heat resistant mat,baseline,ratio_of_ratings,0.2
florida maps,baseline,ratio_of_ratings,0.8333333333333334
flower art prints,baseline,ratio_of_ratings,0.1
fluo bike. tape,baseline,ratio_of_ratings,1.0
flying disc,baseline,ratio_of_ratings,0.1
fm transmitter bluetooth for car anker,baseline,ratio_of_ratings,1.0
fob battery,baseline,ratio_of_ratings,0.5
fogless mirror for shower,baseline,ratio_of_ratings,0.3
frozen pop up adventure,baseline,ratio_of_ratings,1.0
full size kids quilt set,baseline,ratio_of_ratings,0.4
g-spot clitoral sucking vibrator,baseline,ratio_of_ratings,0.0
g6a-8e,baseline,ratio_of_ratings,1.0
gacha life,baseline,ratio_of_ratings,0.0
garden drill bit for planting,baseline,ratio_of_ratings,0.8
gasoline container 5 gallon,baseline,ratio_of_ratings,0.0
gate,baseline,ratio_of_ratings,0.0
gatorade bottle,baseline,ratio_of_ratings,0.4
gaxaly note 9 case,baseline,ratio_of_ratings,0.0
gefilte fish,baseline,ratio_of_ratings,1.0
gel grip tape clear,baseline,ratio_of_ratings,0.2
gel wet look hair,baseline,ratio_of_ratings,0.2
gh06 tripod,baseline,ratio_of_ratings,1.0
girls bible,baseline,ratio_of_ratings,0.1
girls comforter sets full,baseline,ratio_of_ratings,0.0
glass pipes for tobacco,baseline,ratio_of_ratings,0.0
glossy photo paper 4x6,baseline,ratio_of_ratings,0.7142857142857143
go pro,baseline,ratio_of_ratings,0.1
godzilla tapestry,baseline,ratio_of_ratings,1.0
goggle face shield,baseline,ratio_of_ratings,0.8
gold shirt women,baseline,ratio_of_ratings,0.0
goodthreads long sleeve slim fit,baseline,ratio_of_ratings,0.5
google chromecast,baseline,ratio_of_ratings,0.2
gopro,baseline,ratio_of_ratings,0.1
grandparents gifts,baseline,ratio_of_ratings,0.1
grapes,baseline,ratio_of_ratings,0.1
green yeti water bottle,baseline,ratio_of_ratings,0.1
grey sweater,baseline,ratio_of_ratings,0.0
gwent cards,baseline,ratio_of_ratings,0.8571428571428571
hair dye white permanent,baseline,ratio_of_ratings,0.3
hair toner,baseline,ratio_of_ratings,0.2
haka,baseline,ratio_of_ratings,0.2
halloween decorations clearance,baseline,ratio_of_ratings,0.0
halloween gown for women,baseline,ratio_of_ratings,0.0
happy 50th birthday decorations,baseline,ratio_of_ratings,0.3
happy 60th birthday stickers,baseline,ratio_of_ratings,1.0
hasbro,baseline,ratio_of_ratings,0.0
hd20 bulb optoma,baseline,ratio_of_ratings,1.0
hdmi displayport adapter,baseline,ratio_of_ratings,0.2
heavy duty wall hooks,baseline,ratio_of_ratings,0.1
heel slip pads,baseline,ratio_of_ratings,0.1
hell costume,baseline,ratio_of_ratings,0.0
hemp wick,baseline,ratio_of_ratings,0.9
henry and the kite dragon,baseline,ratio_of_ratings,1.0
hercules costume,baseline,ratio_of_ratings,0.8333333333333334
here is new york e.b. white,baseline,ratio_of_ratings,1.0
hiboy,baseline,ratio_of_ratings,0.5
high beach chairs for adults,baseline,ratio_of_ratings,0.1
high quality drone,baseline,ratio_of_ratings,0.1
hippie clothing for men,baseline,ratio_of_ratings,0.0
home gym,baseline,ratio_of_ratings,0.0
hose reel,baseline,ratio_of_ratings,0.0
hot thermos for food,baseline,ratio_of_ratings,0.2
how does a dinosaur,baseline,ratio_of_ratings,0.0
hp 250 g7,baseline,ratio_of_ratings,0.75
huawei mate 20 case,baseline,ratio_of_ratings,1.0
humidifiers diffusers,baseline,ratio_of_ratings,0.1
hydraulics pumps,baseline,ratio_of_ratings,1.0
hydro flask 32 oz,baseline,ratio_of_ratings,0.1
if lost or drunk please return to bestie,baseline,ratio_of_ratings,1.0
ignition coil,baseline,ratio_of_ratings,0.4
imaginext,baseline,ratio_of_ratings,0.0
imak compression arthritis gloves,baseline,ratio_of_ratings,0.8
ina may's guide to breastfeeding,baseline,ratio_of_ratings,1.0
inclusion dividend,baseline,ratio_of_ratings,1.0
individual hand wipes,baseline,ratio_of_ratings,0.1111111111111111
indoor driving range,baseline,ratio_of_ratings,0.5
inner pot 6 qt,baseline,ratio_of_ratings,0.3333333333333333
instant pot cooker,baseline,ratio_of_ratings,0.0
ipad 6 gen case,baseline,ratio_of_ratings,0.0
iphone 5s case,baseline,ratio_of_ratings,0.1
iphone 6 case glitter silver,baseline,ratio_of_ratings,0.5
iphone 7 case incipio,baseline,ratio_of_ratings,0.7
iphone 8 plus case with stand,baseline,ratio_of_ratings,0.1
iphone se otterbox,baseline,ratio_of_ratings,0.2
iphone xr game controller,baseline,ratio_of_ratings,0.14285714285714285
iphone xs max case for women bling,baseline,ratio_of_ratings,0.4
iphone xs max screen protector edge to edge full coverage,baseline,ratio_of_ratings,0.375
irish moss seed,baseline,ratio_of_ratings,0.16666666666666666
iron decor,baseline,ratio_of_ratings,0.1
ishi,baseline,ratio_of_ratings,1.0
italian cookies from italy,baseline,ratio_of_ratings,0.25
iwatch bands 40mm womens,baseline,ratio_of_ratings,0.0
japanese candy,baseline,ratio_of_ratings,0.4
japanese cherry blossom eau-de-parfum,baseline,ratio_of_ratings,1.0
jeep srt8,baseline,ratio_of_ratings,0.4
jim mora shirt,baseline,ratio_of_ratings,1.0
john daly poster,baseline,ratio_of_ratings,1.0
jull,baseline,ratio_of_ratings,0.0
june june hannah shirt,baseline,ratio_of_ratings,1.0
ka-bar,baseline,ratio_of_ratings,0.3
keyboard piano,baseline,ratio_of_ratings,0.3
kick buttowski,baseline,ratio_of_ratings,1.0
kid animal plates,baseline,ratio_of_ratings,0.0
kid rain boots,baseline,ratio_of_ratings,0.0
kid rings,baseline,ratio_of_ratings,0.2
kids chlorine removal shampoo,baseline,ratio_of_ratings,1.0
king bed sheets cotton,baseline,ratio_of_ratings,0.1
king comforter set,baseline,ratio_of_ratings,0.1
kino yoga books,baseline,ratio_of_ratings,1.0
kitchen faucets,baseline,ratio_of_ratings,0.1
kitchen organizer,baseline,ratio_of_ratings,0.0
kitchen rugs,baseline,ratio_of_ratings,0.1
kitchen set,baseline,ratio_of_ratings,0.4
kms hair play paste,baseline,ratio_of_ratings,0.0
kotobukiya snowtrooper,baseline,ratio_of_ratings,1.0
ks resin,baseline,ratio_of_ratings,0.0
lace front wig ombre blonde,baseline,ratio_of_ratings,0.4
ladies pull on shorts elastic waist,baseline,ratio_of_ratings,0.0
lantern old fashioned,baseline,ratio_of_ratings,0.42857142857142855
laptop 14 inch,baseline,ratio_of_ratings,0.0
laptop power adapters,baseline,ratio_of_ratings,0.0
large bracelet mold,baseline,ratio_of_ratings,1.0
large dog bed cute,baseline,ratio_of_ratings,0.0
large planters,baseline,ratio_of_ratings,0.0
laundry hamper wooden,baseline,ratio_of_ratings,0.0
led edison bulb,baseline,ratio_of_ratings,0.0
led lights strip,baseline,ratio_of_ratings,0.1
legend of zelda breath of the wild,baseline,ratio_of_ratings,0.4
lego lego movie,baseline,ratio_of_ratings,0.0
leopard stationary,baseline,ratio_of_ratings,0.6666666666666666
leotard,baseline,ratio_of_ratings,0.0
lg cx oled 65,baseline,ratio_of_ratings,0.2857142857142857
lg v20 case,baseline,ratio_of_ratings,0.2
light box tracer,baseline,ratio_of_ratings,0.6
light with switch,baseline,ratio_of_ratings,0.0
lillypad floating mat,baseline,ratio_of_ratings,0.8333333333333334
lipoic acid,baseline,ratio_of_ratings,0.6
lock,baseline,ratio_of_ratings,0.1
logitech headset,baseline,ratio_of_ratings,0.2
logitech wireless keyboard,baseline,ratio_of_ratings,0.4
long crochet hooks,baseline,ratio_of_ratings,0.9
long sleeve dresses for girl kids,baseline,ratio_of_ratings,0.0
long sleeve t shirt women,baseline,ratio_of_ratings,0.0
long workout tank tops for women loose fit,baseline,ratio_of_ratings,0.7
lp-e17 watson,baseline,ratio_of_ratings,1.0
luigi costume kids,baseline,ratio_of_ratings,0.3333333333333333
lunch backpack,baseline,ratio_of_ratings,0.1
lunch ice pack,baseline,ratio_of_ratings,0.2
ma,baseline,ratio_of_ratings,0.1
macbook charger repair,baseline,ratio_of_ratings,0.0
madame x,baseline,ratio_of_ratings,0.9
magic bullet replacement rubber,baseline,ratio_of_ratings,0.7142857142857143
mailbox with locks with keys,baseline,ratio_of_ratings,0.0
make america great again hat,baseline,ratio_of_ratings,0.2
makeup organizer drawers,baseline,ratio_of_ratings,0.2
male sex toys,baseline,ratio_of_ratings,0.0
mark the shark book,baseline,ratio_of_ratings,0.0
marker tip pens,baseline,ratio_of_ratings,0.1
marshmello costume,baseline,ratio_of_ratings,0.0
mary meyer baby mat,baseline,ratio_of_ratings,1.0
massage gaming chair,baseline,ratio_of_ratings,0.5
mastectomy pillow,baseline,ratio_of_ratings,0.5
math flash cards 4th grade,baseline,ratio_of_ratings,0.8
mcgraw hill medical spanish,baseline,ratio_of_ratings,1.0
meat saw electric,baseline,ratio_of_ratings,0.4
medical wipes,baseline,ratio_of_ratings,0.1
melissa and doug puzzles,baseline,ratio_of_ratings,0.4
melting pot,baseline,ratio_of_ratings,0.3
men plaid pants slim fit,baseline,ratio_of_ratings,0.6
men shoes athletic basketball,baseline,ratio_of_ratings,0.0
men's elastic waist pants,baseline,ratio_of_ratings,0.1
men's skechers,baseline,ratio_of_ratings,0.0
mens black wallet trifold,baseline,ratio_of_ratings,0.6
mens hoodies buffalo,baseline,ratio_of_ratings,0.0
mens nikes shoes,baseline,ratio_of_ratings,0.0
mens pocket square,baseline,ratio_of_ratings,0.0
metal puzzles brain teasers,baseline,ratio_of_ratings,0.3
mexican dish,baseline,ratio_of_ratings,0.0
michael scott sequin pillow covers,baseline,ratio_of_ratings,0.25
mickey baby costume,baseline,ratio_of_ratings,0.6
microphone headset podcast,baseline,ratio_of_ratings,0.2
microsoft surface,baseline,ratio_of_ratings,0.3
milwaukee drills,baseline,ratio_of_ratings,0.0
minnie iphone x case,baseline,ratio_of_ratings,0.7777777777777778
mirrolure suspending twitchbait,baseline,ratio_of_ratings,1.0
mirror tv,baseline,ratio_of_ratings,0.3
misswig synthetic curly wig,baseline,ratio_of_ratings,1.0
mobile magnet antenna mount bnc,baseline,ratio_of_ratings,1.0
moisture socks,baseline,ratio_of_ratings,0.0
molding,baseline,ratio_of_ratings,0.1
mosquito patches,baseline,ratio_of_ratings,1.0
mother's ring,baseline,ratio_of_ratings,0.2
motorcycle helmet with sun visor,baseline,ratio_of_ratings,0.2
mouse pad red lightning,baseline,ratio_of_ratings,1.0
multi surface cleaner,baseline,ratio_of_ratings,0.1
mummy decor,baseline,ratio_of_ratings,0.5
mushroom table,baseline,ratio_of_ratings,0.7
mustard tops for women,baseline,ratio_of_ratings,0.0
my baby registry,baseline,ratio_of_ratings,0.0
n95 not kn95 masks,baseline,ratio_of_ratings,0.2222222222222222
nail grinder,baseline,ratio_of_ratings,0.0
nail polish & decoration products,baseline,ratio_of_ratings,0.0
nail tips,baseline,ratio_of_ratings,0.3
name necklace personalized rose gold,baseline,ratio_of_ratings,0.5
native deodorant for men,baseline,ratio_of_ratings,0.2
natural millet,baseline,ratio_of_ratings,0.8
natural odor eliminator,baseline,ratio_of_ratings,0.0
navistar international,baseline,ratio_of_ratings,1.0
neck cream,baseline,ratio_of_ratings,0.3
nerf all guns,baseline,ratio_of_ratings,0.0
neutrogena spray sunscreen 100,baseline,ratio_of_ratings,1.0
night light,baseline,ratio_of_ratings,0.0
nightmare before christmas sally dress,baseline,ratio_of_ratings,0.5
nike pants men,baseline,ratio_of_ratings,0.0
nike pullover hoodie men,baseline,ratio_of_ratings,0.3
nike socks unisex,baseline,ratio_of_ratings,0.2
ninja maker594,baseline,ratio_of_ratings,1.0
note 10+ camera protector,baseline,ratio_of_ratings,0.8
note10,baseline,ratio_of_ratings,0.0
number memory game,baseline,ratio_of_ratings,0.1
nutcracker,baseline,ratio_of_ratings,0.6
office pens,baseline,ratio_of_ratings,0.0
oil free face moisturizer,baseline,ratio_of_ratings,0.2
one protein bars,baseline,ratio_of_ratings,0.4
onesies for women,baseline,ratio_of_ratings,0.0
oodies,baseline,ratio_of_ratings,1.0
oranges,baseline,ratio_of_ratings,0.3
origins grapefruit body wash,baseline,ratio_of_ratings,0.0
outdoor baby swing,baseline,ratio_of_ratings,0.2
outdoor furniture bistro sets,baseline,ratio_of_ratings,0.1
outdoor rugs for patios,baseline,ratio_of_ratings,0.0
outdoor wall covering,baseline,ratio_of_ratings,0.0
outlet cover,baseline,ratio_of_ratings,0.2
oval tablecloth,baseline,ratio_of_ratings,0.2
over the door mirror,baseline,ratio_of_ratings,0.6
over the shoulder wallet,baseline,ratio_of_ratings,0.0
overland gear,baseline,ratio_of_ratings,0.4
owl banner,baseline,ratio_of_ratings,0.7777777777777778
oxford studies in digital politics,baseline,ratio_of_ratings,1.0
pack of scarfs for women,baseline,ratio_of_ratings,0.0
pagan stickers,baseline,ratio_of_ratings,1.0
pajamas for girls,baseline,ratio_of_ratings,0.0
pajamas women,baseline,ratio_of_ratings,0.0
panasonic th-42pz700u,baseline,ratio_of_ratings,1.0
panthers phone case,baseline,ratio_of_ratings,0.75
paperwhite kindle,baseline,ratio_of_ratings,0.0
parasite books,baseline,ratio_of_ratings,1.0
party dress 4t,baseline,ratio_of_ratings,0.2
patrin,baseline,ratio_of_ratings,1.0
pebeo vitrail,baseline,ratio_of_ratings,1.0
pei 3d printer sheet,baseline,ratio_of_ratings,1.0
pentair pentek big blue,baseline,ratio_of_ratings,0.7
people magazine home time,baseline,ratio_of_ratings,0.0
percussion massager,baseline,ratio_of_ratings,0.1
perfume saint laurent,baseline,ratio_of_ratings,0.25
petite dressy spandex pants,baseline,ratio_of_ratings,0.2
pflueger president spinning reel,baseline,ratio_of_ratings,0.875
phillips norelco replacement blades,baseline,ratio_of_ratings,0.6666666666666666
phone case for an lg,baseline,ratio_of_ratings,0.1
pink lunch box,baseline,ratio_of_ratings,0.4
pink toothpicks for appetizers,baseline,ratio_of_ratings,0.6
pioneer woman cookware,baseline,ratio_of_ratings,1.0
pj robe kids,baseline,ratio_of_ratings,0.0
plague doctor mask,baseline,ratio_of_ratings,0.7
plasti dip,baseline,ratio_of_ratings,0.5
play kitchen for toddlers accessories,baseline,ratio_of_ratings,0.0
plug in room fresheners for home,baseline,ratio_of_ratings,0.0
pocket folders with brads,baseline,ratio_of_ratings,0.0
pokemon super mystery dungeon 3ds,baseline,ratio_of_ratings,1.0
porcelain figurines collectibles,baseline,ratio_of_ratings,0.0
portable cologne sprayer,baseline,ratio_of_ratings,0.5714285714285714
portable lint remover,baseline,ratio_of_ratings,0.8
powder coat paint,baseline,ratio_of_ratings,0.3
power steering low pressure return line,baseline,ratio_of_ratings,1.0
princess accesories,baseline,ratio_of_ratings,0.0
princess leia costume women,baseline,ratio_of_ratings,1.0
protector lg q7,baseline,ratio_of_ratings,0.5
ps4 console,baseline,ratio_of_ratings,0.0
ps4 joystick controller,baseline,ratio_of_ratings,0.0
pumping backpack,baseline,ratio_of_ratings,0.3
pure dhea 25mg,baseline,ratio_of_ratings,1.0
pure wave massager,baseline,ratio_of_ratings,0.6666666666666666
purity products,baseline,ratio_of_ratings,1.0
purple silicone spatula,baseline,ratio_of_ratings,0.7
push up handles for floor rotating,baseline,ratio_of_ratings,0.8333333333333334
queen size blanket cover,baseline,ratio_of_ratings,0.1
quick read digital thermometer,baseline,ratio_of_ratings,0.7
rabbit drinking bottle,baseline,ratio_of_ratings,0.6666666666666666
rae dunn christmas mug,baseline,ratio_of_ratings,0.5
rainbow loom bands,baseline,ratio_of_ratings,0.1
rc transmitter and receiver,baseline,ratio_of_ratings,0.5
read it yourself,baseline,ratio_of_ratings,0.2
real rose petals,baseline,ratio_of_ratings,0.6
rebel eos t3 macro lens,baseline,ratio_of_ratings,0.3333333333333333
red casual dress,baseline,ratio_of_ratings,0.2
red cedar log yearbook,baseline,ratio_of_ratings,1.0
red hair color permanent,baseline,ratio_of_ratings,0.0
red led 12v,baseline,ratio_of_ratings,0.1
red worms live,baseline,ratio_of_ratings,0.7
removable stove top cover,baseline,ratio_of_ratings,0.0
renaiss oil painting,baseline,ratio_of_ratings,1.0
renewed,baseline,ratio_of_ratings,0.0
respirator mask dust,baseline,ratio_of_ratings,0.0
retirement party decorations for women,baseline,ratio_of_ratings,0.7
retractable screen doors,baseline,ratio_of_ratings,0.2
reusable produce bags,baseline,ratio_of_ratings,0.1
reusable water bottles bpa free 16 oz,baseline,ratio_of_ratings,0.4
ribeye steaks,baseline,ratio_of_ratings,0.4
rice seasoning,baseline,ratio_of_ratings,0.7
ride on tractor,baseline,ratio_of_ratings,0.3
rilakkuma lanyard,baseline,ratio_of_ratings,1.0
ring light for iphone,baseline,ratio_of_ratings,0.3
ripped capris for women plus size,baseline,ratio_of_ratings,0.2
robert plant,baseline,ratio_of_ratings,0.3333333333333333
rolling organizer,baseline,ratio_of_ratings,0.1
root touch up blonde ),baseline,ratio_of_ratings,0.2
rope skipping without rope,baseline,ratio_of_ratings,0.8
royal blue striped shirt women,baseline,ratio_of_ratings,0.0
rubber grommet plugs,baseline,ratio_of_ratings,0.0
rudin by ivan turgenev,baseline,ratio_of_ratings,1.0
rug sets 3 piece with runner,baseline,ratio_of_ratings,0.0
s8,baseline,ratio_of_ratings,0.0
sa bodywash,baseline,ratio_of_ratings,0.0
sagittarius,baseline,ratio_of_ratings,0.3
sailor moon choker,baseline,ratio_of_ratings,0.0
samsung 9 case,baseline,ratio_of_ratings,0.0
samsung fridge water filter rf24fsedbsr,baseline,ratio_of_ratings,0.5
samsung galaxy s9 charger fast charging,baseline,ratio_of_ratings,0.1
samsung watch protector 40mm,baseline,ratio_of_ratings,0.4
sandbox truck,baseline,ratio_of_ratings,0.4
santa wrapping paper,baseline,ratio_of_ratings,0.3
satanic hoodie,baseline,ratio_of_ratings,1.0
sawgrass ink,baseline,ratio_of_ratings,1.0
scales digital weight food,baseline,ratio_of_ratings,0.0
scallops,baseline,ratio_of_ratings,0.3
scoutmaster minutes,baseline,ratio_of_ratings,1.0
screw kit,baseline,ratio_of_ratings,0.1
se seat clamp,baseline,ratio_of_ratings,0.3333333333333333
sea life camera,baseline,ratio_of_ratings,0.0
seanan mcguire,baseline,ratio_of_ratings,0.9
security camera hd,baseline,ratio_of_ratings,0.0
shampoo buddy,baseline,ratio_of_ratings,0.5
shams,baseline,ratio_of_ratings,0.2
shazam,baseline,ratio_of_ratings,0.5
shea moisture body wash,baseline,ratio_of_ratings,0.7
shilajit honey,baseline,ratio_of_ratings,0.8
shiny car decal,baseline,ratio_of_ratings,0.125
shirt pins for women,baseline,ratio_of_ratings,0.5
shoe s,baseline,ratio_of_ratings,0.0
shoes with wheels for boys,baseline,ratio_of_ratings,0.1
shop air filtration system,baseline,ratio_of_ratings,0.3333333333333333
shoyo drink,baseline,ratio_of_ratings,1.0
shredders for home,baseline,ratio_of_ratings,0.14285714285714285
signal booster band 12,baseline,ratio_of_ratings,0.2
silk flowers,baseline,ratio_of_ratings,0.0
silk sweaters for petite women,baseline,ratio_of_ratings,0.0
similac milk,baseline,ratio_of_ratings,0.6
simple womens halloween costumes,baseline,ratio_of_ratings,0.0
size 15 knitting needles,baseline,ratio_of_ratings,0.6
size 6 diapers,baseline,ratio_of_ratings,0.5
sketch book binder,baseline,ratio_of_ratings,0.0
skywatcher dobsonian 8,baseline,ratio_of_ratings,1.0
slim leg straight cut jeans,baseline,ratio_of_ratings,0.0
sling backpack purse for women kavu,baseline,ratio_of_ratings,0.0
slots organizer,baseline,ratio_of_ratings,0.2
small 2 tier bookshelf,baseline,ratio_of_ratings,0.2222222222222222
small dog collars with bling,baseline,ratio_of_ratings,0.5
small pet wood ladder,baseline,ratio_of_ratings,0.3
small plastic storage cubes,baseline,ratio_of_ratings,0.1
"smart watch color women, men black",baseline,ratio_of_ratings,0.1
smie,baseline,ratio_of_ratings,1.0
sml,baseline,ratio_of_ratings,0.1
snacks,baseline,ratio_of_ratings,0.0
snow and rain boots for women,baseline,ratio_of_ratings,0.1
snowflake necklace,baseline,ratio_of_ratings,0.7
sofa cover for dogs,baseline,ratio_of_ratings,0.1
sog fixed blade knives with sheath,baseline,ratio_of_ratings,0.6666666666666666
solar christmas tree,baseline,ratio_of_ratings,0.1
sony xperia l1 case,baseline,ratio_of_ratings,1.0
sound bars for tv,baseline,ratio_of_ratings,0.2
spider crop top,baseline,ratio_of_ratings,1.0
spinnypins,baseline,ratio_of_ratings,1.0
split monitor adapter for computer,baseline,ratio_of_ratings,0.0
splitter cable for headset,baseline,ratio_of_ratings,0.5
st patricks day door decoration,baseline,ratio_of_ratings,0.5
stanley thermos,baseline,ratio_of_ratings,0.8
star wars edge of the empire,baseline,ratio_of_ratings,1.0
star wars imperial star destroyer,baseline,ratio_of_ratings,0.6666666666666666
stihl ms200,baseline,ratio_of_ratings,1.0
stocking holder,baseline,ratio_of_ratings,0.3
story grid,baseline,ratio_of_ratings,0.6
straight crochet hair,baseline,ratio_of_ratings,0.4
strawberry sweater,baseline,ratio_of_ratings,0.6
stuart woods the short forever,baseline,ratio_of_ratings,1.0
suction cup holder for desk,baseline,ratio_of_ratings,0.375
sundiata,baseline,ratio_of_ratings,1.0
sunflower blue hair wreath,baseline,ratio_of_ratings,1.0
survival kit,baseline,ratio_of_ratings,0.3
swim caps for women swimming waterproof,baseline,ratio_of_ratings,0.9
t,baseline,ratio_of_ratings,0.0
tab a case,baseline,ratio_of_ratings,0.1
table board reversible cutting board,baseline,ratio_of_ratings,0.3
table lamp designed,baseline,ratio_of_ratings,0.1
tablet,baseline,ratio_of_ratings,0.2
tacks for upholstery,baseline,ratio_of_ratings,0.9
tazo iced tea,baseline,ratio_of_ratings,0.7
teamsters,baseline,ratio_of_ratings,0.8
teenage girl gifts,baseline,ratio_of_ratings,0.0
teriyaki sauce,baseline,ratio_of_ratings,0.0
thank you note cards without envelopes,baseline,ratio_of_ratings,0.5
the big easy,baseline,ratio_of_ratings,0.5
the female of the species,baseline,ratio_of_ratings,0.6
the manor house murder,baseline,ratio_of_ratings,0.6
the school of greatness by lewis howes,baseline,ratio_of_ratings,1.0
the taking of deborah logan,baseline,ratio_of_ratings,0.4
through wall heat and a/c,baseline,ratio_of_ratings,0.0
tik tok led lights,baseline,ratio_of_ratings,0.0
timberland for women,baseline,ratio_of_ratings,0.0
tinting wrap tools,baseline,ratio_of_ratings,0.2
to son from dad,baseline,ratio_of_ratings,0.2
tool lp,baseline,ratio_of_ratings,0.3
tooth grinding,baseline,ratio_of_ratings,0.0
top gear,baseline,ratio_of_ratings,0.2
touch free soap dispenser,baseline,ratio_of_ratings,0.7
towels bathroom sets clearance prime,baseline,ratio_of_ratings,0.0
toy grill set for boys,baseline,ratio_of_ratings,0.2
translator without internet,baseline,ratio_of_ratings,1.0
trash cans for office,baseline,ratio_of_ratings,0.0
travel cord roll,baseline,ratio_of_ratings,0.3333333333333333
troika: a communicative approach,baseline,ratio_of_ratings,1.0
troll dolls,baseline,ratio_of_ratings,0.6666666666666666
trooper bandana shoe,baseline,ratio_of_ratings,1.0
turmeric extract,baseline,ratio_of_ratings,0.3
turquoise blue dress,baseline,ratio_of_ratings,0.5
tutu skirt for baby girl,baseline,ratio_of_ratings,0.0
tutus for women,baseline,ratio_of_ratings,0.1
twin xl comforter for college girls,baseline,ratio_of_ratings,0.0
ubbi diaper pail,baseline,ratio_of_ratings,0.5
under armour,baseline,ratio_of_ratings,0.0
under armour rock project,baseline,ratio_of_ratings,0.6
under counter lighting,baseline,ratio_of_ratings,0.1
unlocked pixel 3,baseline,ratio_of_ratings,0.2
unlocked samsung galaxy s9 plus,baseline,ratio_of_ratings,0.5
urns for human ashes,baseline,ratio_of_ratings,0.3
ursa major,baseline,ratio_of_ratings,0.9
usb extension cord,baseline,ratio_of_ratings,0.0
uv filter 49mm,baseline,ratio_of_ratings,0.9
valenties,baseline,ratio_of_ratings,0.7777777777777778
valentines gifts for him,baseline,ratio_of_ratings,0.0
vcr dvd combo,baseline,ratio_of_ratings,0.6
vegan protein powder,baseline,ratio_of_ratings,0.1
velvet dresses for women,baseline,ratio_of_ratings,0.1
vest zipper women,baseline,ratio_of_ratings,0.4
victor mouse trap,baseline,ratio_of_ratings,0.6
video games,baseline,ratio_of_ratings,0.1
vintage veil hat,baseline,ratio_of_ratings,0.5
vinyl coated weights 10 lb,baseline,ratio_of_ratings,0.4
vinyl records,baseline,ratio_of_ratings,0.0
vocabulary builder,baseline,ratio_of_ratings,0.3
voda reve,baseline,ratio_of_ratings,1.0
volt lighting transformer,baseline,ratio_of_ratings,0.4
vortrak,baseline,ratio_of_ratings,1.0
voss,baseline,ratio_of_ratings,0.4
wahl finale,baseline,ratio_of_ratings,0.75
walk on red sole paint,baseline,ratio_of_ratings,1.0
wall lights bedroom,baseline,ratio_of_ratings,0.1
wall mounted wooden spice storage rack,baseline,ratio_of_ratings,0.0
wallniture,baseline,ratio_of_ratings,0.4
water pills sundown,baseline,ratio_of_ratings,0.875
waterproof limit switch,baseline,ratio_of_ratings,0.6
waxing strips for men,baseline,ratio_of_ratings,0.6
wd purple 8tb,baseline,ratio_of_ratings,0.6666666666666666
we could've finished last without you,baseline,ratio_of_ratings,1.0
weber grill cover,baseline,ratio_of_ratings,0.3
weighted blanket without beads,baseline,ratio_of_ratings,0.2
wella 7r 810,baseline,ratio_of_ratings,1.0
wheelchair for adults,baseline,ratio_of_ratings,0.1
white booties,baseline,ratio_of_ratings,0.4
white collar long sleeve shirt women,baseline,ratio_of_ratings,0.0
white messenger bag,baseline,ratio_of_ratings,0.2
white platform bed frame queen,baseline,ratio_of_ratings,0.1
white spandex shorts under dresses,baseline,ratio_of_ratings,0.0
white strobe lights,baseline,ratio_of_ratings,0.1
wifi siren alarm,baseline,ratio_of_ratings,0.3
window plant holder outdoor,baseline,ratio_of_ratings,0.2
windows 10 for dummies,baseline,ratio_of_ratings,0.8333333333333334
windproof lighter rechargeable flexible,baseline,ratio_of_ratings,0.6
winter cycling shoe covers,baseline,ratio_of_ratings,0.8
winter jacket,baseline,ratio_of_ratings,0.0
wireless keyboard mouse combo,baseline,ratio_of_ratings,0.3
womans wallet,baseline,ratio_of_ratings,0.0
women cardigan,baseline,ratio_of_ratings,0.0
women strapless bathing suit,baseline,ratio_of_ratings,0.1
women zip up hoodie,baseline,ratio_of_ratings,0.0
women's crop-top letter printed sweatshirt usa,baseline,ratio_of_ratings,1.0
women's running socks,baseline,ratio_of_ratings,0.4
womens 3/4 sleeve tops and blouses,baseline,ratio_of_ratings,0.1
womens open front hoodie,baseline,ratio_of_ratings,0.1
womens sexy xl shirt,baseline,ratio_of_ratings,0.1
womens summer hat,baseline,ratio_of_ratings,0.1
womens swimsuits plus size two piece,baseline,ratio_of_ratings,0.0
wood shelves wall mounted,baseline,ratio_of_ratings,0.0
wooden gifts for men,baseline,ratio_of_ratings,0.0
wooden stool,baseline,ratio_of_ratings,0.0
wooden suit hangers for men,baseline,ratio_of_ratings,0.4
word wall letters,baseline,ratio_of_ratings,0.1
work pants for women office plus size,baseline,ratio_of_ratings,0.0
wrench arborist,baseline,ratio_of_ratings,1.0
wrestling shoes,baseline,ratio_of_ratings,0.2
wrist compression brace,baseline,ratio_of_ratings,0.2
wristlet crossbody anti theft,baseline,ratio_of_ratings,0.2222222222222222
wusthof knife set without block,baseline,ratio_of_ratings,1.0
xbox one compatible keyboard and mouse combo,baseline,ratio_of_ratings,0.42857142857142855
xlr splitter 2 female 1 male,baseline,ratio_of_ratings,1.0
yamaha psr ew410,baseline,ratio_of_ratings,1.0
yogi tea stomach ease,baseline,ratio_of_ratings,0.6666666666666666
yongnuo led,baseline,ratio_of_ratings,0.9
youtu,baseline,ratio_of_ratings,0.0
zinc liquid supplement,baseline,ratio_of_ratings,0.4
zoom eyepiece for telescope,baseline,ratio_of_ratings,0.7
zumba shoes,baseline,ratio_of_ratings,0.2
zyrtec,baseline,ratio_of_ratings,0.4
